{"files": {"games/NES/Palettes/Composite.pal": {"hash": "da45e46ae90c101f8c21405a90c0ea7e", "size": 192, "tags": [0, 18, 19], "zip_id": "nes_palettes"}, "games/NES/Palettes/Console & PC/CGA.pal": {"hash": "959006f92e3de45fddb287e8994d3a72", "size": 768, "tags": [0, 18, 19], "zip_id": "nes_palettes"}, "games/NES/Palettes/Console & PC/Commodore 64.pal": {"hash": "9cb5fde4d32036e928152b62fcd975e6", "size": 768, "tags": [0, 18, 19], "zip_id": "nes_palettes"}, "games/NES/Palettes/Console & PC/EGA-Color Ramps.pal": {"hash": "fc4b464e77408f870b5a51ed826a7edd", "size": 768, "tags": [0, 18, 19], "zip_id": "nes_palettes"}, "games/NES/Palettes/Console & PC/Game Boy (Alt A).pal": {"hash": "2baad28b972d01d64b7a6bb43052211b", "size": 192, "tags": [0, 18, 19], "zip_id": "nes_palettes"}, "games/NES/Palettes/Console & PC/Game Boy (Alt B).pal": {"hash": "17176d535c4f0fcc5ea2cf6a7db32035", "size": 192, "tags": [0, 18, 19], "zip_id": "nes_palettes"}, "games/NES/Palettes/Console & PC/Game Boy (Alt C).pal": {"hash": "83d39971ffa62cd5a2101a67314577a2", "size": 192, "tags": [0, 18, 19], "zip_id": "nes_palettes"}, "games/NES/Palettes/Console & PC/Game Boy.pal": {"hash": "556f9073e2376937b1c326be8933f412", "size": 192, "tags": [0, 18, 19], "zip_id": "nes_palettes"}, "games/NES/Palettes/Console & PC/MSX.pal": {"hash": "d232991798a4fd7ce875b4bf6aa98139", "size": 192, "tags": [0, 18, 19], "zip_id": "nes_palettes"}, "games/NES/Palettes/Console & PC/Master System.pal": {"hash": "465defb457679a06db49e6d4445a999c", "size": 192, "tags": [0, 18, 19], "zip_id": "nes_palettes"}, "games/NES/Palettes/Console & PC/Super Gameboy/1-A.pal": {"hash": "74423a5e64e40d398c641bf4af7c24cb", "size": 192, "tags": [0, 18, 19], "zip_id": "nes_palettes"}, "games/NES/Palettes/Console & PC/Super Gameboy/1-B.pal": {"hash": "e5b783bd66f1bb0b3befcac506e8cf14", "size": 192, "tags": [0, 18, 19], "zip_id": "nes_palettes"}, "games/NES/Palettes/Console & PC/Super Gameboy/1-C.pal": {"hash": "4224243a0835b2a15ebab111ef452183", "size": 192, "tags": [0, 18, 19], "zip_id": "nes_palettes"}, "games/NES/Palettes/Console & PC/Super Gameboy/1-D.pal": {"hash": "19aab0f0031bb62c94b0ff4e4a508fde", "size": 192, "tags": [0, 18, 19], "zip_id": "nes_palettes"}, "games/NES/Palettes/Console & PC/Super Gameboy/1-E.pal": {"hash": "d85ff0452fe636c061155796a95ee53f", "size": 192, "tags": [0, 18, 19], "zip_id": "nes_palettes"}, "games/NES/Palettes/Console & PC/Super Gameboy/1-F.pal": {"hash": "eb46420541c95846e6bb1a9b384d1be1", "size": 192, "tags": [0, 18, 19], "zip_id": "nes_palettes"}, "games/NES/Palettes/Console & PC/Super Gameboy/1-G.pal": {"hash": "c1b1b5f01e094d2df0b67e1899ea0eaf", "size": 192, "tags": [0, 18, 19], "zip_id": "nes_palettes"}, "games/NES/Palettes/Console & PC/Super Gameboy/1-H.pal": {"hash": "05727cd7c39fcd408d1c9c61e59a03dc", "size": 192, "tags": [0, 18, 19], "zip_id": "nes_palettes"}, "games/NES/Palettes/Console & PC/Super Gameboy/2-A.pal": {"hash": "218bbbcbd1e80671bdd9b84978dd4f0b", "size": 192, "tags": [0, 18, 19], "zip_id": "nes_palettes"}, "games/NES/Palettes/Console & PC/Super Gameboy/2-B.pal": {"hash": "e5f521c632111555f4a308795403b019", "size": 192, "tags": [0, 18, 19], "zip_id": "nes_palettes"}, "games/NES/Palettes/Console & PC/Super Gameboy/2-C.pal": {"hash": "467bd923faf5819c56bab991f766f9bd", "size": 192, "tags": [0, 18, 19], "zip_id": "nes_palettes"}, "games/NES/Palettes/Console & PC/Super Gameboy/2-D.pal": {"hash": "85821dd16e94604e9761468ec5a25b88", "size": 192, "tags": [0, 18, 19], "zip_id": "nes_palettes"}, "games/NES/Palettes/Console & PC/Super Gameboy/2-E.pal": {"hash": "430ea915ecacdd346f55ad994fca4c56", "size": 192, "tags": [0, 18, 19], "zip_id": "nes_palettes"}, "games/NES/Palettes/Console & PC/Super Gameboy/2-F.pal": {"hash": "b57af33b58409ca73980612d2ac95e48", "size": 192, "tags": [0, 18, 19], "zip_id": "nes_palettes"}, "games/NES/Palettes/Console & PC/Super Gameboy/2-G.pal": {"hash": "cec317e4a414e5544546c2482d3d3b0f", "size": 192, "tags": [0, 18, 19], "zip_id": "nes_palettes"}, "games/NES/Palettes/Console & PC/Super Gameboy/2-H.pal": {"hash": "48269c01ca0f0f1002325fdb15d6f1a6", "size": 192, "tags": [0, 18, 19], "zip_id": "nes_palettes"}, "games/NES/Palettes/Console & PC/Super Gameboy/3-A.pal": {"hash": "3b2df2a8af3720665b4577576fa10187", "size": 192, "tags": [0, 18, 19], "zip_id": "nes_palettes"}, "games/NES/Palettes/Console & PC/Super Gameboy/3-B.pal": {"hash": "8d51ec66cdab7aa10e6e966ffadfefc7", "size": 192, "tags": [0, 18, 19], "zip_id": "nes_palettes"}, "games/NES/Palettes/Console & PC/Super Gameboy/3-C.pal": {"hash": "7a2352933c91bd8acf0817e30de7b99a", "size": 192, "tags": [0, 18, 19], "zip_id": "nes_palettes"}, "games/NES/Palettes/Console & PC/Super Gameboy/3-D.pal": {"hash": "c8c7c5322621d03cec46bf6597a0ad0e", "size": 192, "tags": [0, 18, 19], "zip_id": "nes_palettes"}, "games/NES/Palettes/Console & PC/Super Gameboy/3-E.pal": {"hash": "2013f23574328482c777199ff1f778a1", "size": 192, "tags": [0, 18, 19], "zip_id": "nes_palettes"}, "games/NES/Palettes/Console & PC/Super Gameboy/3-F.pal": {"hash": "19d41c1b980cfffbc0d18f380382aeae", "size": 192, "tags": [0, 18, 19], "zip_id": "nes_palettes"}, "games/NES/Palettes/Console & PC/Super Gameboy/3-G.pal": {"hash": "c6dd89bb7afde29b674b40545ea1ff2d", "size": 192, "tags": [0, 18, 19], "zip_id": "nes_palettes"}, "games/NES/Palettes/Console & PC/Super Gameboy/3-H.pal": {"hash": "d9a523ee2d683c027f03f5e38a134dc3", "size": 192, "tags": [0, 18, 19], "zip_id": "nes_palettes"}, "games/NES/Palettes/Console & PC/Super Gameboy/4-A.pal": {"hash": "430faac9a20f9443cb52db775d455e1b", "size": 192, "tags": [0, 18, 19], "zip_id": "nes_palettes"}, "games/NES/Palettes/Console & PC/Super Gameboy/4-B.pal": {"hash": "545bbcfb94628763e05d73f3742af989", "size": 192, "tags": [0, 18, 19], "zip_id": "nes_palettes"}, "games/NES/Palettes/Console & PC/Super Gameboy/4-C.pal": {"hash": "6f4b0f95edaaeb83212891c304266264", "size": 192, "tags": [0, 18, 19], "zip_id": "nes_palettes"}, "games/NES/Palettes/Console & PC/Super Gameboy/4-D.pal": {"hash": "0d29427f1434171d810a0a4fbca8f3e8", "size": 192, "tags": [0, 18, 19], "zip_id": "nes_palettes"}, "games/NES/Palettes/Console & PC/Super Gameboy/4-E.pal": {"hash": "a23f6bb268d9ad1fd05f691d687fb8c2", "size": 192, "tags": [0, 18, 19], "zip_id": "nes_palettes"}, "games/NES/Palettes/Console & PC/Super Gameboy/4-F.pal": {"hash": "85bb4dc909ea61e659bccbfa33ba60e6", "size": 192, "tags": [0, 18, 19], "zip_id": "nes_palettes"}, "games/NES/Palettes/Console & PC/Super Gameboy/4-G.pal": {"hash": "97a3ca279748cf91ac6fdde7f141a2f5", "size": 192, "tags": [0, 18, 19], "zip_id": "nes_palettes"}, "games/NES/Palettes/Console & PC/Super Gameboy/4-H.pal": {"hash": "1c496aacb661836eeb511ad428282782", "size": 192, "tags": [0, 18, 19], "zip_id": "nes_palettes"}, "games/NES/Palettes/Console & PC/Super Gameboy/Alternate/Custom 1 (Alt).pal": {"hash": "405efc1369fa82d7f7b6c26c419c08c2", "size": 192, "tags": [0, 18, 19], "zip_id": "nes_palettes"}, "games/NES/Palettes/Console & PC/Super Gameboy/Alternate/Custom 1 (Alt2).pal": {"hash": "43a8fd36b567d34171aac76f9bc65d26", "size": 192, "tags": [0, 18, 19], "zip_id": "nes_palettes"}, "games/NES/Palettes/Console & PC/Super Gameboy/Alternate/Custom 1 (Alt3).pal": {"hash": "81769331c6344f950dd0ee43b14a1aec", "size": 192, "tags": [0, 18, 19], "zip_id": "nes_palettes"}, "games/NES/Palettes/Console & PC/Super Gameboy/Alternate/Super Gameboy (1-A) (Alt).pal": {"hash": "237d4d52e890268ea1b3eaa6777ca03c", "size": 192, "tags": [0, 18, 19], "zip_id": "nes_palettes"}, "games/NES/Palettes/Console & PC/Super Gameboy/Alternate/Super Gameboy (1-A) (Alt2).pal": {"hash": "05215e3bbd95da513130d752fc4c8021", "size": 192, "tags": [0, 18, 19], "zip_id": "nes_palettes"}, "games/NES/Palettes/Console & PC/Super Gameboy/Alternate/Super Gameboy (1-A) (Alt3).pal": {"hash": "c9dab80446544ab712006cd0bbfa5179", "size": 192, "tags": [0, 18, 19], "zip_id": "nes_palettes"}, "games/NES/Palettes/Console & PC/Super Gameboy/Alternate/Super Gameboy (1-B) (Alt).pal": {"hash": "d3f0d9aa30b4bb21ca9b490e1b748395", "size": 192, "tags": [0, 18, 19], "zip_id": "nes_palettes"}, "games/NES/Palettes/Console & PC/Super Gameboy/Alternate/Super Gameboy (1-B) (Alt2).pal": {"hash": "70087c636a12e7a26cca3cb26d90614a", "size": 192, "tags": [0, 18, 19], "zip_id": "nes_palettes"}, "games/NES/Palettes/Console & PC/Super Gameboy/Alternate/Super Gameboy (1-B) (Alt3).pal": {"hash": "1a04848633734f7af11b8f38ca061d07", "size": 192, "tags": [0, 18, 19], "zip_id": "nes_palettes"}, "games/NES/Palettes/Console & PC/Super Gameboy/Alternate/Super Gameboy (1-G) (Alt).pal": {"hash": "26ea99746b2397d2037ecb1e8880253d", "size": 192, "tags": [0, 18, 19], "zip_id": "nes_palettes"}, "games/NES/Palettes/Console & PC/Super Gameboy/Alternate/Super Gameboy (1-G) (Alt2).pal": {"hash": "5ca4f1d8a0db6972eb4442d8ae9234e8", "size": 192, "tags": [0, 18, 19], "zip_id": "nes_palettes"}, "games/NES/Palettes/Console & PC/Super Gameboy/Alternate/Super Gameboy (1-G) (Alt3).pal": {"hash": "871c83b68f2d23dc1947f07a4568befe", "size": 192, "tags": [0, 18, 19], "zip_id": "nes_palettes"}, "games/NES/Palettes/Console & PC/Super Gameboy/Alternate/Super Gameboy (4-G) (Alt2).pal": {"hash": "fce3ebfd6b931a59c313aa3613d936df", "size": 192, "tags": [0, 18, 19], "zip_id": "nes_palettes"}, "games/NES/Palettes/Console & PC/Super Gameboy/Alternate/Super Gameboy (4-G) (Alt3).pal": {"hash": "9f7fa4f449d678ab8c6762e056d1675b", "size": 192, "tags": [0, 18, 19], "zip_id": "nes_palettes"}, "games/NES/Palettes/Console & PC/Super Gameboy/Custom.pal": {"hash": "90f66cd10ca8e58cf357b7f01a7d3041", "size": 192, "tags": [0, 18, 19], "zip_id": "nes_palettes"}, "games/NES/Palettes/Emulator/FCEU (Old).pal": {"hash": "fad7eead28762dd0594d497bc1971a94", "size": 192, "tags": [0, 18, 19], "zip_id": "nes_palettes"}, "games/NES/Palettes/Emulator/FCEU-13-default_nitsuja.pal": {"hash": "283a7a1c6abfaacc9bdb428dd1fd88f8", "size": 192, "tags": [0, 18, 19], "zip_id": "nes_palettes"}, "games/NES/Palettes/Emulator/FCEU-15-nitsuja_new.pal": {"hash": "bae12dae9091b6da06f2c307839fbf9c", "size": 192, "tags": [0, 18, 19], "zip_id": "nes_palettes"}, "games/NES/Palettes/Emulator/FCEUX.pal": {"hash": "724ef5378d5440cd20e7cc8c9dd4d717", "size": 192, "tags": [0, 18, 19], "zip_id": "nes_palettes"}, "games/NES/Palettes/Emulator/KHorton.pal": {"hash": "00ab0c515bed63359cd1a4e700b619e8", "size": 768, "tags": [0, 18, 19], "zip_id": "nes_palettes"}, "games/NES/Palettes/Emulator/MegaMan/MegaMan Legacy Collection Modern.pal": {"hash": "c132f35c85a86f237225007a8129a45c", "size": 192, "tags": [0, 18, 19], "zip_id": "nes_palettes"}, "games/NES/Palettes/Emulator/MegaMan/MegaMan Legacy Collection.pal": {"hash": "0a9444e53fdaa003c7570c3650a4ce91", "size": 192, "tags": [0, 18, 19], "zip_id": "nes_palettes"}, "games/NES/Palettes/Emulator/MegaMan/MegaMan Maker.pal": {"hash": "2ca97d54150d98c9cf682bc4a91940a6", "size": 192, "tags": [0, 18, 19], "zip_id": "nes_palettes"}, "games/NES/Palettes/Emulator/MegaMan/MegaMan Modern.pal": {"hash": "a4fb4197b16015ecba6e0227bdd462f6", "size": 192, "tags": [0, 18, 19], "zip_id": "nes_palettes"}, "games/NES/Palettes/Emulator/MegaMan/MegaMan.pal": {"hash": "634aa9a48a7596539e7969bdc1316374", "size": 192, "tags": [0, 18, 19], "zip_id": "nes_palettes"}, "games/NES/Palettes/Emulator/MegaMan/RockMan Complete Works Modern.pal": {"hash": "c22bce7037401cf27d6162abd2e058c9", "size": 192, "tags": [0, 18, 19], "zip_id": "nes_palettes"}, "games/NES/Palettes/Emulator/MegaMan/RockMan Complete Works.pal": {"hash": "71e4f685f99f7532999ca1a292948d50", "size": 192, "tags": [0, 18, 19], "zip_id": "nes_palettes"}, "games/NES/Palettes/Emulator/MegaMan/Rockman 9 - 21 to 2C.pal": {"hash": "38a209db7f0d488e1c8038a7c3f99c57", "size": 192, "tags": [0, 18, 19], "zip_id": "nes_palettes"}, "games/NES/Palettes/Emulator/MegaMan/Rockman 9.pal": {"hash": "72c23bbd6151e136620bd8d27e4b8f2b", "size": 192, "tags": [0, 18, 19], "zip_id": "nes_palettes"}, "games/NES/Palettes/Emulator/NES-Classic.pal": {"hash": "9c2996cdc57ed6199143b36a49e84374", "size": 192, "tags": [0, 18, 19], "zip_id": "nes_palettes"}, "games/NES/Palettes/Emulator/NESTICLE.PAL": {"hash": "170c1ca7a71df33db594b490f11fff69", "size": 768, "tags": [0, 18, 19], "zip_id": "nes_palettes"}, "games/NES/Palettes/Emulator/Nintendulator NTSC.pal": {"hash": "03aaae8d5c2b0b1e40885ef94c205b6f", "size": 192, "tags": [0, 18, 19], "zip_id": "nes_palettes"}, "games/NES/Palettes/Emulator/Raw - NES RGB PPU - libretro.pal": {"hash": "aaa623c062ae581e525120ded223e5c9", "size": 192, "tags": [0, 18, 19], "zip_id": "nes_palettes"}, "games/NES/Palettes/Emulator/VirtualNES.pal": {"hash": "90c7bbd0b31a30ae1a98e4b5b00f9087", "size": 192, "tags": [0, 18, 19], "zip_id": "nes_palettes"}, "games/NES/Palettes/FCEUX.pal": {"hash": "724ef5378d5440cd20e7cc8c9dd4d717", "size": 192, "tags": [0, 18, 19], "zip_id": "nes_palettes"}, "games/NES/Palettes/Grayscale.pal": {"hash": "68f932a4a9eddd92c31fbd67e517482a", "size": 192, "tags": [0, 18, 19], "zip_id": "nes_palettes"}, "games/NES/Palettes/Kitrinx34 High Saturation.pal": {"hash": "121b48526c6a9fda6683538d393b9e6e", "size": 192, "tags": [0, 18, 19], "zip_id": "nes_palettes"}, "games/NES/Palettes/Kitrinx34.pal": {"hash": "95b08495842d5348cc8f8a12b66bb0e0", "size": 192, "tags": [0, 18, 19], "zip_id": "nes_palettes"}, "games/NES/Palettes/Miscellaneous/AspiringSquire/ASQ Reality A.pal": {"hash": "f91814b873dad1c177d4dcb5b5e9ebfc", "size": 192, "tags": [0, 18, 19], "zip_id": "nes_palettes"}, "games/NES/Palettes/Miscellaneous/AspiringSquire/ASQ Reality B.pal": {"hash": "0319fe074ce1407dc007ab4d14bc5995", "size": 192, "tags": [0, 18, 19], "zip_id": "nes_palettes"}, "games/NES/Palettes/Miscellaneous/AspiringSquire/ASQ Reality C.pal": {"hash": "b148158d0687f887d5c53b125bab5d44", "size": 192, "tags": [0, 18, 19], "zip_id": "nes_palettes"}, "games/NES/Palettes/Miscellaneous/BMF/BMF Final 2.pal": {"hash": "5d1441d435d04e2e22c82220ff123355", "size": 192, "tags": [0, 18, 19], "zip_id": "nes_palettes"}, "games/NES/Palettes/Miscellaneous/BMF/BMF Final 3 (Mod).pal": {"hash": "956578f4e3099b29104974519ad6cfe0", "size": 192, "tags": [0, 18, 19], "zip_id": "nes_palettes"}, "games/NES/Palettes/Miscellaneous/BMF/BMF Final 3.pal": {"hash": "604269091570671ec6b8565eecc6cf23", "size": 192, "tags": [0, 18, 19], "zip_id": "nes_palettes"}, "games/NES/Palettes/Miscellaneous/BMF/BMF PAL30.pal": {"hash": "93a8f9d5b596591874f23caf589a9a1e", "size": 192, "tags": [0, 18, 19], "zip_id": "nes_palettes"}, "games/NES/Palettes/Miscellaneous/BisqwitSony.pal": {"hash": "c96cccedda4b7372c13229df3d55193a", "size": 192, "tags": [0, 18, 19], "zip_id": "nes_palettes"}, "games/NES/Palettes/Miscellaneous/Color Math/Average_Joe.pal": {"hash": "30c3145dfe3e986ce9efc0bb997d8bdf", "size": 192, "tags": [0, 18, 19], "zip_id": "nes_palettes"}, "games/NES/Palettes/Miscellaneous/Color Math/Kitrinx (Japanese).pal": {"hash": "a447fcfe28f699f7257463338fad1da3", "size": 192, "tags": [0, 18, 19], "zip_id": "nes_palettes"}, "games/NES/Palettes/Miscellaneous/Color Math/Kitrinx (USA).pal": {"hash": "5caf6e7c3f942f28d7961e03b2876a09", "size": 192, "tags": [0, 18, 19], "zip_id": "nes_palettes"}, "games/NES/Palettes/Miscellaneous/Color Math/Soltan/nes_clamp.pal": {"hash": "5e7e91ca2f7578e94d2edfe0275c77b8", "size": 192, "tags": [0, 18, 19], "zip_id": "nes_palettes"}, "games/NES/Palettes/Miscellaneous/Color Math/Soltan/nes_desaturate.pal": {"hash": "fb175ea01f43aebc42f62810a81805e2", "size": 192, "tags": [0, 18, 19], "zip_id": "nes_palettes"}, "games/NES/Palettes/Miscellaneous/Color Math/Test Palettes/Math (Fixed E-F Color Bug).pal": {"hash": "9bca73644c818792d964143358b48fcb", "size": 192, "tags": [0, 18, 19], "zip_id": "nes_palettes"}, "games/NES/Palettes/Miscellaneous/Color Math/Test Palettes/Math (Japanese).pal": {"hash": "2fe42a1443719e2ac88c251025b7e68e", "size": 192, "tags": [0, 18, 19], "zip_id": "nes_palettes"}, "games/NES/Palettes/Miscellaneous/Color Math/Test Palettes/Math (Normalized).pal": {"hash": "a9314ae29e918a5570f066ad14d141b3", "size": 192, "tags": [0, 18, 19], "zip_id": "nes_palettes"}, "games/NES/Palettes/Miscellaneous/Color Math/Test Palettes/Math (Proper).pal": {"hash": "f3ed1799ff427278451f5c8c5d1d7ef7", "size": 192, "tags": [0, 18, 19], "zip_id": "nes_palettes"}, "games/NES/Palettes/Miscellaneous/Color Math/Test Palettes/Math USA (NTSC Decoder).pal": {"hash": "e702f94c0ffd73499f7a3c859ae6362f", "size": 192, "tags": [0, 18, 19], "zip_id": "nes_palettes"}, "games/NES/Palettes/Miscellaneous/Custom/Black (WARNING! WILL TURN ALL COLORS BLACK!!).pal": {"hash": "b7dd5e0194ee0ac08a4b802cb73d867f", "size": 192, "tags": [0, 18, 19], "zip_id": "nes_palettes"}, "games/NES/Palettes/Miscellaneous/Custom/Gray (XYZ).pal": {"hash": "d49cf27c9da4b4d39b32e7a8950f748f", "size": 192, "tags": [0, 18, 19], "zip_id": "nes_palettes"}, "games/NES/Palettes/Miscellaneous/Custom/Gray.pal": {"hash": "69af746e5ec4e766685a228613170409", "size": 192, "tags": [0, 18, 19], "zip_id": "nes_palettes"}, "games/NES/Palettes/Miscellaneous/Custom/Grayscale.pal": {"hash": "68f932a4a9eddd92c31fbd67e517482a", "size": 192, "tags": [0, 18, 19], "zip_id": "nes_palettes"}, "games/NES/Palettes/Miscellaneous/Custom/Michael Bay/M.Bay Grey A.pal": {"hash": "8555ed8e7e5fb8cd5a0a5020cc94e8de", "size": 192, "tags": [0, 18, 19], "zip_id": "nes_palettes"}, "games/NES/Palettes/Miscellaneous/Custom/Michael Bay/M.Bay Grey B.pal": {"hash": "c5f511c76f3e742bd6c8b1701177b68f", "size": 192, "tags": [0, 18, 19], "zip_id": "nes_palettes"}, "games/NES/Palettes/Miscellaneous/Custom/Michael Bay/M.Bay Grey C.pal": {"hash": "d0dd083057d022eb72618a075ea8edcc", "size": 192, "tags": [0, 18, 19], "zip_id": "nes_palettes"}, "games/NES/Palettes/Miscellaneous/Custom/Michael Bay/M.Bay Grey D.pal": {"hash": "a7cf52507bcd480641f1f9656f166da4", "size": 192, "tags": [0, 18, 19], "zip_id": "nes_palettes"}, "games/NES/Palettes/Miscellaneous/Custom/Michael Bay/Michael Bay A.pal": {"hash": "d8014b62e59f9f97b7397bfabba487f3", "size": 192, "tags": [0, 18, 19], "zip_id": "nes_palettes"}, "games/NES/Palettes/Miscellaneous/Custom/Michael Bay/Michael Bay B.pal": {"hash": "95ab04bd0a3904a27b7a555b7cfb58e4", "size": 192, "tags": [0, 18, 19], "zip_id": "nes_palettes"}, "games/NES/Palettes/Miscellaneous/Custom/Michael Bay/Michael Bay C.pal": {"hash": "602e4ab02acbb061bae59b4a4c5d2469", "size": 192, "tags": [0, 18, 19], "zip_id": "nes_palettes"}, "games/NES/Palettes/Miscellaneous/Custom/Michael Bay/Michael Bay D.pal": {"hash": "4ac4e8442da230fb1f471360a30f34b8", "size": 192, "tags": [0, 18, 19], "zip_id": "nes_palettes"}, "games/NES/Palettes/Miscellaneous/Custom/Mono.pal": {"hash": "8a32acd3abedfda884d54fa4214e7149", "size": 192, "tags": [0, 18, 19], "zip_id": "nes_palettes"}, "games/NES/Palettes/Miscellaneous/Custom/Negative.pal": {"hash": "803dbaac80c15e0e779dc13a12308a6b", "size": 192, "tags": [0, 18, 19], "zip_id": "nes_palettes"}, "games/NES/Palettes/Miscellaneous/Custom/Purple Shift.pal": {"hash": "c7eaebab955e04adfbf0f42cffee3bfb", "size": 192, "tags": [0, 18, 19], "zip_id": "nes_palettes"}, "games/NES/Palettes/Miscellaneous/Custom/Sepia.pal": {"hash": "23991e6f12f0812ca414bbe925ed8479", "size": 192, "tags": [0, 18, 19], "zip_id": "nes_palettes"}, "games/NES/Palettes/Miscellaneous/Custom/Tangy.pal": {"hash": "edb5bddd0d7ed75722c3ef9e043ec862", "size": 192, "tags": [0, 18, 19], "zip_id": "nes_palettes"}, "games/NES/Palettes/Miscellaneous/Custom/TheWolfBunny64/Famicom Gold (NES Classic Edition).pal": {"hash": "b434020b1d9e174f7559765979128815", "size": 1536, "tags": [0, 18, 19], "zip_id": "nes_palettes"}, "games/NES/Palettes/Miscellaneous/Custom/TheWolfBunny64/NES Gold.pal": {"hash": "2becdd56cc3ee2ea7d47d7f11159710e", "size": 192, "tags": [0, 18, 19], "zip_id": "nes_palettes"}, "games/NES/Palettes/Miscellaneous/Custom/Virtual Red/Virtual Red A.pal": {"hash": "abb8164e565565bc6d8ad71a5521afdd", "size": 192, "tags": [0, 18, 19], "zip_id": "nes_palettes"}, "games/NES/Palettes/Miscellaneous/Custom/Virtual Red/Virtual Red B.pal": {"hash": "fb2506913fe5809b6c66fc0ae88f2239", "size": 192, "tags": [0, 18, 19], "zip_id": "nes_palettes"}, "games/NES/Palettes/Miscellaneous/Custom/Virtual Red/Virtual Red C.pal": {"hash": "6d7c24d455542f92cf39c37286896989", "size": 192, "tags": [0, 18, 19], "zip_id": "nes_palettes"}, "games/NES/Palettes/Miscellaneous/Donkey_Kong.pal": {"hash": "19c4b33e19cc551560f1935dfebed705", "size": 192, "tags": [0, 18, 19], "zip_id": "nes_palettes"}, "games/NES/Palettes/Miscellaneous/Enlightened.pal": {"hash": "2e571b6d616a7255db4f40e3b4ff9e19", "size": 192, "tags": [0, 18, 19], "zip_id": "nes_palettes"}, "games/NES/Palettes/Miscellaneous/FirebrandX/Deprecated/CRT Nostalgia - Beta (FBX).pal": {"hash": "8775a04dc555aa52e263197933c367be", "size": 192, "tags": [0, 18, 19], "zip_id": "nes_palettes"}, "games/NES/Palettes/Miscellaneous/FirebrandX/Deprecated/Composite Direct (FBX).pal": {"hash": "da45e46ae90c101f8c21405a90c0ea7e", "size": 192, "tags": [0, 18, 19], "zip_id": "nes_palettes"}, "games/NES/Palettes/Miscellaneous/FirebrandX/Deprecated/Composite Direct - Final (FBX).pal": {"hash": "670b756497ddf727290dd0d31b703a39", "size": 192, "tags": [0, 18, 19], "zip_id": "nes_palettes"}, "games/NES/Palettes/Miscellaneous/FirebrandX/Deprecated/Composite Direct - Final Saturated (FBX).pal": {"hash": "b510ae389cd49cc6a99f88aaf28a14ca", "size": 192, "tags": [0, 18, 19], "zip_id": "nes_palettes"}, "games/NES/Palettes/Miscellaneous/FirebrandX/Deprecated/Composite Direct - Sony Style (FBX).pal": {"hash": "783e7f716ac175f2513a30dc323c69be", "size": 192, "tags": [0, 18, 19], "zip_id": "nes_palettes"}, "games/NES/Palettes/Miscellaneous/FirebrandX/Deprecated/NES Classic (FBX).pal": {"hash": "d9c86253c230581b1b5b65e53077926c", "size": 192, "tags": [0, 18, 19], "zip_id": "nes_palettes"}, "games/NES/Palettes/Miscellaneous/FirebrandX/Deprecated/NES Classic - Beta (FBX).pal": {"hash": "aaf3666e4ed478e2964b46d6a7aa27ad", "size": 192, "tags": [0, 18, 19], "zip_id": "nes_palettes"}, "games/NES/Palettes/Miscellaneous/FirebrandX/Deprecated/NES Classic - Beta 2 (FBX).pal": {"hash": "9a989f8baee22f9e0b27087e8d6d6e01", "size": 192, "tags": [0, 18, 19], "zip_id": "nes_palettes"}, "games/NES/Palettes/Miscellaneous/FirebrandX/Deprecated/NTSC - RT2X Pro (FBX).pal": {"hash": "a151e234080e4377af6cb141666f8c5d", "size": 192, "tags": [0, 18, 19], "zip_id": "nes_palettes"}, "games/NES/Palettes/Miscellaneous/FirebrandX/Deprecated/NTSC Hardware (FBX).pal": {"hash": "0c4d6a62cbe491ca824a44e452f7f7a8", "size": 192, "tags": [0, 18, 19], "zip_id": "nes_palettes"}, "games/NES/Palettes/Miscellaneous/FirebrandX/Deprecated/NTSC Hardware - Beta 1 (FBX).pal": {"hash": "0ef288d0a2bf2fb4afbd340916539518", "size": 192, "tags": [0, 18, 19], "zip_id": "nes_palettes"}, "games/NES/Palettes/Miscellaneous/FirebrandX/Deprecated/NTSChi (FBX).pal": {"hash": "c9c0c7ac0ded35aea7d3c9e7aa3104ee", "size": 192, "tags": [0, 18, 19], "zip_id": "nes_palettes"}, "games/NES/Palettes/Miscellaneous/FirebrandX/Deprecated/NTSChi - Real Black (FBX).pal": {"hash": "1d5236467344085d4a50218c67193a9b", "size": 192, "tags": [0, 18, 19], "zip_id": "nes_palettes"}, "games/NES/Palettes/Miscellaneous/FirebrandX/Deprecated/Nostalgia - Final (FBX).pal": {"hash": "ba2fb2ff6adfab2c0ce4d7351f1eb499", "size": 192, "tags": [0, 18, 19], "zip_id": "nes_palettes"}, "games/NES/Palettes/Miscellaneous/FirebrandX/Deprecated/Original Hardware (FBX).pal": {"hash": "fb6e9bc5a059feae9391153023931c70", "size": 192, "tags": [0, 18, 19], "zip_id": "nes_palettes"}, "games/NES/Palettes/Miscellaneous/FirebrandX/Deprecated/PVM Style - D65 (FBX).pal": {"hash": "0d627cb05f272e350ff7c93f65fbb799", "size": 192, "tags": [0, 18, 19], "zip_id": "nes_palettes"}, "games/NES/Palettes/Miscellaneous/FirebrandX/Deprecated/PVM Style - D93 (FBX).pal": {"hash": "2c2e325891a1414d80f43682826d4a88", "size": 192, "tags": [0, 18, 19], "zip_id": "nes_palettes"}, "games/NES/Palettes/Miscellaneous/FirebrandX/Deprecated/PVM to Digital - Beta 01 (FBX).pal": {"hash": "4b5bec6856968565504eadb0ba248afa", "size": 192, "tags": [0, 18, 19], "zip_id": "nes_palettes"}, "games/NES/Palettes/Miscellaneous/FirebrandX/Deprecated/PVM to Digital - Beta 02 (FBX).pal": {"hash": "5965774fd6e7f2c98e37dd389f7861c4", "size": 192, "tags": [0, 18, 19], "zip_id": "nes_palettes"}, "games/NES/Palettes/Miscellaneous/FirebrandX/Deprecated/PVM to Digital - Beta 03 (FBX).pal": {"hash": "d6333886c680526c488a160c9ee7d718", "size": 192, "tags": [0, 18, 19], "zip_id": "nes_palettes"}, "games/NES/Palettes/Miscellaneous/FirebrandX/Deprecated/PVM to Digital - Beta 04 (FBX).pal": {"hash": "5686b7f6a8022a543b2cd1fc758f2828", "size": 192, "tags": [0, 18, 19], "zip_id": "nes_palettes"}, "games/NES/Palettes/Miscellaneous/FirebrandX/Deprecated/Smooth (FBX).pal": {"hash": "ab6d13d00fc5c315cd9bf5523f706b6b", "size": 192, "tags": [0, 18, 19], "zip_id": "nes_palettes"}, "games/NES/Palettes/Miscellaneous/FirebrandX/Deprecated/Smooth - Balanced Greys (FBX).pal": {"hash": "e81a38b7e8e5cf2f8f4a233b9a447776", "size": 192, "tags": [0, 18, 19], "zip_id": "nes_palettes"}, "games/NES/Palettes/Miscellaneous/FirebrandX/Deprecated/Sony - WIP (FBX).pal": {"hash": "a96427281610e9bf861b9a3f10a142d2", "size": 192, "tags": [0, 18, 19], "zip_id": "nes_palettes"}, "games/NES/Palettes/Miscellaneous/FirebrandX/Deprecated/Unsaturated (FBX).pal": {"hash": "6c7cdfc90b787d5f56e9793ab416eef8", "size": 192, "tags": [0, 18, 19], "zip_id": "nes_palettes"}, "games/NES/Palettes/Miscellaneous/FirebrandX/Deprecated/YUV - Corrected (FBX).pal": {"hash": "a033a47ad81fbb760f180b888e4400ef", "size": 192, "tags": [0, 18, 19], "zip_id": "nes_palettes"}, "games/NES/Palettes/Miscellaneous/FirebrandX/Deprecated/YUV - Customized (FBX).pal": {"hash": "7814977c08279cbe6fa8068b551af9b2", "size": 192, "tags": [0, 18, 19], "zip_id": "nes_palettes"}, "games/NES/Palettes/Miscellaneous/FirebrandX/Digital Prime (FBX).pal": {"hash": "68d86ceac5aab1c05430793ccaa33d9c", "size": 192, "tags": [0, 18, 19], "zip_id": "nes_palettes"}, "games/NES/Palettes/Miscellaneous/FirebrandX/Magnum (FBX).pal": {"hash": "39a6306e390640e3f42e0efde82b5b25", "size": 192, "tags": [0, 18, 19], "zip_id": "nes_palettes"}, "games/NES/Palettes/Miscellaneous/FirebrandX/Smooth V2 (FBX).pal": {"hash": "bf9be1c7e59efda99a279b8d73bf3593", "size": 192, "tags": [0, 18, 19], "zip_id": "nes_palettes"}, "games/NES/Palettes/Miscellaneous/HDN_BEWAREs.pal": {"hash": "070c64812af679662fb6911cb64ec7b5", "size": 192, "tags": [0, 18, 19], "zip_id": "nes_palettes"}, "games/NES/Palettes/Miscellaneous/Kizul/Dougeff (Modified Kizul)/NTSC-DF2.pal": {"hash": "a93e9950f258d3412c7fb676e3363365", "size": 192, "tags": [0, 18, 19], "zip_id": "nes_palettes"}, "games/NES/Palettes/Miscellaneous/Kizul/Kizul's Definitive NTSC NES Master Palette (canonical off-blacks).pal": {"hash": "5c8847160ccffaf5408fd5e30f94a103", "size": 192, "tags": [0, 18, 19], "zip_id": "nes_palettes"}, "games/NES/Palettes/Miscellaneous/Kizul/Kizul's Definitive NTSC NES Master Palette (pure blacks).pal": {"hash": "28c6553af0976010f47012e9b46be77b", "size": 192, "tags": [0, 18, 19], "zip_id": "nes_palettes"}, "games/NES/Palettes/Miscellaneous/Kizul/Kizul's Definitive NTSC NES Master Palette - for Bee 52 and The Immortal.pal": {"hash": "9b0de2c6175899c697e224b159be93f1", "size": 192, "tags": [0, 18, 19], "zip_id": "nes_palettes"}, "games/NES/Palettes/Miscellaneous/Kizul/Kizul's Definitive NTSC NES Master Palette - for The Immortal (with Color Emphasis disabled).pal": {"hash": "42e67ed101569a1feb73cae1201695da", "size": 192, "tags": [0, 18, 19], "zip_id": "nes_palettes"}, "games/NES/Palettes/Miscellaneous/Kizul/Old/Kizul's Definitive NES Palette - for Bee 52.pal": {"hash": "d9aa10e5fe53e9c8d36617850a3705c2", "size": 192, "tags": [0, 18, 19], "zip_id": "nes_palettes"}, "games/NES/Palettes/Miscellaneous/Kizul/Old/Kizul's Definitive NES Palette - for The Immortal with Color Emphasis disabled.pal": {"hash": "02f35ea9f4c54fe6cf9c80b799bebe82", "size": 192, "tags": [0, 18, 19], "zip_id": "nes_palettes"}, "games/NES/Palettes/Miscellaneous/Kizul/Old/Kizul's Definitive NES Palette.pal": {"hash": "89c9ed336fec0e076c4c8e449ab808d9", "size": 192, "tags": [0, 18, 19], "zip_id": "nes_palettes"}, "games/NES/Palettes/Miscellaneous/Kizul/Old/Kizul's_90-percent-accurate_NES_palette.pal": {"hash": "12f5fe8eb76657a8e0423361318f6ab5", "size": 192, "tags": [0, 18, 19], "zip_id": "nes_palettes"}, "games/NES/Palettes/Miscellaneous/Matrix21f (EU).pal": {"hash": "76ff9bfbe83767211f26d5633950e9fc", "size": 192, "tags": [0, 18, 19], "zip_id": "nes_palettes"}, "games/NES/Palettes/Miscellaneous/NakedArthur (Wavebeam)/Composite Direct (Sony Style - No Rounding).pal": {"hash": "9e1e74123ab237cee32e41daa60e2c6e", "size": 192, "tags": [0, 18, 19], "zip_id": "nes_palettes"}, "games/NES/Palettes/Miscellaneous/NakedArthur (Wavebeam)/Old/Wavebeam-20170322-Beta.pal": {"hash": "22c5578b067666275b92b32211f0df5d", "size": 192, "tags": [0, 18, 19], "zip_id": "nes_palettes"}, "games/NES/Palettes/Miscellaneous/NakedArthur (Wavebeam)/Old/Wavebeam-20170417.pal": {"hash": "48f6084fbdff256c521ca4e4147a1da2", "size": 192, "tags": [0, 18, 19], "zip_id": "nes_palettes"}, "games/NES/Palettes/Miscellaneous/NakedArthur (Wavebeam)/Old/Wavebeam-20170514.pal": {"hash": "be3519d891e736851df2c69903f5f36c", "size": 192, "tags": [0, 18, 19], "zip_id": "nes_palettes"}, "games/NES/Palettes/Miscellaneous/NakedArthur (Wavebeam)/Old/Wavebeam-20170621.pal": {"hash": "6343e586a94d85b2ec7a550d3f822276", "size": 192, "tags": [0, 18, 19], "zip_id": "nes_palettes"}, "games/NES/Palettes/Miscellaneous/NakedArthur (Wavebeam)/Old/Wavebeam-20170629.pal": {"hash": "c92b9fdb0db1bded1cc78e81dfe22121", "size": 192, "tags": [0, 18, 19], "zip_id": "nes_palettes"}, "games/NES/Palettes/Miscellaneous/NakedArthur (Wavebeam)/Old/Wavebeam-20170701.pal": {"hash": "bf9d3b75082a2268c6c5950d9538e849", "size": 192, "tags": [0, 18, 19], "zip_id": "nes_palettes"}, "games/NES/Palettes/Miscellaneous/NakedArthur (Wavebeam)/Old/Wavebeam-20170709.pal": {"hash": "0af5e7c5ee4209af5a1024fb048fa143", "size": 192, "tags": [0, 18, 19], "zip_id": "nes_palettes"}, "games/NES/Palettes/Miscellaneous/NakedArthur (Wavebeam)/Old/Wavebeam-20170711.pal": {"hash": "27d821534db8374563402ac48b363154", "size": 192, "tags": [0, 18, 19], "zip_id": "nes_palettes"}, "games/NES/Palettes/Miscellaneous/NakedArthur (Wavebeam)/Old/Wavebeam-20170713.pal": {"hash": "3cd2fc2a3c1b668b0873bd25497e4d6e", "size": 192, "tags": [0, 18, 19], "zip_id": "nes_palettes"}, "games/NES/Palettes/Miscellaneous/NakedArthur (Wavebeam)/Old/Wavebeam-20170809.pal": {"hash": "765fb1a00802949ffe5ae5e5e3bffa64", "size": 192, "tags": [0, 18, 19], "zip_id": "nes_palettes"}, "games/NES/Palettes/Miscellaneous/NakedArthur (Wavebeam)/Old/Wavebeam-20170810.pal": {"hash": "9aea26ef0190e856bba25aaf54d9c315", "size": 192, "tags": [0, 18, 19], "zip_id": "nes_palettes"}, "games/NES/Palettes/Miscellaneous/NakedArthur (Wavebeam)/Old/Wavebeam2-20170427-Beta.pal": {"hash": "fef0c27577331a6b6eea8b7457b70bf5", "size": 192, "tags": [0, 18, 19], "zip_id": "nes_palettes"}, "games/NES/Palettes/Miscellaneous/NakedArthur (Wavebeam)/Old/Wavebeam2-20170428-Beta.pal": {"hash": "e568e550cf277086c1549e16a763db81", "size": 192, "tags": [0, 18, 19], "zip_id": "nes_palettes"}, "games/NES/Palettes/Miscellaneous/NakedArthur (Wavebeam)/Old/Wavebeam2-20170430-Beta-1.pal": {"hash": "57d6cfcb93fbf080ec427b3a4f24c598", "size": 192, "tags": [0, 18, 19], "zip_id": "nes_palettes"}, "games/NES/Palettes/Miscellaneous/NakedArthur (Wavebeam)/Old/Wavebeam2-20170430-Beta-2.pal": {"hash": "8331b602bd72524f8caedb24d6d51b67", "size": 192, "tags": [0, 18, 19], "zip_id": "nes_palettes"}, "games/NES/Palettes/Miscellaneous/NakedArthur (Wavebeam)/Old/Wavebeam2-20170503-Beta.pal": {"hash": "6cd1c9d61ee3624bd39690c95d59363e", "size": 192, "tags": [0, 18, 19], "zip_id": "nes_palettes"}, "games/NES/Palettes/Miscellaneous/NakedArthur (Wavebeam)/Old/Wavebeam2-20170505-Beta.pal": {"hash": "6f5c4e4cfef431023478e823aca8a973", "size": 192, "tags": [0, 18, 19], "zip_id": "nes_palettes"}, "games/NES/Palettes/Miscellaneous/NakedArthur (Wavebeam)/Old/Wavebeam2-20170507-Beta.pal": {"hash": "dd1acce062c1de6d3dd0250beda47f59", "size": 192, "tags": [0, 18, 19], "zip_id": "nes_palettes"}, "games/NES/Palettes/Miscellaneous/NakedArthur (Wavebeam)/Old/Wavebeam2-20170509-Beta.pal": {"hash": "f821ef0cd720f26bfeedc6d58de0766d", "size": 192, "tags": [0, 18, 19], "zip_id": "nes_palettes"}, "games/NES/Palettes/Miscellaneous/NakedArthur (Wavebeam)/Wavebeam (ALT).pal": {"hash": "0973f0af64fde65a56dd592cf13fbb21", "size": 192, "tags": [0, 18, 19], "zip_id": "nes_palettes"}, "games/NES/Palettes/Miscellaneous/NakedArthur (Wavebeam)/Wavebeam.pal": {"hash": "cdf46c0366f0649e65a936c80bf6a2b4", "size": 192, "tags": [0, 18, 19], "zip_id": "nes_palettes"}, "games/NES/Palettes/Miscellaneous/Nintaco/Rinao.pal": {"hash": "55c016dcb24fc3007bb71bf183cbda01", "size": 192, "tags": [0, 18, 19], "zip_id": "nes_palettes"}, "games/NES/Palettes/Miscellaneous/Nintaco/Trebor.pal": {"hash": "89838e70e770f62a6ef6ad52358b9969", "size": 192, "tags": [0, 18, 19], "zip_id": "nes_palettes"}, "games/NES/Palettes/Miscellaneous/Nostalgia.pal": {"hash": "63fcfa562108560a612e3c2db88f5cee", "size": 192, "tags": [0, 18, 19], "zip_id": "nes_palettes"}, "games/NES/Palettes/Miscellaneous/PixelTao/Pixeltao CRT (2021).pal": {"hash": "e2003bc5ac49a8ea809faa137688c440", "size": 192, "tags": [0, 18, 19], "zip_id": "nes_palettes"}, "games/NES/Palettes/Miscellaneous/PixelTao/PixeltaoV1 (2016).pal": {"hash": "97b7d83c609789c3c7324b30de5fcd3c", "size": 192, "tags": [0, 18, 19], "zip_id": "nes_palettes"}, "games/NES/Palettes/Miscellaneous/PixelTao/PixeltaoV2 (2016).pal": {"hash": "bde3255cfeaf204eb75dfc8a8e1e52cd", "size": 192, "tags": [0, 18, 19], "zip_id": "nes_palettes"}, "games/NES/Palettes/Miscellaneous/RGBSource/AVS & Hi-Def NES/HDN_FCEUXs.pal": {"hash": "8e26b339d6bef08c069af34bac4be5e0", "size": 192, "tags": [0, 18, 19], "zip_id": "nes_palettes"}, "games/NES/Palettes/Miscellaneous/RGBSource/AVS & Hi-Def NES/HDN_PC10.pal": {"hash": "49da6775d945e64c50d30e865353166e", "size": 192, "tags": [0, 18, 19], "zip_id": "nes_palettes"}, "games/NES/Palettes/Miscellaneous/RGBSource/HYBRID.pal": {"hash": "c4ccdae1eef074c97d7af6f3b3abfae6", "size": 192, "tags": [0, 18, 19], "zip_id": "nes_palettes"}, "games/NES/Palettes/Miscellaneous/RGBSource/NES.pal": {"hash": "e432786849d74c33969837336484e0ad", "size": 192, "tags": [0, 18, 19], "zip_id": "nes_palettes"}, "games/NES/Palettes/Miscellaneous/RGBSource/NESCAP.pal": {"hash": "5175e8d74f7a825cbbb803efe2bbfb13", "size": 192, "tags": [0, 18, 19], "zip_id": "nes_palettes"}, "games/NES/Palettes/Miscellaneous/RGBSource/NTSC.pal": {"hash": "9d4520e0bfdad960706701d22a4bc3bb", "size": 192, "tags": [0, 18, 19], "zip_id": "nes_palettes"}, "games/NES/Palettes/Miscellaneous/RGBSource/NTSCU.pal": {"hash": "00b11321bb4e70d316961ccc1410b9e4", "size": 192, "tags": [0, 18, 19], "zip_id": "nes_palettes"}, "games/NES/Palettes/Miscellaneous/RGBSource/YUV-V3.pal": {"hash": "bd26e0e76eaa39755a90fb25324154b0", "size": 192, "tags": [0, 18, 19], "zip_id": "nes_palettes"}, "games/NES/Palettes/Miscellaneous/Retron HD.pal": {"hash": "6bb0a5de0a68a67fa3e0a3ecf7ff85a4", "size": 192, "tags": [0, 18, 19], "zip_id": "nes_palettes"}, "games/NES/Palettes/Miscellaneous/StickFreaks/AVFamicom.pal": {"hash": "8d978c641b6ea1e57e5505739b437a74", "size": 192, "tags": [0, 18, 19], "zip_id": "nes_palettes"}, "games/NES/Palettes/Miscellaneous/StickFreaks/AVFamicom_adjusted_v3.pal": {"hash": "0982d66d9bffd113d3225b2c8215ab33", "size": 192, "tags": [0, 18, 19], "zip_id": "nes_palettes"}, "games/NES/Palettes/Miscellaneous/StickFreaks/AVFamicom_saturated.pal": {"hash": "0b78ae9ca70265a7cac5e87023371442", "size": 192, "tags": [0, 18, 19], "zip_id": "nes_palettes"}, "games/NES/Palettes/Miscellaneous/StickFreaks/Deprecated/AVFamicom.pal": {"hash": "98744b6438d1288edbd84d4a443c700c", "size": 192, "tags": [0, 18, 19], "zip_id": "nes_palettes"}, "games/NES/Palettes/Miscellaneous/StickFreaks/Deprecated/AVFamicom_adjusted_v2.pal": {"hash": "b40e1b6a895b5d86e1a6c2c91835e5f0", "size": 192, "tags": [0, 18, 19], "zip_id": "nes_palettes"}, "games/NES/Palettes/Miscellaneous/StickFreaks/Deprecated/PAL.pal": {"hash": "a03769636bea1d2b5e78e29adc70e0c6", "size": 192, "tags": [0, 18, 19], "zip_id": "nes_palettes"}, "games/NES/Palettes/Miscellaneous/StickFreaks/Deprecated/PAL_adjusted_v2.pal": {"hash": "2dbc6c9e91095127a28bb5b630240223", "size": 192, "tags": [0, 18, 19], "zip_id": "nes_palettes"}, "games/NES/Palettes/Miscellaneous/StickFreaks/PAL.pal": {"hash": "e71a677094c7bd2611b0d22e0c5803dd", "size": 192, "tags": [0, 18, 19], "zip_id": "nes_palettes"}, "games/NES/Palettes/Miscellaneous/StickFreaks/PAL_adjusted_v3.pal": {"hash": "42c005b7a609a88c90a343f1de6d6a1a", "size": 192, "tags": [0, 18, 19], "zip_id": "nes_palettes"}, "games/NES/Palettes/Miscellaneous/StickFreaks/PAL_saturated.pal": {"hash": "46f22bcc604a02329923893091ecee89", "size": 192, "tags": [0, 18, 19], "zip_id": "nes_palettes"}, "games/NES/Palettes/Miscellaneous/Terratec/Terratec Cinergy Hybrid T USB XS (NTSC Full).pal": {"hash": "a477acac968b29618ff357b9e912ac39", "size": 1536, "tags": [0, 18, 19], "zip_id": "nes_palettes"}, "games/NES/Palettes/Miscellaneous/Terratec/Terratec Cinergy Hybrid T USB XS (NTSC).pal": {"hash": "4e85420ee722fb7d9271026ec333d3b7", "size": 192, "tags": [0, 18, 19], "zip_id": "nes_palettes"}, "games/NES/Palettes/Miscellaneous/Terratec/Terratec Cinergy Hybrid T USB XS (PAL Full).pal": {"hash": "f26cb044fd6893c8d5f882e769f53965", "size": 1536, "tags": [0, 18, 19], "zip_id": "nes_palettes"}, "games/NES/Palettes/Miscellaneous/Terratec/Terratec Cinergy Hybrid T USB XS (PAL).pal": {"hash": "aa6ef528c3cf5731c46ea30cb57e4855", "size": 192, "tags": [0, 18, 19], "zip_id": "nes_palettes"}, "games/NES/Palettes/Miscellaneous/ezjghq.pal": {"hash": "f89ec7fe016dcbb6d110064b7a642124", "size": 192, "tags": [0, 18, 19], "zip_id": "nes_palettes"}, "games/NES/Palettes/Miscellaneous/fx3nespal.pal": {"hash": "ac98f4aff9886b9c1840385db5469965", "size": 192, "tags": [0, 18, 19], "zip_id": "nes_palettes"}, "games/NES/Palettes/Miscellaneous/kasion.pal": {"hash": "ca643c808df7307f6c401e589d21bdb1", "size": 192, "tags": [0, 18, 19], "zip_id": "nes_palettes"}, "games/NES/Palettes/Miscellaneous/koitsu (k0rn).pal": {"hash": "e2d85a578510f3e57fab814ce1677fd3", "size": 192, "tags": [0, 18, 19], "zip_id": "nes_palettes"}, "games/NES/Palettes/Miscellaneous/mattc.pal": {"hash": "a90948d285fd21eacd7ada11533b733b", "size": 192, "tags": [0, 18, 19], "zip_id": "nes_palettes"}, "games/NES/Palettes/Miscellaneous/noisak.pal": {"hash": "1d05f094bf22e64e5092c8a32df7e283", "size": 192, "tags": [0, 18, 19], "zip_id": "nes_palettes"}, "games/NES/Palettes/NES Classic.pal": {"hash": "9c2996cdc57ed6199143b36a49e84374", "size": 192, "tags": [0, 18, 19], "zip_id": "nes_palettes"}, "games/NES/Palettes/Nintendo/Animal Crossing.pal": {"hash": "7b5f2253911551058a37511b0a122679", "size": 192, "tags": [0, 18, 19], "zip_id": "nes_palettes"}, "games/NES/Palettes/Nintendo/NES Classic Edition (Black & White).pal": {"hash": "7ab8b27e9dcbfa8b6a8d11c1991e35ea", "size": 192, "tags": [0, 18, 19], "zip_id": "nes_palettes"}, "games/NES/Palettes/Nintendo/NES Classic Edition.pal": {"hash": "d5b7eaee6dee899a22f47a17b214eaff", "size": 192, "tags": [0, 18, 19], "zip_id": "nes_palettes"}, "games/NES/Palettes/Nintendo/NES Classic Edition_2.pal": {"hash": "34bed91d3d38010da0e0c708a0e7b56b", "size": 192, "tags": [0, 18, 19], "zip_id": "nes_palettes"}, "games/NES/Palettes/Nintendo/NES VS Arcade Palettes/Palettes 2C03-2C04/2C03.pal": {"hash": "cc44fee14e36346cf0b4a98cecca978d", "size": 192, "tags": [0, 18, 19], "zip_id": "nes_palettes"}, "games/NES/Palettes/Nintendo/NES VS Arcade Palettes/pc10.pal": {"hash": "b8b23e84e03bcc9f056500e005613c4e", "size": 192, "tags": [0, 18, 19], "zip_id": "nes_palettes"}, "games/NES/Palettes/Nintendo/NES VS Arcade Palettes/pc10emph.pal": {"hash": "c940c10ad6b177cee74b937ecd6767f2", "size": 1536, "tags": [0, 18, 19], "zip_id": "nes_palettes"}, "games/NES/Palettes/Nintendo/NES VS Arcade Palettes/vs_001 - 2C04-0001.pal": {"hash": "8bc3cc9cdc4dbc6bd69d06a05e7f1549", "size": 192, "tags": [0, 18, 19], "zip_id": "nes_palettes"}, "games/NES/Palettes/Nintendo/NES VS Arcade Palettes/vs_001emph.pal": {"hash": "3a6a5229cd7feedf7640d2ad621256d2", "size": 1536, "tags": [0, 18, 19], "zip_id": "nes_palettes"}, "games/NES/Palettes/Nintendo/NES VS Arcade Palettes/vs_002 - 2C04-0002.pal": {"hash": "b5a46a5ee08482a749db74302ea1b940", "size": 192, "tags": [0, 18, 19], "zip_id": "nes_palettes"}, "games/NES/Palettes/Nintendo/NES VS Arcade Palettes/vs_002emph.pal": {"hash": "163dee3205f86658dfbf70be8e25c9d4", "size": 1536, "tags": [0, 18, 19], "zip_id": "nes_palettes"}, "games/NES/Palettes/Nintendo/NES VS Arcade Palettes/vs_003 - 2C04-0003.pal": {"hash": "d8a7d6b97a14599ee481e93b77ee82ec", "size": 192, "tags": [0, 18, 19], "zip_id": "nes_palettes"}, "games/NES/Palettes/Nintendo/NES VS Arcade Palettes/vs_003emph.pal": {"hash": "4c79e69d71fcc38f9deb716a24bf1b79", "size": 1536, "tags": [0, 18, 19], "zip_id": "nes_palettes"}, "games/NES/Palettes/Nintendo/NES VS Arcade Palettes/vs_004 - 2C04-0004.pal": {"hash": "bd5926d56af152719835dd6d43228091", "size": 192, "tags": [0, 18, 19], "zip_id": "nes_palettes"}, "games/NES/Palettes/Nintendo/NES VS Arcade Palettes/vs_004emph.pal": {"hash": "0499541546760e6800b059a9dd917324", "size": 1536, "tags": [0, 18, 19], "zip_id": "nes_palettes"}, "games/NES/Palettes/Nintendo/SMB Game & Watch.pal": {"hash": "0628328c6bdd436f1f1b111b77e04e79", "size": 192, "tags": [0, 18, 19], "zip_id": "nes_palettes"}, "games/NES/Palettes/Nintendo/Switch NSO 1.pal": {"hash": "1a6788e4468be99fd2693624b2d9d6c8", "size": 192, "tags": [0, 18, 19], "zip_id": "nes_palettes"}, "games/NES/Palettes/Nintendo/Switch NSO 2.pal": {"hash": "37b07e263f3e9827adb256842ac66c61", "size": 192, "tags": [0, 18, 19], "zip_id": "nes_palettes"}, "games/NES/Palettes/Nintendo/Switch NSO 3.pal": {"hash": "ecdd1141ae31d4d449d30dfc4dbfa7c4", "size": 192, "tags": [0, 18, 19], "zip_id": "nes_palettes"}, "games/NES/Palettes/Nintendo/Switch NSO 4.pal": {"hash": "417ddc8c60238bf4d79c60411121a32f", "size": 192, "tags": [0, 18, 19], "zip_id": "nes_palettes"}, "games/NES/Palettes/Nintendo/Switch NSO 5.pal": {"hash": "4bc965fadb35daad1ca33abcfa677d76", "size": 192, "tags": [0, 18, 19], "zip_id": "nes_palettes"}, "games/NES/Palettes/Nintendo/Switch NSO 6.pal": {"hash": "88702f97bc91936a45ae9d4d1dd3b769", "size": 192, "tags": [0, 18, 19], "zip_id": "nes_palettes"}, "games/NES/Palettes/Nintendo/Switch NSO 7.pal": {"hash": "7fb70ad6514ec241b335f83204f2b82b", "size": 192, "tags": [0, 18, 19], "zip_id": "nes_palettes"}, "games/NES/Palettes/Nintendo/Switch NSO 8.pal": {"hash": "ce48885045bf2a43d3b01c9af76ea51e", "size": 192, "tags": [0, 18, 19], "zip_id": "nes_palettes"}, "games/NES/Palettes/Nintendo/Virtual Console/3DS VC.pal": {"hash": "d37cff91af408788b4bd2f832564002b", "size": 192, "tags": [0, 18, 19], "zip_id": "nes_palettes"}, "games/NES/Palettes/Nintendo/Virtual Console/NES Remix - Wii U.pal": {"hash": "4a0f724a6ed0ad20d7a948b3a7679fa6", "size": 192, "tags": [0, 18, 19], "zip_id": "nes_palettes"}, "games/NES/Palettes/Nintendo/Virtual Console/Wii_VC (Normalized).pal": {"hash": "77195faa49effe6477f382b345513c19", "size": 192, "tags": [0, 18, 19], "zip_id": "nes_palettes"}, "games/NES/Palettes/Nintendo/Virtual Console/Wii_VC.pal": {"hash": "f456ed19ded4596d665f9d08c4833a87", "size": 192, "tags": [0, 18, 19], "zip_id": "nes_palettes"}, "games/NES/Palettes/Nintendo/Virtual Console/xvzgjw - Wii VC.pal": {"hash": "61579f1059aef79f5cb5a54b3cfac1a0", "size": 192, "tags": [0, 18, 19], "zip_id": "nes_palettes"}, "games/NES/Palettes/Nintendulator.pal": {"hash": "03aaae8d5c2b0b1e40885ef94c205b6f", "size": 192, "tags": [0, 18, 19], "zip_id": "nes_palettes"}, "games/NES/Palettes/PC-10.pal": {"hash": "b8b23e84e03bcc9f056500e005613c4e", "size": 192, "tags": [0, 18, 19], "zip_id": "nes_palettes"}, "games/NES/Palettes/PC10 Better.pal": {"hash": "cf0458173b10f960584f8b9e29e1f30c", "size": 192, "tags": [0, 18, 19], "zip_id": "nes_palettes"}, "games/NES/Palettes/PVM.pal": {"hash": "2c2e325891a1414d80f43682826d4a88", "size": 192, "tags": [0, 18, 19], "zip_id": "nes_palettes"}, "games/NES/Palettes/Real.pal": {"hash": "b148158d0687f887d5c53b125bab5d44", "size": 192, "tags": [0, 18, 19], "zip_id": "nes_palettes"}, "games/NES/Palettes/Rockman 9.pal": {"hash": "72c23bbd6151e136620bd8d27e4b8f2b", "size": 192, "tags": [0, 18, 19], "zip_id": "nes_palettes"}, "games/NES/Palettes/Unsaturated.pal": {"hash": "4207ddc2f22fd13b2cdf6359183ac0ae", "size": 192, "tags": [0, 18, 19], "zip_id": "nes_palettes"}, "games/NES/Palettes/Unsaturated/Unsaturated-Final.pal": {"hash": "4207ddc2f22fd13b2cdf6359183ac0ae", "size": 192, "tags": [0, 18, 19], "zip_id": "nes_palettes"}, "games/NES/Palettes/Unsaturated/Unsaturated-V4.pal": {"hash": "c120c591d0fe8dfec34cff1616e774d9", "size": 192, "tags": [0, 18, 19], "zip_id": "nes_palettes"}, "games/NES/Palettes/Unsaturated/Unsaturated-V5.pal": {"hash": "719b829e0dbd238fc7674f406dbd2202", "size": 192, "tags": [0, 18, 19], "zip_id": "nes_palettes"}, "games/NES/Palettes/Unsaturated/Unsaturated-V6.pal": {"hash": "8e0209e6b7cdce226db2673520ac7bd1", "size": 192, "tags": [0, 18, 19], "zip_id": "nes_palettes"}, "games/NES/Palettes/Unsaturated/Unsaturated-V7.pal": {"hash": "4abb7a9b0e15710fb230a5096db38e08", "size": 192, "tags": [0, 18, 19], "zip_id": "nes_palettes"}, "games/NES/Palettes/YUV.pal": {"hash": "9d4520e0bfdad960706701d22a4bc3bb", "size": 192, "tags": [0, 18, 19], "zip_id": "nes_palettes"}}, "folders": {"games": {"tags": [18], "zip_id": "nes_palettes"}, "games/NES": {"tags": [0, 18], "zip_id": "nes_palettes"}, "games/NES/Palettes": {"tags": [0, 18, 19], "zip_id": "nes_palettes"}, "games/NES/Palettes/Console & PC": {"tags": [0, 18, 19], "zip_id": "nes_palettes"}, "games/NES/Palettes/Console & PC/Super Gameboy": {"tags": [0, 18, 19], "zip_id": "nes_palettes"}, "games/NES/Palettes/Console & PC/Super Gameboy/Alternate": {"tags": [0, 18, 19], "zip_id": "nes_palettes"}, "games/NES/Palettes/Emulator": {"tags": [0, 18, 19], "zip_id": "nes_palettes"}, "games/NES/Palettes/Emulator/MegaMan": {"tags": [0, 18, 19], "zip_id": "nes_palettes"}, "games/NES/Palettes/Miscellaneous": {"tags": [0, 18, 19], "zip_id": "nes_palettes"}, "games/NES/Palettes/Miscellaneous/AspiringSquire": {"tags": [0, 18, 19], "zip_id": "nes_palettes"}, "games/NES/Palettes/Miscellaneous/BMF": {"tags": [0, 18, 19], "zip_id": "nes_palettes"}, "games/NES/Palettes/Miscellaneous/Color Math": {"tags": [0, 18, 19], "zip_id": "nes_palettes"}, "games/NES/Palettes/Miscellaneous/Color Math/Soltan": {"tags": [0, 18, 19], "zip_id": "nes_palettes"}, "games/NES/Palettes/Miscellaneous/Color Math/Test Palettes": {"tags": [0, 18, 19], "zip_id": "nes_palettes"}, "games/NES/Palettes/Miscellaneous/Custom": {"tags": [0, 18, 19], "zip_id": "nes_palettes"}, "games/NES/Palettes/Miscellaneous/Custom/Michael Bay": {"tags": [0, 18, 19], "zip_id": "nes_palettes"}, "games/NES/Palettes/Miscellaneous/Custom/TheWolfBunny64": {"tags": [0, 18, 19], "zip_id": "nes_palettes"}, "games/NES/Palettes/Miscellaneous/Custom/Virtual Red": {"tags": [0, 18, 19], "zip_id": "nes_palettes"}, "games/NES/Palettes/Miscellaneous/FirebrandX": {"tags": [0, 18, 19], "zip_id": "nes_palettes"}, "games/NES/Palettes/Miscellaneous/FirebrandX/Deprecated": {"tags": [0, 18, 19], "zip_id": "nes_palettes"}, "games/NES/Palettes/Miscellaneous/Kizul": {"tags": [0, 18, 19], "zip_id": "nes_palettes"}, "games/NES/Palettes/Miscellaneous/Kizul/Dougeff (Modified Kizul)": {"tags": [0, 18, 19], "zip_id": "nes_palettes"}, "games/NES/Palettes/Miscellaneous/Kizul/Old": {"tags": [0, 18, 19], "zip_id": "nes_palettes"}, "games/NES/Palettes/Miscellaneous/NakedArthur (Wavebeam)": {"tags": [0, 18, 19], "zip_id": "nes_palettes"}, "games/NES/Palettes/Miscellaneous/NakedArthur (Wavebeam)/Old": {"tags": [0, 18, 19], "zip_id": "nes_palettes"}, "games/NES/Palettes/Miscellaneous/Nintaco": {"tags": [0, 18, 19], "zip_id": "nes_palettes"}, "games/NES/Palettes/Miscellaneous/PixelTao": {"tags": [0, 18, 19], "zip_id": "nes_palettes"}, "games/NES/Palettes/Miscellaneous/RGBSource": {"tags": [0, 18, 19], "zip_id": "nes_palettes"}, "games/NES/Palettes/Miscellaneous/RGBSource/AVS & Hi-Def NES": {"tags": [0, 18, 19], "zip_id": "nes_palettes"}, "games/NES/Palettes/Miscellaneous/StickFreaks": {"tags": [0, 18, 19], "zip_id": "nes_palettes"}, "games/NES/Palettes/Miscellaneous/StickFreaks/Deprecated": {"tags": [0, 18, 19], "zip_id": "nes_palettes"}, "games/NES/Palettes/Miscellaneous/Terratec": {"tags": [0, 18, 19], "zip_id": "nes_palettes"}, "games/NES/Palettes/Nintendo": {"tags": [0, 18, 19], "zip_id": "nes_palettes"}, "games/NES/Palettes/Nintendo/NES VS Arcade Palettes": {"tags": [0, 18, 19], "zip_id": "nes_palettes"}, "games/NES/Palettes/Nintendo/NES VS Arcade Palettes/Palettes 2C03-2C04": {"tags": [0, 18, 19], "zip_id": "nes_palettes"}, "games/NES/Palettes/Nintendo/Virtual Console": {"tags": [0, 18, 19], "zip_id": "nes_palettes"}, "games/NES/Palettes/Unsaturated": {"tags": [0, 18, 19], "zip_id": "nes_palettes"}}}