{"files": {"Cheats/TGFX16-CD/3 in 1 DUO Demo CD (SCD)(USA).zip": {"hash": "af02eb63c67d8a3b6d416e741f87f4d4", "size": 1418, "tags": [3, 15], "zip_id": "cheats_folder_tgfx16-cd"}, "Cheats/TGFX16-CD/4 in 1 Super CD (SCD)(USA).zip": {"hash": "4b35da1e9ecc867469343a628ef59529", "size": 698, "tags": [3, 15], "zip_id": "cheats_folder_tgfx16-cd"}, "Cheats/TGFX16-CD/Advanced Variable Geo (SCD)(Jpn).zip": {"hash": "5e62ff1be864439ce8800e2781372d8c", "size": 589, "tags": [3, 15], "zip_id": "cheats_folder_tgfx16-cd"}, "Cheats/TGFX16-CD/Ai Chou Aniki (SCD)(Jpn).zip": {"hash": "3547396392cad32d43acb45daddcb0ce", "size": 542, "tags": [3, 15], "zip_id": "cheats_folder_tgfx16-cd"}, "Cheats/TGFX16-CD/Akumajou Dracula X - Chi no Rondo (SCD)(Jpn).zip": {"hash": "3ab22dcfd65ac37d5459e5efa7b53e48", "size": 2825, "tags": [3, 15], "zip_id": "cheats_folder_tgfx16-cd"}, "Cheats/TGFX16-CD/Ane-San (SCD)(Jpn).zip": {"hash": "021e3796c982f56fb736c9f29dc1edf5", "size": 600, "tags": [3, 15], "zip_id": "cheats_folder_tgfx16-cd"}, "Cheats/TGFX16-CD/Asuka 120% Maxima Burning Fest (SCD)(Jpn).zip": {"hash": "38778bc854b4c17f2f994ad4a6c19ac6", "size": 291, "tags": [3, 15], "zip_id": "cheats_folder_tgfx16-cd"}, "Cheats/TGFX16-CD/Avenger (CD)(Jpn).zip": {"hash": "fc7f641e8a7924194d7c1beff8945cf0", "size": 736, "tags": [3, 15], "zip_id": "cheats_folder_tgfx16-cd"}, "Cheats/TGFX16-CD/Baby Jo (SCD)(Jpn).zip": {"hash": "d35e20f574cb49ef5ac41aa9f8f0b79c", "size": 576, "tags": [3, 15], "zip_id": "cheats_folder_tgfx16-cd"}, "Cheats/TGFX16-CD/Bakushou Yoshimoto no Shinkigeki (SCD)(Jpn).zip": {"hash": "ffd14374fcc97b2e9deb57b1f0215eb1", "size": 410, "tags": [3, 15], "zip_id": "cheats_folder_tgfx16-cd"}, "Cheats/TGFX16-CD/Black Hole Assault (SCD)(Jpn).zip": {"hash": "4509c8be811588d25380651aec61c274", "size": 913, "tags": [3, 15], "zip_id": "cheats_folder_tgfx16-cd"}, "Cheats/TGFX16-CD/Blood Gear (SCD)(Jpn).zip": {"hash": "00d6d1d321fc898e04d5008f7c7f6e72", "size": 1006, "tags": [3, 15], "zip_id": "cheats_folder_tgfx16-cd"}, "Cheats/TGFX16-CD/Bomberman Panic Bomber (SCD)(Jpn).zip": {"hash": "a795cb4f2f3692443b5d3660529e5c25", "size": 450, "tags": [3, 15], "zip_id": "cheats_folder_tgfx16-cd"}, "Cheats/TGFX16-CD/Bonk III - Bonk's Big Adventure (SCD)(USA).zip": {"hash": "c017a15a16ab63ed0a810858341fc4cd", "size": 904, "tags": [3, 15], "zip_id": "cheats_folder_tgfx16-cd"}, "Cheats/TGFX16-CD/Brandish (ACD, SCD)(Jpn).zip": {"hash": "464f2154522a864eeeec17c80ba3e606", "size": 1686, "tags": [3, 15], "zip_id": "cheats_folder_tgfx16-cd"}, "Cheats/TGFX16-CD/Browning (SCD)(Jpn).zip": {"hash": "4a4e1604177f4cecfad5b40b9840b0fa", "size": 270, "tags": [3, 15], "zip_id": "cheats_folder_tgfx16-cd"}, "Cheats/TGFX16-CD/Burai - Hachigyoku no Yuushi Densetsu (CD)(Jpn).zip": {"hash": "9c0d1155600019a8fa1eb3e97aeccdf8", "size": 598, "tags": [3, 15], "zip_id": "cheats_folder_tgfx16-cd"}, "Cheats/TGFX16-CD/Buster Bros. (CD)(USA).zip": {"hash": "348d391f0485f324120731b2d870e93b", "size": 596, "tags": [3, 15], "zip_id": "cheats_folder_tgfx16-cd"}, "Cheats/TGFX16-CD/CD Denjin Rockabilly Tengoku (SCD)(Jpn).zip": {"hash": "93d15c11124dd48378e31bde3e9f42be", "size": 408, "tags": [3, 15], "zip_id": "cheats_folder_tgfx16-cd"}, "Cheats/TGFX16-CD/Chiki Chiki Boys (SCD)(Jpn).zip": {"hash": "1bbb5708c5b61ccbba03561a4076b274", "size": 854, "tags": [3, 15], "zip_id": "cheats_folder_tgfx16-cd"}, "Cheats/TGFX16-CD/Chou Aniki (SCD)(Jpn).zip": {"hash": "888300f0ef604789d359b188c076c225", "size": 491, "tags": [3, 15], "zip_id": "cheats_folder_tgfx16-cd"}, "Cheats/TGFX16-CD/Choujikuu Yousai Macross 2036 (CD, SCD)(Jpn).zip": {"hash": "771a5f1d221f29863f8524e58a9c7f5e", "size": 266, "tags": [3, 15], "zip_id": "cheats_folder_tgfx16-cd"}, "Cheats/TGFX16-CD/Cosmic Fantasy - Bouken Shounen Yuu (CD)(Jpn).zip": {"hash": "e60da9185d4d8887dd78c55efe7ca8f0", "size": 830, "tags": [3, 15], "zip_id": "cheats_folder_tgfx16-cd"}, "Cheats/TGFX16-CD/Cosmic Fantasy II (CD)(USA).zip": {"hash": "eb3c3942d940a54b60c88892d4870266", "size": 1516, "tags": [3, 15], "zip_id": "cheats_folder_tgfx16-cd"}, "Cheats/TGFX16-CD/Cosmic Fantasy III - Bouken Shounen Rei (SCD)(Jpn).zip": {"hash": "52c6baf12925e6a1f86feb3faf0f34de", "size": 574, "tags": [3, 15], "zip_id": "cheats_folder_tgfx16-cd"}, "Cheats/TGFX16-CD/Cotton - Fantastic Night Dreams (SCD)(USA).zip": {"hash": "c867bf62cd77483e5aa29a4fdec9cd91", "size": 609, "tags": [3, 15], "zip_id": "cheats_folder_tgfx16-cd"}, "Cheats/TGFX16-CD/Deden no Den (SCD)(Jpn).zip": {"hash": "52337f2358f4a6858026cc93439dd512", "size": 286, "tags": [3, 15], "zip_id": "cheats_folder_tgfx16-cd"}, "Cheats/TGFX16-CD/Doraemon Nobita no Dorabian Night (SCD)(Jpn).zip": {"hash": "83315324b35190f10a37a3a12b2e7e81", "size": 466, "tags": [3, 15], "zip_id": "cheats_folder_tgfx16-cd"}, "Cheats/TGFX16-CD/Double Dragon II - The Revenge (SCD)(Jpn).zip": {"hash": "616d125158c8362dff356fb4616de473", "size": 842, "tags": [3, 15], "zip_id": "cheats_folder_tgfx16-cd"}, "Cheats/TGFX16-CD/Download II (CD)(Jpn).zip": {"hash": "08b2af037cc3463d449ec1775a3384ad", "size": 412, "tags": [3, 15], "zip_id": "cheats_folder_tgfx16-cd"}, "Cheats/TGFX16-CD/Downtown Nekketsu Monogatari (SCD)(Jpn).zip": {"hash": "ce8634011f202bf32eee3084cd61b994", "size": 742, "tags": [3, 15], "zip_id": "cheats_folder_tgfx16-cd"}, "Cheats/TGFX16-CD/Dragon Half (SCD)(Jpn).zip": {"hash": "d50d358fb226d607527a8d077a5c0dbf", "size": 278, "tags": [3, 15], "zip_id": "cheats_folder_tgfx16-cd"}, "Cheats/TGFX16-CD/Dragon Knight & Grafitti (SCD)(Jpn).zip": {"hash": "5896ee2ed59ba7f1c50acda05b935089", "size": 1260, "tags": [3, 15], "zip_id": "cheats_folder_tgfx16-cd"}, "Cheats/TGFX16-CD/Dragon Slayer - Eiyuu Densetsu II (SCD)(Jpn).zip": {"hash": "c461ab7b5e97a64eaf24b869c23a42ff", "size": 575, "tags": [3, 15], "zip_id": "cheats_folder_tgfx16-cd"}, "Cheats/TGFX16-CD/Dragon Slayer - The Legend of Heroes (SCD)(USA).zip": {"hash": "ce21383250cc74a7b74ea2dee18fa00b", "size": 551, "tags": [3, 15], "zip_id": "cheats_folder_tgfx16-cd"}, "Cheats/TGFX16-CD/Dungeon Explorer II (SCD)(Jpn).zip": {"hash": "ef512a8ad0421e06c039904bdb6d24e4", "size": 4018, "tags": [3, 15], "zip_id": "cheats_folder_tgfx16-cd"}, "Cheats/TGFX16-CD/Dungeon Explorer II (SCD)(USA).zip": {"hash": "23b3f7563f702a03420cf0d291650963", "size": 4166, "tags": [3, 15], "zip_id": "cheats_folder_tgfx16-cd"}, "Cheats/TGFX16-CD/Efera & Jiliora - The Emblem from Darkness (CD)(Jpn).zip": {"hash": "1cc4957c5142c4ea50137ff31cb95750", "size": 1034, "tags": [3, 15], "zip_id": "cheats_folder_tgfx16-cd"}, "Cheats/TGFX16-CD/Exile (CD)(USA).zip": {"hash": "9d81ef1f0bfa8ad10a5a08ba6e1dbf78", "size": 838, "tags": [3, 15], "zip_id": "cheats_folder_tgfx16-cd"}, "Cheats/TGFX16-CD/Exile II - Janen no Jishou (SCD)(Jpn).zip": {"hash": "8c6202160d1a6bc05049246d9f34adf8", "size": 272, "tags": [3, 15], "zip_id": "cheats_folder_tgfx16-cd"}, "Cheats/TGFX16-CD/Exile II - Wicked Phenomenon (SCD)(USA).zip": {"hash": "1753c6bbe2a7086f853281744aacb287", "size": 404, "tags": [3, 15], "zip_id": "cheats_folder_tgfx16-cd"}, "Cheats/TGFX16-CD/Farjius no Jakoutei - Neo Metal Fantasy (SCD)(Jpn).zip": {"hash": "fb16e28ab76ca255e78b7be4426ee90e", "size": 899, "tags": [3, 15], "zip_id": "cheats_folder_tgfx16-cd"}, "Cheats/TGFX16-CD/Faussete Amour (SCD)(Jpn).zip": {"hash": "144b9f6623fe3a2352b1288c81cdac4c", "size": 1695, "tags": [3, 15], "zip_id": "cheats_folder_tgfx16-cd"}, "Cheats/TGFX16-CD/Fiend Hunter (SCD)(Jpn).zip": {"hash": "b9e742e1091cf64eea609cffd64c7e9e", "size": 1452, "tags": [3, 15], "zip_id": "cheats_folder_tgfx16-cd"}, "Cheats/TGFX16-CD/Fighting Street (CD)(Jpn).zip": {"hash": "2da8bbb8d302c1fdf24f43d15675d36c", "size": 572, "tags": [3, 15], "zip_id": "cheats_folder_tgfx16-cd"}, "Cheats/TGFX16-CD/Fighting Street (CD)(USA).zip": {"hash": "574c932240d31608227c725a943003e1", "size": 885, "tags": [3, 15], "zip_id": "cheats_folder_tgfx16-cd"}, "Cheats/TGFX16-CD/Final Zone II (CD)(Jpn).zip": {"hash": "1b4a7f3f8949bd8826959be9fb485fdc", "size": 570, "tags": [3, 15], "zip_id": "cheats_folder_tgfx16-cd"}, "Cheats/TGFX16-CD/Final Zone II (CD)(USA).zip": {"hash": "ce8d75fef928e7f83e06d89acea848e6", "size": 558, "tags": [3, 15], "zip_id": "cheats_folder_tgfx16-cd"}, "Cheats/TGFX16-CD/Flash Hiders (SCD)(Jpn).zip": {"hash": "fd31ec52f46557f9b3e3b71812112d3b", "size": 1266, "tags": [3, 15], "zip_id": "cheats_folder_tgfx16-cd"}, "Cheats/TGFX16-CD/Flash Hiders Taikenban (SCD)(Jpn).zip": {"hash": "ce6da78bc50034372420d4ef94d85d91", "size": 1605, "tags": [3, 15], "zip_id": "cheats_folder_tgfx16-cd"}, "Cheats/TGFX16-CD/Forgotten Worlds (SCD)(Jpn).zip": {"hash": "c4e96f603e1f3a757f3479f1efc77f34", "size": 714, "tags": [3, 15], "zip_id": "cheats_folder_tgfx16-cd"}, "Cheats/TGFX16-CD/Forgotten Worlds (SCD)(USA).zip": {"hash": "23c2ca2e8e7c3f15a327b571530b4af7", "size": 854, "tags": [3, 15], "zip_id": "cheats_folder_tgfx16-cd"}, "Cheats/TGFX16-CD/Fray CD Xak Gaiden (SCD)(Jpn).zip": {"hash": "25c9db96f83e5e812ac805d3d478f056", "size": 300, "tags": [3, 15], "zip_id": "cheats_folder_tgfx16-cd"}, "Cheats/TGFX16-CD/Gain Ground SX (SCD)(Jpn).zip": {"hash": "96af4384d7664221572d785627d933b6", "size": 584, "tags": [3, 15], "zip_id": "cheats_folder_tgfx16-cd"}, "Cheats/TGFX16-CD/Galaxy Deka Gayvan (SCD)(Jpn).zip": {"hash": "cbe2b7b5f318565cbf48d982b2f92514", "size": 754, "tags": [3, 15], "zip_id": "cheats_folder_tgfx16-cd"}, "Cheats/TGFX16-CD/Garou Densetsu II - Aratanaru Tatakai - Sample Disc (ACD)(Jpn).zip": {"hash": "842fa756a6e119d94f5922763d67cf69", "size": 642, "tags": [3, 15], "zip_id": "cheats_folder_tgfx16-cd"}, "Cheats/TGFX16-CD/Garou Densetsu II - Aratanaru Tatakai [Imperfect] (ACD)(Jpn).zip": {"hash": "d2bfa1ff50e7403922459de0637582ea", "size": 723, "tags": [3, 15], "zip_id": "cheats_folder_tgfx16-cd"}, "Cheats/TGFX16-CD/Garou Densetsu Special (ACD)(Jpn).zip": {"hash": "ad6f09475af464d8d3fe11a640d6a502", "size": 1367, "tags": [3, 15], "zip_id": "cheats_folder_tgfx16-cd"}, "Cheats/TGFX16-CD/Garou Densetsu Special - Simple Disc (ACD)(JPN).zip": {"hash": "6cfb8a2936a24b57d9a8574f3c498033", "size": 1142, "tags": [3, 15], "zip_id": "cheats_folder_tgfx16-cd"}, "Cheats/TGFX16-CD/Gate of Thunder (SCD)(Jpn).zip": {"hash": "802f0ef5027e355ab4c9b65ccc3c2da7", "size": 562, "tags": [3, 15], "zip_id": "cheats_folder_tgfx16-cd"}, "Cheats/TGFX16-CD/Genocide (SCD)(Jpn).zip": {"hash": "6c79cce8893f3a898b8d6400a77da60a", "size": 280, "tags": [3, 15], "zip_id": "cheats_folder_tgfx16-cd"}, "Cheats/TGFX16-CD/Gensou Tairiku Auleria (CD)(Jpn).zip": {"hash": "174b4393359a7ff815472e6fcc56430b", "size": 1336, "tags": [3, 15], "zip_id": "cheats_folder_tgfx16-cd"}, "Cheats/TGFX16-CD/Ginga Fukei Densetsu Sapphire (ACD)(Jpn).zip": {"hash": "26bd8066fb34047f994d529fec3b465c", "size": 1588, "tags": [3, 15], "zip_id": "cheats_folder_tgfx16-cd"}, "Cheats/TGFX16-CD/God Panic - Shijou Saikyou Gundan (SCD)(Jpn).zip": {"hash": "7355b2f40073185396bc4484f16cf64c", "size": 690, "tags": [3, 15], "zip_id": "cheats_folder_tgfx16-cd"}, "Cheats/TGFX16-CD/Godzilla (SCD)(USA).zip": {"hash": "409c611ad15200f3caecb8ed6f485b8b", "size": 276, "tags": [3, 15], "zip_id": "cheats_folder_tgfx16-cd"}, "Cheats/TGFX16-CD/Godzilla - Bakutou Retsuden (SCD)(Jpn).zip": {"hash": "c2977a50ece953f9c74f8112461bad10", "size": 421, "tags": [3, 15], "zip_id": "cheats_folder_tgfx16-cd"}, "Cheats/TGFX16-CD/Golden Axe (CD)(Jpn).zip": {"hash": "79a42e7f400f1182222a2a9ec8c75ef7", "size": 693, "tags": [3, 15], "zip_id": "cheats_folder_tgfx16-cd"}, "Cheats/TGFX16-CD/Gotzendiener (SCD)(Jpn).zip": {"hash": "47531c962f943a25f1a90e2d61793fd3", "size": 270, "tags": [3, 15], "zip_id": "cheats_folder_tgfx16-cd"}, "Cheats/TGFX16-CD/Gradius II - Gofer no Yabou (SCD)(Jpn).zip": {"hash": "c33e5b1b1761bc974c449cceed92594c", "size": 1043, "tags": [3, 15], "zip_id": "cheats_folder_tgfx16-cd"}, "Cheats/TGFX16-CD/Hawk F-123 (SCD)(Jpn).zip": {"hash": "08cdfe4a4f0ba0210efa5dfb1bacea9b", "size": 1196, "tags": [3, 15], "zip_id": "cheats_folder_tgfx16-cd"}, "Cheats/TGFX16-CD/Hellfire S - The Another Story (CD)(Jpn).zip": {"hash": "831ddac1de626e452ec8e99f00470d1d", "size": 404, "tags": [3, 15], "zip_id": "cheats_folder_tgfx16-cd"}, "Cheats/TGFX16-CD/Hyper Dyne SideArms Special (CD)(Jpn).zip": {"hash": "4bbdd81d8998f539dd503887702ef0ce", "size": 844, "tags": [3, 15], "zip_id": "cheats_folder_tgfx16-cd"}, "Cheats/TGFX16-CD/Jim Power - In Mutant Planet (SCD)(Jpn).zip": {"hash": "fbef6076075ca96d5ae617c967a13c0a", "size": 814, "tags": [3, 15], "zip_id": "cheats_folder_tgfx16-cd"}, "Cheats/TGFX16-CD/Kaizou Choujin Shubibinman III - Ikai no Princess (CD)(Jpn).zip": {"hash": "6ec0d601db68e0cd11a64eee1938cbcf", "size": 578, "tags": [3, 15], "zip_id": "cheats_folder_tgfx16-cd"}, "Cheats/TGFX16-CD/Kakutou Haou Densetsu Algunos (SCD)(Jpn).zip": {"hash": "68629c8a048a109bb51c6ef9620d454a", "size": 578, "tags": [3, 15], "zip_id": "cheats_folder_tgfx16-cd"}, "Cheats/TGFX16-CD/Kaze Kiri - Ninja Action (SCD)(Jpn).zip": {"hash": "9310d6e74e648da23ede62643e42e3e6", "size": 1718, "tags": [3, 15], "zip_id": "cheats_folder_tgfx16-cd"}, "Cheats/TGFX16-CD/Kaze no Densetsu Xanadu (SCD)(Jpn).zip": {"hash": "e82ffca15a767c53831ef889f0dc22cf", "size": 853, "tags": [3, 15], "zip_id": "cheats_folder_tgfx16-cd"}, "Cheats/TGFX16-CD/Kaze no Densetsu Xanadu II (SCD)(Jpn).zip": {"hash": "5db40cfc5d459c2ed23c173298664a7b", "size": 824, "tags": [3, 15], "zip_id": "cheats_folder_tgfx16-cd"}, "Cheats/TGFX16-CD/Kiaidan 00 (SCD)(Jpn).zip": {"hash": "8a938e5014bdda50f47fa9678ee82e87", "size": 270, "tags": [3, 15], "zip_id": "cheats_folder_tgfx16-cd"}, "Cheats/TGFX16-CD/L-Dis (CD)(Jpn).zip": {"hash": "9b310642ca048e9eafec127ae9f081ee", "size": 286, "tags": [3, 15], "zip_id": "cheats_folder_tgfx16-cd"}, "Cheats/TGFX16-CD/Last Alert (CD)(USA).zip": {"hash": "a5bb79ce1034c17dcc20007dfc02e1fa", "size": 406, "tags": [3, 15], "zip_id": "cheats_folder_tgfx16-cd"}, "Cheats/TGFX16-CD/Legion (CD)(Jpn).zip": {"hash": "889d3f909a61e84b07e9c803885b8b85", "size": 270, "tags": [3, 15], "zip_id": "cheats_folder_tgfx16-cd"}, "Cheats/TGFX16-CD/Lords of Thunder (SCD)(USA).zip": {"hash": "a8fb5c2e4b0f2a5d24cbc274457b6a67", "size": 954, "tags": [3, 15], "zip_id": "cheats_folder_tgfx16-cd"}, "Cheats/TGFX16-CD/Mad Stalker - Full Metal Force (ACD)(Jpn).zip": {"hash": "048ea623781afe3bb5483f7eca7b34c0", "size": 440, "tags": [3, 15], "zip_id": "cheats_folder_tgfx16-cd"}, "Cheats/TGFX16-CD/Magical Fantasy Adventure - Popful Mail (ACD, SCD)(Jpn).zip": {"hash": "96d78e3f3cc39bac90eb64dc9e7394b9", "size": 1975, "tags": [3, 15], "zip_id": "cheats_folder_tgfx16-cd"}, "Cheats/TGFX16-CD/Martial Champion (SCD)(Jpn).zip": {"hash": "e57f9c26a91224fdf72b3449ddeffeb5", "size": 446, "tags": [3, 15], "zip_id": "cheats_folder_tgfx16-cd"}, "Cheats/TGFX16-CD/Meteor Blaster DX (SCD)(USA)[bad toc].zip": {"hash": "fb9886ebb8832e29de720d3193fa24fe", "size": 408, "tags": [3, 15], "zip_id": "cheats_folder_tgfx16-cd"}, "Cheats/TGFX16-CD/Monster Lair (CD)(USA).zip": {"hash": "9ec6005e59c964c9939888f1267acfa9", "size": 1026, "tags": [3, 15], "zip_id": "cheats_folder_tgfx16-cd"}, "Cheats/TGFX16-CD/Monster Lair - Wonderboy III (CD)(Jpn).zip": {"hash": "135997860a238baaf779ca836a50b092", "size": 560, "tags": [3, 15], "zip_id": "cheats_folder_tgfx16-cd"}, "Cheats/TGFX16-CD/Mugen Senshi Valis - Legend of a Fantasm Soldier (SCD)(Jpn).zip": {"hash": "f9fd90aa8890e22a1a3c2fa60d9797bf", "size": 1613, "tags": [3, 15], "zip_id": "cheats_folder_tgfx16-cd"}, "Cheats/TGFX16-CD/Mystic Formula (SCD)(Jpn).zip": {"hash": "418d7a6d989fc9832782726c5ef85bb8", "size": 746, "tags": [3, 15], "zip_id": "cheats_folder_tgfx16-cd"}, "Cheats/TGFX16-CD/Neo Nectaris (SCD)(Jpn).zip": {"hash": "c759c64d0081ec0f37713a2489b89da6", "size": 281, "tags": [3, 15], "zip_id": "cheats_folder_tgfx16-cd"}, "Cheats/TGFX16-CD/Pachio-kun - Warau Uchuu (SCD)(Jpn).zip": {"hash": "774fabe1588c1a688c15821da9c2571f", "size": 316, "tags": [3, 15], "zip_id": "cheats_folder_tgfx16-cd"}, "Cheats/TGFX16-CD/Princess Minerva (SCD)(Jpn).zip": {"hash": "81de1713aa7319d2bf5478b484e57363", "size": 622, "tags": [3, 15], "zip_id": "cheats_folder_tgfx16-cd"}, "Cheats/TGFX16-CD/Psychic Storm (SCD)(Jpn).zip": {"hash": "6753aec455014d94e59d11b75e7d2fcc", "size": 770, "tags": [3, 15], "zip_id": "cheats_folder_tgfx16-cd"}, "Cheats/TGFX16-CD/R-Type Complete CD (SCD)(Jpn).zip": {"hash": "eb626a84a91085bcc02f89b17165eddf", "size": 416, "tags": [3, 15], "zip_id": "cheats_folder_tgfx16-cd"}, "Cheats/TGFX16-CD/Ranma   (CD)(Jpn).zip": {"hash": "6b11700b594ea06be6eb4a30b42b6030", "size": 270, "tags": [3, 15], "zip_id": "cheats_folder_tgfx16-cd"}, "Cheats/TGFX16-CD/Rayxanber II (CD)(Jpn).zip": {"hash": "003e5417c06da0338bbf2f25b1dd5099", "size": 404, "tags": [3, 15], "zip_id": "cheats_folder_tgfx16-cd"}, "Cheats/TGFX16-CD/Red Alert (CD)(Jpn).zip": {"hash": "61655a50c638bf851b715bcf1b401897", "size": 697, "tags": [3, 15], "zip_id": "cheats_folder_tgfx16-cd"}, "Cheats/TGFX16-CD/Riot Zone (SCD)(USA).zip": {"hash": "2ee26bef2478a117fb2b7dea6a6a5eb0", "size": 406, "tags": [3, 15], "zip_id": "cheats_folder_tgfx16-cd"}, "Cheats/TGFX16-CD/Seirei Senshi Spriggan (CD)(Jpn).zip": {"hash": "c121458ee9463a699de5f6d85140a54a", "size": 404, "tags": [3, 15], "zip_id": "cheats_folder_tgfx16-cd"}, "Cheats/TGFX16-CD/Shadow of the Beast (SCD)(USA).zip": {"hash": "778ee7f0e5d684e9fa09569071a44a12", "size": 410, "tags": [3, 15], "zip_id": "cheats_folder_tgfx16-cd"}, "Cheats/TGFX16-CD/Shape Shifter (SCD)(USA).zip": {"hash": "2e8dd83d0a436bede0784a0250aa9414", "size": 710, "tags": [3, 15], "zip_id": "cheats_folder_tgfx16-cd"}, "Cheats/TGFX16-CD/Shin Megami Tensei (SCD)(Jpn).zip": {"hash": "0408a9250176cc2695bf0d3b81f535f9", "size": 304, "tags": [3, 15], "zip_id": "cheats_folder_tgfx16-cd"}, "Cheats/TGFX16-CD/Sorcerian (SCD)(Jpn).zip": {"hash": "77c65b2fe8b1b87f86e2591c0be81181", "size": 767, "tags": [3, 15], "zip_id": "cheats_folder_tgfx16-cd"}, "Cheats/TGFX16-CD/Space Fantasy Zone [Prototype][Backup] (CD, SCD)(Jpn).zip": {"hash": "3be17871bffbcd99b174009f82263583", "size": 537, "tags": [3, 15], "zip_id": "cheats_folder_tgfx16-cd"}, "Cheats/TGFX16-CD/Spriggan Mark II - Re Terraform Project [Imperfect] (SCD)(Jpn).zip": {"hash": "ec2eced6f3813590908a8bcb09d3fb4c", "size": 270, "tags": [3, 15], "zip_id": "cheats_folder_tgfx16-cd"}, "Cheats/TGFX16-CD/Star Parodia (SCD)(Jpn).zip": {"hash": "201523ba66f745d5410ac95a5855a59b", "size": 422, "tags": [3, 15], "zip_id": "cheats_folder_tgfx16-cd"}, "Cheats/TGFX16-CD/Startling Odyssey II - Makyou Sensou (SCD)(Jpn).zip": {"hash": "afc82a5b3edbb5a39979f35a508e43e1", "size": 2464, "tags": [3, 15], "zip_id": "cheats_folder_tgfx16-cd"}, "Cheats/TGFX16-CD/Strider Hiryuu (ACD)(Jpn).zip": {"hash": "4725c3f0455b9f0770124292f6306117", "size": 1137, "tags": [3, 15], "zip_id": "cheats_folder_tgfx16-cd"}, "Cheats/TGFX16-CD/Summer Carnival '92 - Alzadick (CD)(Jpn).zip": {"hash": "5d07b318f7f4445736c505f530b588b5", "size": 266, "tags": [3, 15], "zip_id": "cheats_folder_tgfx16-cd"}, "Cheats/TGFX16-CD/Summer Carnival '93 - Nexzr Special (SCD)(Jpn).zip": {"hash": "331273bba8bf01071506c8a8f6a7c1d2", "size": 266, "tags": [3, 15], "zip_id": "cheats_folder_tgfx16-cd"}, "Cheats/TGFX16-CD/Super Darius (CD)(Jpn).zip": {"hash": "f21290ed0076408580c511060e7e0c4b", "size": 794, "tags": [3, 15], "zip_id": "cheats_folder_tgfx16-cd"}, "Cheats/TGFX16-CD/Super Darius II (SCD)(Jpn).zip": {"hash": "c7a1e377966e6b7cfcae0bcd2b540261", "size": 404, "tags": [3, 15], "zip_id": "cheats_folder_tgfx16-cd"}, "Cheats/TGFX16-CD/Super Raiden (SCD)(Jpn).zip": {"hash": "1abf1637e9d6c3a5fbe96bd7d8817dbd", "size": 406, "tags": [3, 15], "zip_id": "cheats_folder_tgfx16-cd"}, "Cheats/TGFX16-CD/Syd Mead's Terra Forming (CD, SCD)(USA).zip": {"hash": "c2849d4b5717ca2e2a532b228af77a55", "size": 430, "tags": [3, 15], "zip_id": "cheats_folder_tgfx16-cd"}, "Cheats/TGFX16-CD/Sylphia (SCD)(Jpn).zip": {"hash": "5c4b6a23fbf98544cd05c9b338aaec72", "size": 270, "tags": [3, 15], "zip_id": "cheats_folder_tgfx16-cd"}, "Cheats/TGFX16-CD/Tecmo World Cup Super Soccer (SCD)(Jpn).zip": {"hash": "dd724b9f0fe28d37dab913fcc193fe62", "size": 564, "tags": [3, 15], "zip_id": "cheats_folder_tgfx16-cd"}, "Cheats/TGFX16-CD/Tenchi wo Kurau (SCD)(Jpn).zip": {"hash": "5a7125b3a1e66c933ecec9f776eda3ab", "size": 508, "tags": [3, 15], "zip_id": "cheats_folder_tgfx16-cd"}, "Cheats/TGFX16-CD/Tengai Makyou - Kabuki Ittou Ryoudan (ACD)(Jpn).zip": {"hash": "97562ab5c6fad786ca08a8081049e454", "size": 1167, "tags": [3, 15], "zip_id": "cheats_folder_tgfx16-cd"}, "Cheats/TGFX16-CD/The Addams Family (CD)(USA).zip": {"hash": "5191f865dabd96d96910aa3dd7f6ed3a", "size": 566, "tags": [3, 15], "zip_id": "cheats_folder_tgfx16-cd"}, "Cheats/TGFX16-CD/The Dynastic Hero (SCD)(USA).zip": {"hash": "4f8fddc61d5631d90223502e1c9ebb7e", "size": 453, "tags": [3, 15], "zip_id": "cheats_folder_tgfx16-cd"}, "Cheats/TGFX16-CD/Travel Epuru (SCD)(Jpn).zip": {"hash": "0de4e6861f89e927ad895da16cd7335b", "size": 293, "tags": [3, 15], "zip_id": "cheats_folder_tgfx16-cd"}, "Cheats/TGFX16-CD/Valis II (CD)(USA).zip": {"hash": "cead688ee61bf0492dbf7ce7fd4445f3", "size": 795, "tags": [3, 15], "zip_id": "cheats_folder_tgfx16-cd"}, "Cheats/TGFX16-CD/Valis III (CD)(USA).zip": {"hash": "b5d3a887f798a47aec909f8187139473", "size": 1625, "tags": [3, 15], "zip_id": "cheats_folder_tgfx16-cd"}, "Cheats/TGFX16-CD/Valis IV - The Fantasm Soldier (CD)(Jpn).zip": {"hash": "4a86e8bf4d5410903d7f227404026649", "size": 1712, "tags": [3, 15], "zip_id": "cheats_folder_tgfx16-cd"}, "Cheats/TGFX16-CD/Vasteel (CD)(USA).zip": {"hash": "c4ff1d34c8dd7058cce128293d5d809d", "size": 752, "tags": [3, 15], "zip_id": "cheats_folder_tgfx16-cd"}, "Cheats/TGFX16-CD/Winds of Thunder (SCD)(Jpn).zip": {"hash": "14a5eaa021ed070c9471a698e5426ee2", "size": 528, "tags": [3, 15], "zip_id": "cheats_folder_tgfx16-cd"}, "Cheats/TGFX16-CD/Wizardry I II (SCD)(Jpn).zip": {"hash": "655080d62c88ac7db8ef80aef875bf37", "size": 2173, "tags": [3, 15], "zip_id": "cheats_folder_tgfx16-cd"}, "Cheats/TGFX16-CD/World Heroes II (ACD)(Jpn).zip": {"hash": "8b131ae0da31ad4806788eeb9f4fdfdb", "size": 945, "tags": [3, 15], "zip_id": "cheats_folder_tgfx16-cd"}, "Cheats/TGFX16-CD/Wrestling Universe - Fire Pro Joshi - Dome Choujo Taisen - WOWOW vs. JWP (ACD)(Jpn).zip": {"hash": "8dab4f4b02a4eada697b3a13f3dea44e", "size": 308, "tags": [3, 15], "zip_id": "cheats_folder_tgfx16-cd"}, "Cheats/TGFX16-CD/Xak I II (SCD)(Jpn).zip": {"hash": "5be19ab22aa27d5767ce87a2c8541a62", "size": 1732, "tags": [3, 15], "zip_id": "cheats_folder_tgfx16-cd"}, "Cheats/TGFX16-CD/Xak III - The Eternal Recurrence (SCD)(Jpn).zip": {"hash": "74391f0e7acc9e5f3d49f2bbd3f338f7", "size": 391, "tags": [3, 15], "zip_id": "cheats_folder_tgfx16-cd"}, "Cheats/TGFX16-CD/Ys Book I II (CD)(USA).zip": {"hash": "e8dc8ac7d719104ce812477144f5f174", "size": 2052, "tags": [3, 15], "zip_id": "cheats_folder_tgfx16-cd"}, "Cheats/TGFX16-CD/Ys III - Wanderers from Ys (CD)(USA).zip": {"hash": "8354d5c434efc8597dfce78223c9e750", "size": 2405, "tags": [3, 15], "zip_id": "cheats_folder_tgfx16-cd"}, "Cheats/TGFX16-CD/Ys IV - The Dawn of Ys (SCD)(Jpn, HCD3051-4-1108-R1F).zip": {"hash": "8eddb45dfc45857d493c70c4440e8cbf", "size": 3495, "tags": [3, 15], "zip_id": "cheats_folder_tgfx16-cd"}, "Cheats/TGFX16-CD/Yu Yu Hakusho (SCD)(Jpn).zip": {"hash": "8af1993546f2eb6fbcfe1050d30c9ca8", "size": 438, "tags": [3, 15], "zip_id": "cheats_folder_tgfx16-cd"}, "Cheats/TGFX16-CD/Zero Wing (CD)(Jpn).zip": {"hash": "a0e666155d9575f3466d81619c85b2a6", "size": 268, "tags": [3, 15], "zip_id": "cheats_folder_tgfx16-cd"}}, "folders": {"Cheats": {"tags": [15], "zip_id": "cheats_folder_tgfx16-cd"}, "Cheats/TGFX16-CD": {"tags": [3, 15], "zip_id": "cheats_folder_tgfx16-cd"}}}