{"files": {"games/ATARI7800/Palettes/Atari 2600 Only/old_core.pal": {"hash": "32dbd648cca35fbbc962a8c2732e6afe", "size": 768, "tags": [18, 19, 22], "zip_id": "atari7800_palettes"}, "games/ATARI7800/Palettes/Atari 2600 Only/secam.pal": {"hash": "49d5c310fdea8b19fc18d0feb9850e8b", "size": 768, "tags": [18, 19, 22], "zip_id": "atari7800_palettes"}, "games/ATARI7800/Palettes/Atari 2600 Only/stella.pal": {"hash": "e8e3bdaff7061cd9fbda8403a1d5fc34", "size": 768, "tags": [18, 19, 22], "zip_id": "atari7800_palettes"}, "games/ATARI7800/Palettes/Trebor/CRT_Colors/Balanced/Grayscale_Dk/CRT_V1_EVN/NTSC/ATARI_NTSC_CRT_V1_EVN-COOL.pal": {"hash": "c5d285ccc957e9e44debe619cadd26f4", "size": 768, "tags": [18, 19, 22], "zip_id": "atari7800_palettes"}, "games/ATARI7800/Palettes/Trebor/CRT_Colors/Balanced/Grayscale_Dk/CRT_V1_EVN/NTSC/ATARI_NTSC_CRT_V1_EVN-HOT.pal": {"hash": "2390ee88d544b7fb7a74b2a6541ad404", "size": 768, "tags": [18, 19, 22], "zip_id": "atari7800_palettes"}, "games/ATARI7800/Palettes/Trebor/CRT_Colors/Balanced/Grayscale_Dk/CRT_V1_EVN/NTSC/ATARI_NTSC_CRT_V1_EVN-WARM.pal": {"hash": "2f0e5d22d8113ce1d1ed6874e701f021", "size": 768, "tags": [18, 19, 22], "zip_id": "atari7800_palettes"}, "games/ATARI7800/Palettes/Trebor/CRT_Colors/Balanced/Grayscale_Dk/CRT_V1_EVN/PAL/ATARI_PAL_CRT_V1_EVN-COOL.pal": {"hash": "1e800c3c46b61dc54a8a292512ecbfbe", "size": 768, "tags": [18, 19, 22], "zip_id": "atari7800_palettes"}, "games/ATARI7800/Palettes/Trebor/CRT_Colors/Balanced/Grayscale_Dk/CRT_V1_EVN/PAL/ATARI_PAL_CRT_V1_EVN-HOT.pal": {"hash": "2503dc2e98a4caf51bbbed7b0343fe27", "size": 768, "tags": [18, 19, 22], "zip_id": "atari7800_palettes"}, "games/ATARI7800/Palettes/Trebor/CRT_Colors/Balanced/Grayscale_Dk/CRT_V1_EVN/PAL/ATARI_PAL_CRT_V1_EVN-WARM.pal": {"hash": "0bd07b71c1b9294fc716a3ba042af476", "size": 768, "tags": [18, 19, 22], "zip_id": "atari7800_palettes"}, "games/ATARI7800/Palettes/Trebor/CRT_Colors/Balanced/Grayscale_Dk/CRT_V2_EVN/NTSC/ATARI_NTSC_CRT_V2_EVN-COOL.pal": {"hash": "4f64c358d2376219331b4890fb0a3032", "size": 768, "tags": [18, 19, 22], "zip_id": "atari7800_palettes"}, "games/ATARI7800/Palettes/Trebor/CRT_Colors/Balanced/Grayscale_Dk/CRT_V2_EVN/NTSC/ATARI_NTSC_CRT_V2_EVN-HOT.pal": {"hash": "7eeb8ad74aa9e87f412a81af9bb1384e", "size": 768, "tags": [18, 19, 22], "zip_id": "atari7800_palettes"}, "games/ATARI7800/Palettes/Trebor/CRT_Colors/Balanced/Grayscale_Dk/CRT_V2_EVN/NTSC/ATARI_NTSC_CRT_V2_EVN-WARM.pal": {"hash": "cb9340d90246d4894855507aa5868841", "size": 768, "tags": [18, 19, 22], "zip_id": "atari7800_palettes"}, "games/ATARI7800/Palettes/Trebor/CRT_Colors/Balanced/Grayscale_Dk/CRT_V2_EVN/PAL/ATARI_PAL_CRT_V2_EVN-COOL.pal": {"hash": "3bce6f4ee633a5fce6a58f9dbb920a13", "size": 768, "tags": [18, 19, 22], "zip_id": "atari7800_palettes"}, "games/ATARI7800/Palettes/Trebor/CRT_Colors/Balanced/Grayscale_Dk/CRT_V2_EVN/PAL/ATARI_PAL_CRT_V2_EVN-HOT.pal": {"hash": "9d41dfc41d7c88178d4d7a138d5476f2", "size": 768, "tags": [18, 19, 22], "zip_id": "atari7800_palettes"}, "games/ATARI7800/Palettes/Trebor/CRT_Colors/Balanced/Grayscale_Dk/CRT_V2_EVN/PAL/ATARI_PAL_CRT_V2_EVN-WARM.pal": {"hash": "b8abf763b4958d28c90407de8dc2f180", "size": 768, "tags": [18, 19, 22], "zip_id": "atari7800_palettes"}, "games/ATARI7800/Palettes/Trebor/CRT_Colors/Balanced/Grayscale_Dk/CRT_V3_EVN/NTSC/ATARI_NTSC_CRT_V3_EVN-COOL.pal": {"hash": "85b13cdeb5f6368c8ee6e1d919564990", "size": 768, "tags": [18, 19, 22], "zip_id": "atari7800_palettes"}, "games/ATARI7800/Palettes/Trebor/CRT_Colors/Balanced/Grayscale_Dk/CRT_V3_EVN/NTSC/ATARI_NTSC_CRT_V3_EVN-HOT.pal": {"hash": "94c457780f7b72ad83c567a55ad605d4", "size": 768, "tags": [18, 19, 22], "zip_id": "atari7800_palettes"}, "games/ATARI7800/Palettes/Trebor/CRT_Colors/Balanced/Grayscale_Dk/CRT_V3_EVN/NTSC/ATARI_NTSC_CRT_V3_EVN-WARM.pal": {"hash": "477ba9b5d8dfc15a06b50c11f7a89194", "size": 768, "tags": [18, 19, 22], "zip_id": "atari7800_palettes"}, "games/ATARI7800/Palettes/Trebor/CRT_Colors/Balanced/Grayscale_Dk/CRT_V3_EVN/PAL/ATARI_PAL_CRT_V3_EVN-COOL.pal": {"hash": "9e37edb67ce545d2b849f6864dd18571", "size": 768, "tags": [18, 19, 22], "zip_id": "atari7800_palettes"}, "games/ATARI7800/Palettes/Trebor/CRT_Colors/Balanced/Grayscale_Dk/CRT_V3_EVN/PAL/ATARI_PAL_CRT_V3_EVN-HOT.pal": {"hash": "75eb11e88169fea1fc028ebe9d944bd9", "size": 768, "tags": [18, 19, 22], "zip_id": "atari7800_palettes"}, "games/ATARI7800/Palettes/Trebor/CRT_Colors/Balanced/Grayscale_Dk/CRT_V3_EVN/PAL/ATARI_PAL_CRT_V3_EVN-WARM.pal": {"hash": "89a55162d0d089087dd49faae35e749c", "size": 768, "tags": [18, 19, 22], "zip_id": "atari7800_palettes"}, "games/ATARI7800/Palettes/Trebor/CRT_Colors/Balanced/Grayscale_Lt/CRT_V1_REG/NTSC/ATARI_NTSC_CRT_V1_REG-COOL.pal": {"hash": "4547b887d5fadf3aa3af7d5ee71d8c98", "size": 768, "tags": [18, 19, 22], "zip_id": "atari7800_palettes"}, "games/ATARI7800/Palettes/Trebor/CRT_Colors/Balanced/Grayscale_Lt/CRT_V1_REG/NTSC/ATARI_NTSC_CRT_V1_REG-HOT.pal": {"hash": "9c5e0104f07100f0dca2a818d14b0702", "size": 768, "tags": [18, 19, 22], "zip_id": "atari7800_palettes"}, "games/ATARI7800/Palettes/Trebor/CRT_Colors/Balanced/Grayscale_Lt/CRT_V1_REG/NTSC/ATARI_NTSC_CRT_V1_REG-WARM.pal": {"hash": "5d4dcee90ad450b1dea32beff18d39cf", "size": 768, "tags": [18, 19, 22], "zip_id": "atari7800_palettes"}, "games/ATARI7800/Palettes/Trebor/CRT_Colors/Balanced/Grayscale_Lt/CRT_V1_REG/PAL/ATARI_PAL_CRT_V1_REG-COOL.pal": {"hash": "28b23e6766b6bd877b11df28437c43db", "size": 768, "tags": [18, 19, 22], "zip_id": "atari7800_palettes"}, "games/ATARI7800/Palettes/Trebor/CRT_Colors/Balanced/Grayscale_Lt/CRT_V1_REG/PAL/ATARI_PAL_CRT_V1_REG-HOT.pal": {"hash": "08a038db7ad3963780f9d3eb4fa1611f", "size": 768, "tags": [18, 19, 22], "zip_id": "atari7800_palettes"}, "games/ATARI7800/Palettes/Trebor/CRT_Colors/Balanced/Grayscale_Lt/CRT_V1_REG/PAL/ATARI_PAL_CRT_V1_REG-WARM.pal": {"hash": "557fb75686f7b684e90a8adc24ad55a7", "size": 768, "tags": [18, 19, 22], "zip_id": "atari7800_palettes"}, "games/ATARI7800/Palettes/Trebor/CRT_Colors/Balanced/Grayscale_Lt/CRT_V2_REG/NTSC/ATARI_NTSC_CRT_V2_REG-COOL.pal": {"hash": "1e4f0169dae16c13bf9b776ada06fad1", "size": 768, "tags": [18, 19, 22], "zip_id": "atari7800_palettes"}, "games/ATARI7800/Palettes/Trebor/CRT_Colors/Balanced/Grayscale_Lt/CRT_V2_REG/NTSC/ATARI_NTSC_CRT_V2_REG-HOT.pal": {"hash": "2783eb19883874f9fc498f0a4b64fef6", "size": 768, "tags": [18, 19, 22], "zip_id": "atari7800_palettes"}, "games/ATARI7800/Palettes/Trebor/CRT_Colors/Balanced/Grayscale_Lt/CRT_V2_REG/NTSC/ATARI_NTSC_CRT_V2_REG-WARM.pal": {"hash": "3d3476c72b998f3cf51d77ba03cb0ed9", "size": 768, "tags": [18, 19, 22], "zip_id": "atari7800_palettes"}, "games/ATARI7800/Palettes/Trebor/CRT_Colors/Balanced/Grayscale_Lt/CRT_V2_REG/PAL/ATARI_PAL_CRT_V2_REG-COOL.pal": {"hash": "301e4acc35d424ff72a297768e637e10", "size": 768, "tags": [18, 19, 22], "zip_id": "atari7800_palettes"}, "games/ATARI7800/Palettes/Trebor/CRT_Colors/Balanced/Grayscale_Lt/CRT_V2_REG/PAL/ATARI_PAL_CRT_V2_REG-HOT.pal": {"hash": "976f4cade92e698aa51126b87d0c1d03", "size": 768, "tags": [18, 19, 22], "zip_id": "atari7800_palettes"}, "games/ATARI7800/Palettes/Trebor/CRT_Colors/Balanced/Grayscale_Lt/CRT_V2_REG/PAL/ATARI_PAL_CRT_V2_REG-WARM.pal": {"hash": "86c0e8514ae19383400a3b6d84b19553", "size": 768, "tags": [18, 19, 22], "zip_id": "atari7800_palettes"}, "games/ATARI7800/Palettes/Trebor/CRT_Colors/Balanced/Grayscale_Lt/CRT_V3_REG/NTSC/ATARI_NTSC_CRT_V3_REG-COOL.pal": {"hash": "823b2d8990c3def7f19c992325a206dd", "size": 768, "tags": [18, 19, 22], "zip_id": "atari7800_palettes"}, "games/ATARI7800/Palettes/Trebor/CRT_Colors/Balanced/Grayscale_Lt/CRT_V3_REG/NTSC/ATARI_NTSC_CRT_V3_REG-HOT.pal": {"hash": "3f205660b88d77b61f06158b8e176fe4", "size": 768, "tags": [18, 19, 22], "zip_id": "atari7800_palettes"}, "games/ATARI7800/Palettes/Trebor/CRT_Colors/Balanced/Grayscale_Lt/CRT_V3_REG/NTSC/ATARI_NTSC_CRT_V3_REG-WARM.pal": {"hash": "bf359afd568284941a5542222cac3b56", "size": 768, "tags": [18, 19, 22], "zip_id": "atari7800_palettes"}, "games/ATARI7800/Palettes/Trebor/CRT_Colors/Balanced/Grayscale_Lt/CRT_V3_REG/PAL/ATARI_PAL_CRT_V3_REG-COOL.pal": {"hash": "c45039374f6bd34ab7e7c1cd9a8ed065", "size": 768, "tags": [18, 19, 22], "zip_id": "atari7800_palettes"}, "games/ATARI7800/Palettes/Trebor/CRT_Colors/Balanced/Grayscale_Lt/CRT_V3_REG/PAL/ATARI_PAL_CRT_V3_REG-HOT.pal": {"hash": "e4b56419c6c697b85f874cbf26b406e3", "size": 768, "tags": [18, 19, 22], "zip_id": "atari7800_palettes"}, "games/ATARI7800/Palettes/Trebor/CRT_Colors/Balanced/Grayscale_Lt/CRT_V3_REG/PAL/ATARI_PAL_CRT_V3_REG-WARM.pal": {"hash": "4de1c6dafa087544f91206b6b3028057", "size": 768, "tags": [18, 19, 22], "zip_id": "atari7800_palettes"}, "games/ATARI7800/Palettes/Trebor/CRT_Colors/Bright/Desaturated/CRT_V1_TLS/NTSC/ATARI_NTSC_CRT_V1_TLS-COOL.pal": {"hash": "f22deaf3b1af786d520468918915981b", "size": 768, "tags": [18, 19, 22], "zip_id": "atari7800_palettes"}, "games/ATARI7800/Palettes/Trebor/CRT_Colors/Bright/Desaturated/CRT_V1_TLS/NTSC/ATARI_NTSC_CRT_V1_TLS-HOT.pal": {"hash": "9328374a3625e505ce0a18d8886e5df0", "size": 768, "tags": [18, 19, 22], "zip_id": "atari7800_palettes"}, "games/ATARI7800/Palettes/Trebor/CRT_Colors/Bright/Desaturated/CRT_V1_TLS/NTSC/ATARI_NTSC_CRT_V1_TLS-WARM.pal": {"hash": "f78418919097cbbd8410d8a2ba69d675", "size": 768, "tags": [18, 19, 22], "zip_id": "atari7800_palettes"}, "games/ATARI7800/Palettes/Trebor/CRT_Colors/Bright/Desaturated/CRT_V1_TLS/PAL/ATARI_PAL_CRT_V1_TLS-COOL.pal": {"hash": "fab44340867790cc209b317f7246b488", "size": 768, "tags": [18, 19, 22], "zip_id": "atari7800_palettes"}, "games/ATARI7800/Palettes/Trebor/CRT_Colors/Bright/Desaturated/CRT_V1_TLS/PAL/ATARI_PAL_CRT_V1_TLS-HOT.pal": {"hash": "158b5a8ff05dd808e789aae007a6ce40", "size": 768, "tags": [18, 19, 22], "zip_id": "atari7800_palettes"}, "games/ATARI7800/Palettes/Trebor/CRT_Colors/Bright/Desaturated/CRT_V1_TLS/PAL/ATARI_PAL_CRT_V1_TLS-WARM.pal": {"hash": "e31d2c21b62915fc408e35fb028ecd80", "size": 768, "tags": [18, 19, 22], "zip_id": "atari7800_palettes"}, "games/ATARI7800/Palettes/Trebor/CRT_Colors/Bright/Desaturated/CRT_V2_TLS/NTSC/ATARI_NTSC_CRT_V2_TLS-COOL.pal": {"hash": "309584a7df43146cc10d8183f96c6845", "size": 768, "tags": [18, 19, 22], "zip_id": "atari7800_palettes"}, "games/ATARI7800/Palettes/Trebor/CRT_Colors/Bright/Desaturated/CRT_V2_TLS/NTSC/ATARI_NTSC_CRT_V2_TLS-HOT.pal": {"hash": "6176111ff1588b3ef901aab636ce4170", "size": 768, "tags": [18, 19, 22], "zip_id": "atari7800_palettes"}, "games/ATARI7800/Palettes/Trebor/CRT_Colors/Bright/Desaturated/CRT_V2_TLS/NTSC/ATARI_NTSC_CRT_V2_TLS-WARM.pal": {"hash": "0ddf62dabf43ea4f706df2e0ef761061", "size": 768, "tags": [18, 19, 22], "zip_id": "atari7800_palettes"}, "games/ATARI7800/Palettes/Trebor/CRT_Colors/Bright/Desaturated/CRT_V2_TLS/PAL/ATARI_PAL_CRT_V2_TLS-COOL.pal": {"hash": "c6b4b9a9b07ed6c445d4fb308e1b0889", "size": 768, "tags": [18, 19, 22], "zip_id": "atari7800_palettes"}, "games/ATARI7800/Palettes/Trebor/CRT_Colors/Bright/Desaturated/CRT_V2_TLS/PAL/ATARI_PAL_CRT_V2_TLS-HOT.pal": {"hash": "9fe96e6edd985638a34277e5f6c1c503", "size": 768, "tags": [18, 19, 22], "zip_id": "atari7800_palettes"}, "games/ATARI7800/Palettes/Trebor/CRT_Colors/Bright/Desaturated/CRT_V2_TLS/PAL/ATARI_PAL_CRT_V2_TLS-WARM.pal": {"hash": "0b0f96de7474e75ccc3e9f2293f619c9", "size": 768, "tags": [18, 19, 22], "zip_id": "atari7800_palettes"}, "games/ATARI7800/Palettes/Trebor/CRT_Colors/Bright/Desaturated/CRT_V3_TLS/NTSC/ATARI_NTSC_CRT_V3_TLS-COOL.pal": {"hash": "8297f5075a63140231a9f3c8852099df", "size": 768, "tags": [18, 19, 22], "zip_id": "atari7800_palettes"}, "games/ATARI7800/Palettes/Trebor/CRT_Colors/Bright/Desaturated/CRT_V3_TLS/NTSC/ATARI_NTSC_CRT_V3_TLS-HOT.pal": {"hash": "2a5ed9a2c234de9b2d25f1c102c07d87", "size": 768, "tags": [18, 19, 22], "zip_id": "atari7800_palettes"}, "games/ATARI7800/Palettes/Trebor/CRT_Colors/Bright/Desaturated/CRT_V3_TLS/NTSC/ATARI_NTSC_CRT_V3_TLS-WARM.pal": {"hash": "43d782cd06bae6eb0497ce236ad9fd16", "size": 768, "tags": [18, 19, 22], "zip_id": "atari7800_palettes"}, "games/ATARI7800/Palettes/Trebor/CRT_Colors/Bright/Desaturated/CRT_V3_TLS/PAL/ATARI_PAL_CRT_V3_TLS-COOL.pal": {"hash": "c4c2a3aa1e52a887fe6fb4d31abd489a", "size": 768, "tags": [18, 19, 22], "zip_id": "atari7800_palettes"}, "games/ATARI7800/Palettes/Trebor/CRT_Colors/Bright/Desaturated/CRT_V3_TLS/PAL/ATARI_PAL_CRT_V3_TLS-HOT.pal": {"hash": "83cbc3ae9f3c576f04edd10a8db68644", "size": 768, "tags": [18, 19, 22], "zip_id": "atari7800_palettes"}, "games/ATARI7800/Palettes/Trebor/CRT_Colors/Bright/Desaturated/CRT_V3_TLS/PAL/ATARI_PAL_CRT_V3_TLS-WARM.pal": {"hash": "78ef29b527e438e6a3de3675d2919729", "size": 768, "tags": [18, 19, 22], "zip_id": "atari7800_palettes"}, "games/ATARI7800/Palettes/Trebor/CRT_Colors/Bright/Even_Ramp/CRT_V1_OPT/NTSC/ATARI_NTSC_CRT_V1_OPT-COOL.pal": {"hash": "e240240b00ececa2059f85b4b7eaff1c", "size": 768, "tags": [18, 19, 22], "zip_id": "atari7800_palettes"}, "games/ATARI7800/Palettes/Trebor/CRT_Colors/Bright/Even_Ramp/CRT_V1_OPT/NTSC/ATARI_NTSC_CRT_V1_OPT-HOT.pal": {"hash": "40e8c7e7ff88ae1d6fdfd4e093572c06", "size": 768, "tags": [18, 19, 22], "zip_id": "atari7800_palettes"}, "games/ATARI7800/Palettes/Trebor/CRT_Colors/Bright/Even_Ramp/CRT_V1_OPT/NTSC/ATARI_NTSC_CRT_V1_OPT-WARM.pal": {"hash": "05bc952bca143668ce8d7eb857d71535", "size": 768, "tags": [18, 19, 22], "zip_id": "atari7800_palettes"}, "games/ATARI7800/Palettes/Trebor/CRT_Colors/Bright/Even_Ramp/CRT_V1_OPT/PAL/ATARI_PAL_CRT_V1_OPT-COOL.pal": {"hash": "f720f6ca17e35652c1fbd9be6d1e28da", "size": 768, "tags": [18, 19, 22], "zip_id": "atari7800_palettes"}, "games/ATARI7800/Palettes/Trebor/CRT_Colors/Bright/Even_Ramp/CRT_V1_OPT/PAL/ATARI_PAL_CRT_V1_OPT-HOT.pal": {"hash": "39fb0c268af07a7373a958bed2e92a8b", "size": 768, "tags": [18, 19, 22], "zip_id": "atari7800_palettes"}, "games/ATARI7800/Palettes/Trebor/CRT_Colors/Bright/Even_Ramp/CRT_V1_OPT/PAL/ATARI_PAL_CRT_V1_OPT-WARM.pal": {"hash": "d73d1ba7dbde0c7b3f14128fbf2fa907", "size": 768, "tags": [18, 19, 22], "zip_id": "atari7800_palettes"}, "games/ATARI7800/Palettes/Trebor/CRT_Colors/Bright/Even_Ramp/CRT_V2_OPT/NTSC/ATARI_NTSC_CRT_V2_OPT-COOL.pal": {"hash": "d631ad475f8d25d2267c70259b795f14", "size": 768, "tags": [18, 19, 22], "zip_id": "atari7800_palettes"}, "games/ATARI7800/Palettes/Trebor/CRT_Colors/Bright/Even_Ramp/CRT_V2_OPT/NTSC/ATARI_NTSC_CRT_V2_OPT-HOT.pal": {"hash": "7f718550ead7c1f98ec30c615345f16d", "size": 768, "tags": [18, 19, 22], "zip_id": "atari7800_palettes"}, "games/ATARI7800/Palettes/Trebor/CRT_Colors/Bright/Even_Ramp/CRT_V2_OPT/NTSC/ATARI_NTSC_CRT_V2_OPT-WARM.pal": {"hash": "6fd3110012e5c397a19fa852e576d4e4", "size": 768, "tags": [18, 19, 22], "zip_id": "atari7800_palettes"}, "games/ATARI7800/Palettes/Trebor/CRT_Colors/Bright/Even_Ramp/CRT_V2_OPT/PAL/ATARI_PAL_CRT_V2_OPT-COOL.pal": {"hash": "7d48b44e676922c0ee7b4b4995609e82", "size": 768, "tags": [18, 19, 22], "zip_id": "atari7800_palettes"}, "games/ATARI7800/Palettes/Trebor/CRT_Colors/Bright/Even_Ramp/CRT_V2_OPT/PAL/ATARI_PAL_CRT_V2_OPT-HOT.pal": {"hash": "36ac5428fea95537a4ee94425a234155", "size": 768, "tags": [18, 19, 22], "zip_id": "atari7800_palettes"}, "games/ATARI7800/Palettes/Trebor/CRT_Colors/Bright/Even_Ramp/CRT_V2_OPT/PAL/ATARI_PAL_CRT_V2_OPT-WARM.pal": {"hash": "4a1fc494fc649ccd62d13bc3da47ffc7", "size": 768, "tags": [18, 19, 22], "zip_id": "atari7800_palettes"}, "games/ATARI7800/Palettes/Trebor/CRT_Colors/Bright/Even_Ramp/CRT_V3_OPT/NTSC/ATARI_NTSC_CRT_V3_OPT-COOL.pal": {"hash": "7e914de2ca7bf8c3c7514979ae8f4212", "size": 768, "tags": [18, 19, 22], "zip_id": "atari7800_palettes"}, "games/ATARI7800/Palettes/Trebor/CRT_Colors/Bright/Even_Ramp/CRT_V3_OPT/NTSC/ATARI_NTSC_CRT_V3_OPT-HOT.pal": {"hash": "1985d5928ea062e6ce8cc6a1b7593aa0", "size": 768, "tags": [18, 19, 22], "zip_id": "atari7800_palettes"}, "games/ATARI7800/Palettes/Trebor/CRT_Colors/Bright/Even_Ramp/CRT_V3_OPT/NTSC/ATARI_NTSC_CRT_V3_OPT-WARM.pal": {"hash": "ba03b8f148aa4e2005e569163cc7f438", "size": 768, "tags": [18, 19, 22], "zip_id": "atari7800_palettes"}, "games/ATARI7800/Palettes/Trebor/CRT_Colors/Bright/Even_Ramp/CRT_V3_OPT/PAL/ATARI_PAL_CRT_V3_OPT-COOL.pal": {"hash": "b5bb31f158c418722b055293ac39c741", "size": 768, "tags": [18, 19, 22], "zip_id": "atari7800_palettes"}, "games/ATARI7800/Palettes/Trebor/CRT_Colors/Bright/Even_Ramp/CRT_V3_OPT/PAL/ATARI_PAL_CRT_V3_OPT-HOT.pal": {"hash": "b8eeed92dc6901e513d73373172925be", "size": 768, "tags": [18, 19, 22], "zip_id": "atari7800_palettes"}, "games/ATARI7800/Palettes/Trebor/CRT_Colors/Bright/Even_Ramp/CRT_V3_OPT/PAL/ATARI_PAL_CRT_V3_OPT-WARM.pal": {"hash": "d3c8c6ee22bbedb42fa082a0d82fe44d", "size": 768, "tags": [18, 19, 22], "zip_id": "atari7800_palettes"}, "games/ATARI7800/Palettes/Trebor/CRT_Colors/Bright/No_Black/CRT_V1_NAB/NTSC/ATARI_NTSC_CRT_V1_NAB-COOL.pal": {"hash": "07d506776cd2ffaebf19dc4a3cf815c0", "size": 768, "tags": [18, 19, 22], "zip_id": "atari7800_palettes"}, "games/ATARI7800/Palettes/Trebor/CRT_Colors/Bright/No_Black/CRT_V1_NAB/NTSC/ATARI_NTSC_CRT_V1_NAB-HOT.pal": {"hash": "ff2acfa051e36369ee1205ac0e170282", "size": 768, "tags": [18, 19, 22], "zip_id": "atari7800_palettes"}, "games/ATARI7800/Palettes/Trebor/CRT_Colors/Bright/No_Black/CRT_V1_NAB/NTSC/ATARI_NTSC_CRT_V1_NAB-WARM.pal": {"hash": "3dc2a4ea2687a9ba045bda49165b3ea9", "size": 768, "tags": [18, 19, 22], "zip_id": "atari7800_palettes"}, "games/ATARI7800/Palettes/Trebor/CRT_Colors/Bright/No_Black/CRT_V1_NAB/PAL/ATARI_PAL_CRT_V1_NAB-COOL.pal": {"hash": "a388e48e0fe6c52b0887c54ce7f8ee64", "size": 768, "tags": [18, 19, 22], "zip_id": "atari7800_palettes"}, "games/ATARI7800/Palettes/Trebor/CRT_Colors/Bright/No_Black/CRT_V1_NAB/PAL/ATARI_PAL_CRT_V1_NAB-HOT.pal": {"hash": "2fbf46626b430f57b2de877df66ebc18", "size": 768, "tags": [18, 19, 22], "zip_id": "atari7800_palettes"}, "games/ATARI7800/Palettes/Trebor/CRT_Colors/Bright/No_Black/CRT_V1_NAB/PAL/ATARI_PAL_CRT_V1_NAB-WARM.pal": {"hash": "456a3928be6d25f70e54505186102b88", "size": 768, "tags": [18, 19, 22], "zip_id": "atari7800_palettes"}, "games/ATARI7800/Palettes/Trebor/CRT_Colors/Bright/No_Black/CRT_V2_NAB/NTSC/ATARI_NTSC_CRT_V2_NAB-COOL.pal": {"hash": "cdb5b125c594427ce8a1b30aa4071747", "size": 768, "tags": [18, 19, 22], "zip_id": "atari7800_palettes"}, "games/ATARI7800/Palettes/Trebor/CRT_Colors/Bright/No_Black/CRT_V2_NAB/NTSC/ATARI_NTSC_CRT_V2_NAB-HOT.pal": {"hash": "1b4aa6519d8af997b0b9ebe7992b0cd4", "size": 768, "tags": [18, 19, 22], "zip_id": "atari7800_palettes"}, "games/ATARI7800/Palettes/Trebor/CRT_Colors/Bright/No_Black/CRT_V2_NAB/NTSC/ATARI_NTSC_CRT_V2_NAB-WARM.pal": {"hash": "ff0821dbe6a4a2a2062e5e5663e48ace", "size": 768, "tags": [18, 19, 22], "zip_id": "atari7800_palettes"}, "games/ATARI7800/Palettes/Trebor/CRT_Colors/Bright/No_Black/CRT_V2_NAB/PAL/ATARI_PAL_CRT_V2_NAB-COOL.pal": {"hash": "856377112f69b0531fb2ccc29ea3f934", "size": 768, "tags": [18, 19, 22], "zip_id": "atari7800_palettes"}, "games/ATARI7800/Palettes/Trebor/CRT_Colors/Bright/No_Black/CRT_V2_NAB/PAL/ATARI_PAL_CRT_V2_NAB-HOT.pal": {"hash": "ee5f35fec2d0b3d64a02ee7c895d4938", "size": 768, "tags": [18, 19, 22], "zip_id": "atari7800_palettes"}, "games/ATARI7800/Palettes/Trebor/CRT_Colors/Bright/No_Black/CRT_V2_NAB/PAL/ATARI_PAL_CRT_V2_NAB-WARM.pal": {"hash": "962c18739bfce005461d755290696390", "size": 768, "tags": [18, 19, 22], "zip_id": "atari7800_palettes"}, "games/ATARI7800/Palettes/Trebor/CRT_Colors/Bright/No_Black/CRT_V3_NAB/NTSC/ATARI_NTSC_CRT_V3_NAB-COOL.pal": {"hash": "bce3c148d91e3f59c59a45860dbfb37c", "size": 768, "tags": [18, 19, 22], "zip_id": "atari7800_palettes"}, "games/ATARI7800/Palettes/Trebor/CRT_Colors/Bright/No_Black/CRT_V3_NAB/NTSC/ATARI_NTSC_CRT_V3_NAB-HOT.pal": {"hash": "19efb7c4be1397c289a270296700888a", "size": 768, "tags": [18, 19, 22], "zip_id": "atari7800_palettes"}, "games/ATARI7800/Palettes/Trebor/CRT_Colors/Bright/No_Black/CRT_V3_NAB/NTSC/ATARI_NTSC_CRT_V3_NAB-WARM.pal": {"hash": "56752795d01b2497f0682ffb71b6a5ee", "size": 768, "tags": [18, 19, 22], "zip_id": "atari7800_palettes"}, "games/ATARI7800/Palettes/Trebor/CRT_Colors/Bright/No_Black/CRT_V3_NAB/PAL/ATARI_PAL_CRT_V3_NAB-COOL.pal": {"hash": "7803a35d1cc4e97160c42ea50ddad57d", "size": 768, "tags": [18, 19, 22], "zip_id": "atari7800_palettes"}, "games/ATARI7800/Palettes/Trebor/CRT_Colors/Bright/No_Black/CRT_V3_NAB/PAL/ATARI_PAL_CRT_V3_NAB-HOT.pal": {"hash": "81c42b7eaa2792a29680e49b0441f80e", "size": 768, "tags": [18, 19, 22], "zip_id": "atari7800_palettes"}, "games/ATARI7800/Palettes/Trebor/CRT_Colors/Bright/No_Black/CRT_V3_NAB/PAL/ATARI_PAL_CRT_V3_NAB-WARM.pal": {"hash": "e43641363321148c217f3ae4e93cb4f0", "size": 768, "tags": [18, 19, 22], "zip_id": "atari7800_palettes"}, "games/ATARI7800/Palettes/Trebor/CRT_Colors/Bright/Vibrant/CRT_V1_BRT/NTSC/ATARI_NTSC_CRT_V1_BRT-COOL.pal": {"hash": "4da1774a52222e77fbeb1bf3dd342ffd", "size": 768, "tags": [18, 19, 22], "zip_id": "atari7800_palettes"}, "games/ATARI7800/Palettes/Trebor/CRT_Colors/Bright/Vibrant/CRT_V1_BRT/NTSC/ATARI_NTSC_CRT_V1_BRT-HOT.pal": {"hash": "7286379c9411252521cef064a0d2b614", "size": 768, "tags": [18, 19, 22], "zip_id": "atari7800_palettes"}, "games/ATARI7800/Palettes/Trebor/CRT_Colors/Bright/Vibrant/CRT_V1_BRT/NTSC/ATARI_NTSC_CRT_V1_BRT-WARM.pal": {"hash": "26254ca8a65505542bcde5c03f73bdd4", "size": 768, "tags": [18, 19, 22], "zip_id": "atari7800_palettes"}, "games/ATARI7800/Palettes/Trebor/CRT_Colors/Bright/Vibrant/CRT_V1_BRT/PAL/ATARI_PAL_CRT_V1_BRT-COOL.pal": {"hash": "c4b0ef5a806ac7a6b965cb8ca025e27f", "size": 768, "tags": [18, 19, 22], "zip_id": "atari7800_palettes"}, "games/ATARI7800/Palettes/Trebor/CRT_Colors/Bright/Vibrant/CRT_V1_BRT/PAL/ATARI_PAL_CRT_V1_BRT-HOT.pal": {"hash": "13e0e22320d82216799d5231916456d1", "size": 768, "tags": [18, 19, 22], "zip_id": "atari7800_palettes"}, "games/ATARI7800/Palettes/Trebor/CRT_Colors/Bright/Vibrant/CRT_V1_BRT/PAL/ATARI_PAL_CRT_V1_BRT-WARM.pal": {"hash": "0fab5b78d100a243345db0fcbff696d7", "size": 768, "tags": [18, 19, 22], "zip_id": "atari7800_palettes"}, "games/ATARI7800/Palettes/Trebor/CRT_Colors/Bright/Vibrant/CRT_V2_BRT/NTSC/ATARI_NTSC_CRT_V2_BRT-COOL.pal": {"hash": "309a1ab623eedfa2b8c3f2d403048245", "size": 768, "tags": [18, 19, 22], "zip_id": "atari7800_palettes"}, "games/ATARI7800/Palettes/Trebor/CRT_Colors/Bright/Vibrant/CRT_V2_BRT/NTSC/ATARI_NTSC_CRT_V2_BRT-HOT.pal": {"hash": "0145a2f8da6dd610e3df390bcdca0c6f", "size": 768, "tags": [18, 19, 22], "zip_id": "atari7800_palettes"}, "games/ATARI7800/Palettes/Trebor/CRT_Colors/Bright/Vibrant/CRT_V2_BRT/NTSC/ATARI_NTSC_CRT_V2_BRT-WARM.pal": {"hash": "76d4a185f9a1cb430ef89c29671a6af3", "size": 768, "tags": [18, 19, 22], "zip_id": "atari7800_palettes"}, "games/ATARI7800/Palettes/Trebor/CRT_Colors/Bright/Vibrant/CRT_V2_BRT/PAL/ATARI_PAL_CRT_V2_BRT-COOL.pal": {"hash": "5f266488df04807bb95e523168e360aa", "size": 768, "tags": [18, 19, 22], "zip_id": "atari7800_palettes"}, "games/ATARI7800/Palettes/Trebor/CRT_Colors/Bright/Vibrant/CRT_V2_BRT/PAL/ATARI_PAL_CRT_V2_BRT-HOT.pal": {"hash": "7d999baaaa812e6d988e9cd2420c4d0d", "size": 768, "tags": [18, 19, 22], "zip_id": "atari7800_palettes"}, "games/ATARI7800/Palettes/Trebor/CRT_Colors/Bright/Vibrant/CRT_V2_BRT/PAL/ATARI_PAL_CRT_V2_BRT-WARM.pal": {"hash": "8b9dddd3201e6646dd3e6b4058c4a27d", "size": 768, "tags": [18, 19, 22], "zip_id": "atari7800_palettes"}, "games/ATARI7800/Palettes/Trebor/CRT_Colors/Bright/Vibrant/CRT_V3_BRT/NTSC/ATARI_NTSC_CRT_V3_BRT-COOL.pal": {"hash": "bc2d7e8a70d1d7d8c08ad0abbce406a3", "size": 768, "tags": [18, 19, 22], "zip_id": "atari7800_palettes"}, "games/ATARI7800/Palettes/Trebor/CRT_Colors/Bright/Vibrant/CRT_V3_BRT/NTSC/ATARI_NTSC_CRT_V3_BRT-HOT.pal": {"hash": "2bee25d39e318967661be1e0bdc3c8ea", "size": 768, "tags": [18, 19, 22], "zip_id": "atari7800_palettes"}, "games/ATARI7800/Palettes/Trebor/CRT_Colors/Bright/Vibrant/CRT_V3_BRT/NTSC/ATARI_NTSC_CRT_V3_BRT-WARM.pal": {"hash": "24b85ae82b510c1b1ba543cb27ff7713", "size": 768, "tags": [18, 19, 22], "zip_id": "atari7800_palettes"}, "games/ATARI7800/Palettes/Trebor/CRT_Colors/Bright/Vibrant/CRT_V3_BRT/PAL/ATARI_PAL_CRT_V3_BRT-COOL.pal": {"hash": "13a1795d87ed77167f70efe67cd100ac", "size": 768, "tags": [18, 19, 22], "zip_id": "atari7800_palettes"}, "games/ATARI7800/Palettes/Trebor/CRT_Colors/Bright/Vibrant/CRT_V3_BRT/PAL/ATARI_PAL_CRT_V3_BRT-HOT.pal": {"hash": "749b2a9460e08357b5dcb0a9fcc1dadd", "size": 768, "tags": [18, 19, 22], "zip_id": "atari7800_palettes"}, "games/ATARI7800/Palettes/Trebor/CRT_Colors/Bright/Vibrant/CRT_V3_BRT/PAL/ATARI_PAL_CRT_V3_BRT-WARM.pal": {"hash": "98b5e629dd923f5b37acaf6af3af59be", "size": 768, "tags": [18, 19, 22], "zip_id": "atari7800_palettes"}, "games/ATARI7800/Palettes/Trebor/CRT_Colors/Dark/Desaturated/CRT_V1_LST/NTSC/ATARI_NTSC_CRT_V1_LST-COOL.pal": {"hash": "782b1212dfe673f16e9cd9677eaf8548", "size": 768, "tags": [18, 19, 22], "zip_id": "atari7800_palettes"}, "games/ATARI7800/Palettes/Trebor/CRT_Colors/Dark/Desaturated/CRT_V1_LST/NTSC/ATARI_NTSC_CRT_V1_LST-HOT.pal": {"hash": "b0ff7cb8164aee7f209c7dea0c9d6395", "size": 768, "tags": [18, 19, 22], "zip_id": "atari7800_palettes"}, "games/ATARI7800/Palettes/Trebor/CRT_Colors/Dark/Desaturated/CRT_V1_LST/NTSC/ATARI_NTSC_CRT_V1_LST-WARM.pal": {"hash": "eaf9166180e3e901a17f22ce90e0e640", "size": 768, "tags": [18, 19, 22], "zip_id": "atari7800_palettes"}, "games/ATARI7800/Palettes/Trebor/CRT_Colors/Dark/Desaturated/CRT_V1_LST/PAL/ATARI_PAL_CRT_V1_LST-COOL.pal": {"hash": "68e52cf2dbf235fbdde59f517f67da63", "size": 768, "tags": [18, 19, 22], "zip_id": "atari7800_palettes"}, "games/ATARI7800/Palettes/Trebor/CRT_Colors/Dark/Desaturated/CRT_V1_LST/PAL/ATARI_PAL_CRT_V1_LST-HOT.pal": {"hash": "8765b296080c30bd4c3729e0e25e4d90", "size": 768, "tags": [18, 19, 22], "zip_id": "atari7800_palettes"}, "games/ATARI7800/Palettes/Trebor/CRT_Colors/Dark/Desaturated/CRT_V1_LST/PAL/ATARI_PAL_CRT_V1_LST-WARM.pal": {"hash": "eb59bc9e7baf864ff95d06619058ea96", "size": 768, "tags": [18, 19, 22], "zip_id": "atari7800_palettes"}, "games/ATARI7800/Palettes/Trebor/CRT_Colors/Dark/Desaturated/CRT_V2_LST/NTSC/ATARI_NTSC_CRT_V2_LST-COOL.pal": {"hash": "d0ba25a1605a1aaccb092b45e81cedba", "size": 768, "tags": [18, 19, 22], "zip_id": "atari7800_palettes"}, "games/ATARI7800/Palettes/Trebor/CRT_Colors/Dark/Desaturated/CRT_V2_LST/NTSC/ATARI_NTSC_CRT_V2_LST-HOT.pal": {"hash": "23d3a7c6c1211157972fb761e3dfe32d", "size": 768, "tags": [18, 19, 22], "zip_id": "atari7800_palettes"}, "games/ATARI7800/Palettes/Trebor/CRT_Colors/Dark/Desaturated/CRT_V2_LST/NTSC/ATARI_NTSC_CRT_V2_LST-WARM.pal": {"hash": "a260154d581b5d128bbc1591614ccc79", "size": 768, "tags": [18, 19, 22], "zip_id": "atari7800_palettes"}, "games/ATARI7800/Palettes/Trebor/CRT_Colors/Dark/Desaturated/CRT_V2_LST/PAL/ATARI_PAL_CRT_V2_LST-COOL.pal": {"hash": "379b054449f1f273b9ce908075ec579a", "size": 768, "tags": [18, 19, 22], "zip_id": "atari7800_palettes"}, "games/ATARI7800/Palettes/Trebor/CRT_Colors/Dark/Desaturated/CRT_V2_LST/PAL/ATARI_PAL_CRT_V2_LST-HOT.pal": {"hash": "2e8aabe1a2cb32deb8d6b9c6ed997a4a", "size": 768, "tags": [18, 19, 22], "zip_id": "atari7800_palettes"}, "games/ATARI7800/Palettes/Trebor/CRT_Colors/Dark/Desaturated/CRT_V2_LST/PAL/ATARI_PAL_CRT_V2_LST-WARM.pal": {"hash": "221c98eac83f982f7f9a8d4c349d326b", "size": 768, "tags": [18, 19, 22], "zip_id": "atari7800_palettes"}, "games/ATARI7800/Palettes/Trebor/CRT_Colors/Dark/Desaturated/CRT_V3_LST/NTSC/ATARI_NTSC_CRT_V3_LST-COOL.pal": {"hash": "a4dc0b1ee24f307401ec58003ac46480", "size": 768, "tags": [18, 19, 22], "zip_id": "atari7800_palettes"}, "games/ATARI7800/Palettes/Trebor/CRT_Colors/Dark/Desaturated/CRT_V3_LST/NTSC/ATARI_NTSC_CRT_V3_LST-HOT.pal": {"hash": "9ff68c63438b3b96b775c04261768d96", "size": 768, "tags": [18, 19, 22], "zip_id": "atari7800_palettes"}, "games/ATARI7800/Palettes/Trebor/CRT_Colors/Dark/Desaturated/CRT_V3_LST/NTSC/ATARI_NTSC_CRT_V3_LST-WARM.pal": {"hash": "ea2194749aec3e37b625646ef54098c5", "size": 768, "tags": [18, 19, 22], "zip_id": "atari7800_palettes"}, "games/ATARI7800/Palettes/Trebor/CRT_Colors/Dark/Desaturated/CRT_V3_LST/PAL/ATARI_PAL_CRT_V3_LST-COOL.pal": {"hash": "86401108f8e6a761a29ce35eca092397", "size": 768, "tags": [18, 19, 22], "zip_id": "atari7800_palettes"}, "games/ATARI7800/Palettes/Trebor/CRT_Colors/Dark/Desaturated/CRT_V3_LST/PAL/ATARI_PAL_CRT_V3_LST-HOT.pal": {"hash": "eca1f1e973a48cdc19ac33d5041fc2a4", "size": 768, "tags": [18, 19, 22], "zip_id": "atari7800_palettes"}, "games/ATARI7800/Palettes/Trebor/CRT_Colors/Dark/Desaturated/CRT_V3_LST/PAL/ATARI_PAL_CRT_V3_LST-WARM.pal": {"hash": "90ecdd17460984d70b2f86b1a95bfabc", "size": 768, "tags": [18, 19, 22], "zip_id": "atari7800_palettes"}, "games/ATARI7800/Palettes/Trebor/CRT_Colors/Dark/Even_Ramp/CRT_V1_STD/NTSC/ATARI_NTSC_CRT_V1_STD-COOL.pal": {"hash": "ada08869ff90c152bab230bae868d32d", "size": 768, "tags": [18, 19, 22], "zip_id": "atari7800_palettes"}, "games/ATARI7800/Palettes/Trebor/CRT_Colors/Dark/Even_Ramp/CRT_V1_STD/NTSC/ATARI_NTSC_CRT_V1_STD-HOT.pal": {"hash": "82f68138f392fb7bb80324dc1221403c", "size": 768, "tags": [18, 19, 22], "zip_id": "atari7800_palettes"}, "games/ATARI7800/Palettes/Trebor/CRT_Colors/Dark/Even_Ramp/CRT_V1_STD/NTSC/ATARI_NTSC_CRT_V1_STD-WARM.pal": {"hash": "5b6f50d7bae9795161b0ff7e4ad56232", "size": 768, "tags": [18, 19, 22], "zip_id": "atari7800_palettes"}, "games/ATARI7800/Palettes/Trebor/CRT_Colors/Dark/Even_Ramp/CRT_V1_STD/PAL/ATARI_PAL_CRT_V1_STD-COOL.pal": {"hash": "3da7c94a78e6991bde2194da89716903", "size": 768, "tags": [18, 19, 22], "zip_id": "atari7800_palettes"}, "games/ATARI7800/Palettes/Trebor/CRT_Colors/Dark/Even_Ramp/CRT_V1_STD/PAL/ATARI_PAL_CRT_V1_STD-HOT.pal": {"hash": "51132875022d0215737596619b67d0c9", "size": 768, "tags": [18, 19, 22], "zip_id": "atari7800_palettes"}, "games/ATARI7800/Palettes/Trebor/CRT_Colors/Dark/Even_Ramp/CRT_V1_STD/PAL/ATARI_PAL_CRT_V1_STD-WARM.pal": {"hash": "45915f7a744abfa738da2f9bd65b7406", "size": 768, "tags": [18, 19, 22], "zip_id": "atari7800_palettes"}, "games/ATARI7800/Palettes/Trebor/CRT_Colors/Dark/Even_Ramp/CRT_V2_STD/NTSC/ATARI_NTSC_CRT_V2_STD-COOL.pal": {"hash": "f86956466debaa52a82c3ec787c58d3e", "size": 768, "tags": [18, 19, 22], "zip_id": "atari7800_palettes"}, "games/ATARI7800/Palettes/Trebor/CRT_Colors/Dark/Even_Ramp/CRT_V2_STD/NTSC/ATARI_NTSC_CRT_V2_STD-HOT.pal": {"hash": "d9595fe9c1758dc7b199ef4b8db390f0", "size": 768, "tags": [18, 19, 22], "zip_id": "atari7800_palettes"}, "games/ATARI7800/Palettes/Trebor/CRT_Colors/Dark/Even_Ramp/CRT_V2_STD/NTSC/ATARI_NTSC_CRT_V2_STD-WARM.pal": {"hash": "c20241c10ee2c0db5521dad9dbad2f7e", "size": 768, "tags": [18, 19, 22], "zip_id": "atari7800_palettes"}, "games/ATARI7800/Palettes/Trebor/CRT_Colors/Dark/Even_Ramp/CRT_V2_STD/PAL/ATARI_PAL_CRT_V2_STD-COOL.pal": {"hash": "aceb0dd5cab80cec640a25c25a05d50b", "size": 768, "tags": [18, 19, 22], "zip_id": "atari7800_palettes"}, "games/ATARI7800/Palettes/Trebor/CRT_Colors/Dark/Even_Ramp/CRT_V2_STD/PAL/ATARI_PAL_CRT_V2_STD-HOT.pal": {"hash": "5044752aa551d0b013746f1cb04d7262", "size": 768, "tags": [18, 19, 22], "zip_id": "atari7800_palettes"}, "games/ATARI7800/Palettes/Trebor/CRT_Colors/Dark/Even_Ramp/CRT_V2_STD/PAL/ATARI_PAL_CRT_V2_STD-WARM.pal": {"hash": "18f760c3822734cf5be18aca9dade924", "size": 768, "tags": [18, 19, 22], "zip_id": "atari7800_palettes"}, "games/ATARI7800/Palettes/Trebor/CRT_Colors/Dark/Even_Ramp/CRT_V3_STD/NTSC/ATARI_NTSC_CRT_V3_STD-COOL.pal": {"hash": "fc767abd1027d26553e0ac04c7aaeeca", "size": 768, "tags": [18, 19, 22], "zip_id": "atari7800_palettes"}, "games/ATARI7800/Palettes/Trebor/CRT_Colors/Dark/Even_Ramp/CRT_V3_STD/NTSC/ATARI_NTSC_CRT_V3_STD-HOT.pal": {"hash": "26c5cbd8fa13b9c1e9ad62279c2a1b0e", "size": 768, "tags": [18, 19, 22], "zip_id": "atari7800_palettes"}, "games/ATARI7800/Palettes/Trebor/CRT_Colors/Dark/Even_Ramp/CRT_V3_STD/NTSC/ATARI_NTSC_CRT_V3_STD-WARM.pal": {"hash": "9699ea2b4a5395737c0e7130dddf6e61", "size": 768, "tags": [18, 19, 22], "zip_id": "atari7800_palettes"}, "games/ATARI7800/Palettes/Trebor/CRT_Colors/Dark/Even_Ramp/CRT_V3_STD/PAL/ATARI_PAL_CRT_V3_STD-COOL.pal": {"hash": "597378ee92a1e78e2905f0b7b82e7bf1", "size": 768, "tags": [18, 19, 22], "zip_id": "atari7800_palettes"}, "games/ATARI7800/Palettes/Trebor/CRT_Colors/Dark/Even_Ramp/CRT_V3_STD/PAL/ATARI_PAL_CRT_V3_STD-HOT.pal": {"hash": "e69f28f3d56a541923f013e7cc6c1df1", "size": 768, "tags": [18, 19, 22], "zip_id": "atari7800_palettes"}, "games/ATARI7800/Palettes/Trebor/CRT_Colors/Dark/Even_Ramp/CRT_V3_STD/PAL/ATARI_PAL_CRT_V3_STD-WARM.pal": {"hash": "57b6efbe228769c5dc710d451e94b5b9", "size": 768, "tags": [18, 19, 22], "zip_id": "atari7800_palettes"}, "games/ATARI7800/Palettes/Trebor/CRT_Colors/Dark/No_White/CRT_V1_WAB/NTSC/ATARI_NTSC_CRT_V1_WAB-COLD.pal": {"hash": "a30e649a032238ddc1cf25289d24e7ad", "size": 768, "tags": [18, 19, 22], "zip_id": "atari7800_palettes"}, "games/ATARI7800/Palettes/Trebor/CRT_Colors/Dark/No_White/CRT_V1_WAB/NTSC/ATARI_NTSC_CRT_V1_WAB-HOT.pal": {"hash": "b1d5de7c5f2d01601de75baf75b79bb8", "size": 768, "tags": [18, 19, 22], "zip_id": "atari7800_palettes"}, "games/ATARI7800/Palettes/Trebor/CRT_Colors/Dark/No_White/CRT_V1_WAB/NTSC/ATARI_NTSC_CRT_V1_WAB-WARM.pal": {"hash": "7ce2b553adb232ca3d48188d61447a88", "size": 768, "tags": [18, 19, 22], "zip_id": "atari7800_palettes"}, "games/ATARI7800/Palettes/Trebor/CRT_Colors/Dark/No_White/CRT_V1_WAB/PAL/ATARI_PAL_CRT_V1_WAB-COLD.pal": {"hash": "d6fae378dce14cf4c4fed4edcb1b1070", "size": 768, "tags": [18, 19, 22], "zip_id": "atari7800_palettes"}, "games/ATARI7800/Palettes/Trebor/CRT_Colors/Dark/No_White/CRT_V1_WAB/PAL/ATARI_PAL_CRT_V1_WAB-HOT.pal": {"hash": "429072dd96687e4d787473f2cbf447e2", "size": 768, "tags": [18, 19, 22], "zip_id": "atari7800_palettes"}, "games/ATARI7800/Palettes/Trebor/CRT_Colors/Dark/No_White/CRT_V1_WAB/PAL/ATARI_PAL_CRT_V1_WAB-WARM.pal": {"hash": "28d4cd9dae8b330f11e70439f93c94ab", "size": 768, "tags": [18, 19, 22], "zip_id": "atari7800_palettes"}, "games/ATARI7800/Palettes/Trebor/CRT_Colors/Dark/No_White/CRT_V2_WAB/NTSC/ATARI_NTSC_CRT_V2_WAB-COLD.pal": {"hash": "4a5d62329fd5f6e4c570ea93e5d896a9", "size": 768, "tags": [18, 19, 22], "zip_id": "atari7800_palettes"}, "games/ATARI7800/Palettes/Trebor/CRT_Colors/Dark/No_White/CRT_V2_WAB/NTSC/ATARI_NTSC_CRT_V2_WAB-HOT.pal": {"hash": "99d901c716f0eb1cd771fa7e47604892", "size": 768, "tags": [18, 19, 22], "zip_id": "atari7800_palettes"}, "games/ATARI7800/Palettes/Trebor/CRT_Colors/Dark/No_White/CRT_V2_WAB/NTSC/ATARI_NTSC_CRT_V2_WAB-WARM.pal": {"hash": "febac8ea981de130b999650f8a565552", "size": 768, "tags": [18, 19, 22], "zip_id": "atari7800_palettes"}, "games/ATARI7800/Palettes/Trebor/CRT_Colors/Dark/No_White/CRT_V2_WAB/PAL/ATARI_PAL_CRT_V2_WAB-COLD.pal": {"hash": "f4e0e6b5e5f43394bc3bd7d8ef214ea6", "size": 768, "tags": [18, 19, 22], "zip_id": "atari7800_palettes"}, "games/ATARI7800/Palettes/Trebor/CRT_Colors/Dark/No_White/CRT_V2_WAB/PAL/ATARI_PAL_CRT_V2_WAB-HOT.pal": {"hash": "f01a0df09c16ea10a3d18d5d434a7754", "size": 768, "tags": [18, 19, 22], "zip_id": "atari7800_palettes"}, "games/ATARI7800/Palettes/Trebor/CRT_Colors/Dark/No_White/CRT_V2_WAB/PAL/ATARI_PAL_CRT_V2_WAB-WARM.pal": {"hash": "ccaa6befc9724755d62e5e355dca58c6", "size": 768, "tags": [18, 19, 22], "zip_id": "atari7800_palettes"}, "games/ATARI7800/Palettes/Trebor/CRT_Colors/Dark/No_White/CRT_V3_WAB/NTSC/ATARI_NTSC_CRT_V3_WAB-COLD.pal": {"hash": "c58f80cccfd966d0e9044b59bec95f93", "size": 768, "tags": [18, 19, 22], "zip_id": "atari7800_palettes"}, "games/ATARI7800/Palettes/Trebor/CRT_Colors/Dark/No_White/CRT_V3_WAB/NTSC/ATARI_NTSC_CRT_V3_WAB-HOT.pal": {"hash": "ba16700b45d6a85e2da91011b74aaa4e", "size": 768, "tags": [18, 19, 22], "zip_id": "atari7800_palettes"}, "games/ATARI7800/Palettes/Trebor/CRT_Colors/Dark/No_White/CRT_V3_WAB/NTSC/ATARI_NTSC_CRT_V3_WAB-WARM.pal": {"hash": "1e821e92f907a36e055120f2e1a38313", "size": 768, "tags": [18, 19, 22], "zip_id": "atari7800_palettes"}, "games/ATARI7800/Palettes/Trebor/CRT_Colors/Dark/No_White/CRT_V3_WAB/PAL/ATARI_PAL_CRT_V3_WAB-COLD.pal": {"hash": "e4c2fdda0ba65397c9e6b88c5666c396", "size": 768, "tags": [18, 19, 22], "zip_id": "atari7800_palettes"}, "games/ATARI7800/Palettes/Trebor/CRT_Colors/Dark/No_White/CRT_V3_WAB/PAL/ATARI_PAL_CRT_V3_WAB-HOT.pal": {"hash": "9b25f67c038c670ab0164a43e38e5046", "size": 768, "tags": [18, 19, 22], "zip_id": "atari7800_palettes"}, "games/ATARI7800/Palettes/Trebor/CRT_Colors/Dark/No_White/CRT_V3_WAB/PAL/ATARI_PAL_CRT_V3_WAB-WARM.pal": {"hash": "7afe2e3cf7f206f6ace791340cee9c5e", "size": 768, "tags": [18, 19, 22], "zip_id": "atari7800_palettes"}, "games/ATARI7800/Palettes/Trebor/CRT_Colors/Dark/Rich/CRT_V1_DRK/NTSC/ATARI_NTSC_CRT_V1_DRK-COLD.pal": {"hash": "19104b0a3a1a6ace1aa210ea4267ea9a", "size": 768, "tags": [18, 19, 22], "zip_id": "atari7800_palettes"}, "games/ATARI7800/Palettes/Trebor/CRT_Colors/Dark/Rich/CRT_V1_DRK/NTSC/ATARI_NTSC_CRT_V1_DRK-HOT.pal": {"hash": "b154cfd7c5a363c1df30682ebf0b04db", "size": 768, "tags": [18, 19, 22], "zip_id": "atari7800_palettes"}, "games/ATARI7800/Palettes/Trebor/CRT_Colors/Dark/Rich/CRT_V1_DRK/NTSC/ATARI_NTSC_CRT_V1_DRK-WARM.pal": {"hash": "1b64c48902c1f0fe72c2fe10bb8b398d", "size": 768, "tags": [18, 19, 22], "zip_id": "atari7800_palettes"}, "games/ATARI7800/Palettes/Trebor/CRT_Colors/Dark/Rich/CRT_V1_DRK/PAL/ATARI_PAL_CRT_V1_DRK-COLD.pal": {"hash": "590ed4ee9b4c9315374815f0da156570", "size": 768, "tags": [18, 19, 22], "zip_id": "atari7800_palettes"}, "games/ATARI7800/Palettes/Trebor/CRT_Colors/Dark/Rich/CRT_V1_DRK/PAL/ATARI_PAL_CRT_V1_DRK-HOT.pal": {"hash": "d1a20c966c94e221450522758db5f6e7", "size": 768, "tags": [18, 19, 22], "zip_id": "atari7800_palettes"}, "games/ATARI7800/Palettes/Trebor/CRT_Colors/Dark/Rich/CRT_V1_DRK/PAL/ATARI_PAL_CRT_V1_DRK-WARM.pal": {"hash": "6f4ea9a86f1745afb34febd89cba6704", "size": 768, "tags": [18, 19, 22], "zip_id": "atari7800_palettes"}, "games/ATARI7800/Palettes/Trebor/CRT_Colors/Dark/Rich/CRT_V2_DRK/NTSC/ATARI_NTSC_CRT_V2_DRK-COLD.pal": {"hash": "30c2efe081bbb5ce24da6225e79eaf22", "size": 768, "tags": [18, 19, 22], "zip_id": "atari7800_palettes"}, "games/ATARI7800/Palettes/Trebor/CRT_Colors/Dark/Rich/CRT_V2_DRK/NTSC/ATARI_NTSC_CRT_V2_DRK-HOT.pal": {"hash": "cdee1299bbcc8c55de6e4e108a94cf39", "size": 768, "tags": [18, 19, 22], "zip_id": "atari7800_palettes"}, "games/ATARI7800/Palettes/Trebor/CRT_Colors/Dark/Rich/CRT_V2_DRK/NTSC/ATARI_NTSC_CRT_V2_DRK-WARM.pal": {"hash": "4dc56e790297334460456c8630fd8b77", "size": 768, "tags": [18, 19, 22], "zip_id": "atari7800_palettes"}, "games/ATARI7800/Palettes/Trebor/CRT_Colors/Dark/Rich/CRT_V2_DRK/PAL/ATARI_PAL_CRT_V2_DRK-COLD.pal": {"hash": "0e26d0a47b4cd190f2e1c75a0bb6cafa", "size": 768, "tags": [18, 19, 22], "zip_id": "atari7800_palettes"}, "games/ATARI7800/Palettes/Trebor/CRT_Colors/Dark/Rich/CRT_V2_DRK/PAL/ATARI_PAL_CRT_V2_DRK-HOT.pal": {"hash": "801b5cc33d1923532d7e1b281c441da9", "size": 768, "tags": [18, 19, 22], "zip_id": "atari7800_palettes"}, "games/ATARI7800/Palettes/Trebor/CRT_Colors/Dark/Rich/CRT_V2_DRK/PAL/ATARI_PAL_CRT_V2_DRK-WARM.pal": {"hash": "5820a24684b79cb066f4260d0d3f0bfa", "size": 768, "tags": [18, 19, 22], "zip_id": "atari7800_palettes"}, "games/ATARI7800/Palettes/Trebor/CRT_Colors/Dark/Rich/CRT_V3_DRK/NTSC/ATARI_NTSC_CRT_V3_DRK-COLD.pal": {"hash": "f1f87e9922876c1ea6963c711427bac6", "size": 768, "tags": [18, 19, 22], "zip_id": "atari7800_palettes"}, "games/ATARI7800/Palettes/Trebor/CRT_Colors/Dark/Rich/CRT_V3_DRK/NTSC/ATARI_NTSC_CRT_V3_DRK-HOT.pal": {"hash": "80dc893ec4d01c3330686adc9c57c118", "size": 768, "tags": [18, 19, 22], "zip_id": "atari7800_palettes"}, "games/ATARI7800/Palettes/Trebor/CRT_Colors/Dark/Rich/CRT_V3_DRK/NTSC/ATARI_NTSC_CRT_V3_DRK-WARM.pal": {"hash": "c48d210af0e1b4ecb3e62a2ddab887de", "size": 768, "tags": [18, 19, 22], "zip_id": "atari7800_palettes"}, "games/ATARI7800/Palettes/Trebor/CRT_Colors/Dark/Rich/CRT_V3_DRK/PAL/ATARI_PAL_CRT_V3_DRK-COLD.pal": {"hash": "4324efe86f9ff7b898914c0862df7008", "size": 768, "tags": [18, 19, 22], "zip_id": "atari7800_palettes"}, "games/ATARI7800/Palettes/Trebor/CRT_Colors/Dark/Rich/CRT_V3_DRK/PAL/ATARI_PAL_CRT_V3_DRK-HOT.pal": {"hash": "4c2455654e4525ff10c8ee49d66f215d", "size": 768, "tags": [18, 19, 22], "zip_id": "atari7800_palettes"}, "games/ATARI7800/Palettes/Trebor/CRT_Colors/Dark/Rich/CRT_V3_DRK/PAL/ATARI_PAL_CRT_V3_DRK-WARM.pal": {"hash": "95ec3354385185cb2af2905655b5e526", "size": 768, "tags": [18, 19, 22], "zip_id": "atari7800_palettes"}, "games/ATARI7800/Palettes/Trebor/LCD_Colors/Balanced/Grayscale_Dk/LCD_V1_EVN/NTSC/ATARI_NTSC_LCD_V1_EVN-COOL.pal": {"hash": "53a099df60bb80aa7cae3ef169642706", "size": 768, "tags": [18, 19, 22], "zip_id": "atari7800_palettes"}, "games/ATARI7800/Palettes/Trebor/LCD_Colors/Balanced/Grayscale_Dk/LCD_V1_EVN/NTSC/ATARI_NTSC_LCD_V1_EVN-HOT.pal": {"hash": "245f6fdc359e924831763b138c293475", "size": 768, "tags": [18, 19, 22], "zip_id": "atari7800_palettes"}, "games/ATARI7800/Palettes/Trebor/LCD_Colors/Balanced/Grayscale_Dk/LCD_V1_EVN/NTSC/ATARI_NTSC_LCD_V1_EVN-WARM.pal": {"hash": "4c51b1682ca0a2bdb65476e109f4a458", "size": 768, "tags": [18, 19, 22], "zip_id": "atari7800_palettes"}, "games/ATARI7800/Palettes/Trebor/LCD_Colors/Balanced/Grayscale_Dk/LCD_V1_EVN/PAL/ATARI_PAL_LCD_V1_EVN-COOL.pal": {"hash": "1af1d0a5f2078b84d5008e5de7ecf88f", "size": 768, "tags": [18, 19, 22], "zip_id": "atari7800_palettes"}, "games/ATARI7800/Palettes/Trebor/LCD_Colors/Balanced/Grayscale_Dk/LCD_V1_EVN/PAL/ATARI_PAL_LCD_V1_EVN-HOT.pal": {"hash": "2937d25197aacebf773a2c01c2e1538b", "size": 768, "tags": [18, 19, 22], "zip_id": "atari7800_palettes"}, "games/ATARI7800/Palettes/Trebor/LCD_Colors/Balanced/Grayscale_Dk/LCD_V1_EVN/PAL/ATARI_PAL_LCD_V1_EVN-WARM.pal": {"hash": "d2a9a8580788a4c678db76fda2af34d3", "size": 768, "tags": [18, 19, 22], "zip_id": "atari7800_palettes"}, "games/ATARI7800/Palettes/Trebor/LCD_Colors/Balanced/Grayscale_Dk/LCD_V2_EVN/NTSC/ATARI_NTSC_LCD_V2_EVN-COOL.pal": {"hash": "e39025b177c7645324dd5cbb8c1f5383", "size": 768, "tags": [18, 19, 22], "zip_id": "atari7800_palettes"}, "games/ATARI7800/Palettes/Trebor/LCD_Colors/Balanced/Grayscale_Dk/LCD_V2_EVN/NTSC/ATARI_NTSC_LCD_V2_EVN-HOT.pal": {"hash": "fea0063be793778ab83baefcba811bd1", "size": 768, "tags": [18, 19, 22], "zip_id": "atari7800_palettes"}, "games/ATARI7800/Palettes/Trebor/LCD_Colors/Balanced/Grayscale_Dk/LCD_V2_EVN/NTSC/ATARI_NTSC_LCD_V2_EVN-WARM.pal": {"hash": "200c01c53273fbb99f4b1e58b3c4be6d", "size": 768, "tags": [18, 19, 22], "zip_id": "atari7800_palettes"}, "games/ATARI7800/Palettes/Trebor/LCD_Colors/Balanced/Grayscale_Dk/LCD_V2_EVN/PAL/ATARI_PAL_LCD_V2_EVN-COOL.pal": {"hash": "5536f228dc5d2acff0f76870203be13e", "size": 768, "tags": [18, 19, 22], "zip_id": "atari7800_palettes"}, "games/ATARI7800/Palettes/Trebor/LCD_Colors/Balanced/Grayscale_Dk/LCD_V2_EVN/PAL/ATARI_PAL_LCD_V2_EVN-HOT.pal": {"hash": "d0c905c3256b7649aa64294b830aaa05", "size": 768, "tags": [18, 19, 22], "zip_id": "atari7800_palettes"}, "games/ATARI7800/Palettes/Trebor/LCD_Colors/Balanced/Grayscale_Dk/LCD_V2_EVN/PAL/ATARI_PAL_LCD_V2_EVN-WARM.pal": {"hash": "6d7c785dd38e33c8418a3e2daf8a275c", "size": 768, "tags": [18, 19, 22], "zip_id": "atari7800_palettes"}, "games/ATARI7800/Palettes/Trebor/LCD_Colors/Balanced/Grayscale_Lt/LCD_V1_REG/NTSC/ATARI_NTSC_LCD_V1_REG-COOL.pal": {"hash": "05dfd39238a184a5ad2d96fd66518c2f", "size": 768, "tags": [18, 19, 22], "zip_id": "atari7800_palettes"}, "games/ATARI7800/Palettes/Trebor/LCD_Colors/Balanced/Grayscale_Lt/LCD_V1_REG/NTSC/ATARI_NTSC_LCD_V1_REG-HOT.pal": {"hash": "932f082213e9729dd45e84ba263be66c", "size": 768, "tags": [18, 19, 22], "zip_id": "atari7800_palettes"}, "games/ATARI7800/Palettes/Trebor/LCD_Colors/Balanced/Grayscale_Lt/LCD_V1_REG/NTSC/ATARI_NTSC_LCD_V1_REG-WARM.pal": {"hash": "5e65d601ad407f90e3dc3385c7dd7f98", "size": 768, "tags": [18, 19, 22], "zip_id": "atari7800_palettes"}, "games/ATARI7800/Palettes/Trebor/LCD_Colors/Balanced/Grayscale_Lt/LCD_V1_REG/PAL/ATARI_PAL_LCD_V1_REG-COOL.pal": {"hash": "a2355f5101a3de8a9d82909d53a9595a", "size": 768, "tags": [18, 19, 22], "zip_id": "atari7800_palettes"}, "games/ATARI7800/Palettes/Trebor/LCD_Colors/Balanced/Grayscale_Lt/LCD_V1_REG/PAL/ATARI_PAL_LCD_V1_REG-HOT.pal": {"hash": "8e96d6276ba8b96d2cc8c55191660504", "size": 768, "tags": [18, 19, 22], "zip_id": "atari7800_palettes"}, "games/ATARI7800/Palettes/Trebor/LCD_Colors/Balanced/Grayscale_Lt/LCD_V1_REG/PAL/ATARI_PAL_LCD_V1_REG-WARM.pal": {"hash": "10bdddcdbea7751e681d70edcc84efd5", "size": 768, "tags": [18, 19, 22], "zip_id": "atari7800_palettes"}, "games/ATARI7800/Palettes/Trebor/LCD_Colors/Balanced/Grayscale_Lt/LCD_V2_REG/NTSC/ATARI_NTSC_LCD_V2_REG-COOL.pal": {"hash": "4aa3d69dbf840eda1f23bc4483bd6ff9", "size": 768, "tags": [18, 19, 22], "zip_id": "atari7800_palettes"}, "games/ATARI7800/Palettes/Trebor/LCD_Colors/Balanced/Grayscale_Lt/LCD_V2_REG/NTSC/ATARI_NTSC_LCD_V2_REG-HOT.pal": {"hash": "63c39e7b1bf25b911389037fdf553a0f", "size": 768, "tags": [18, 19, 22], "zip_id": "atari7800_palettes"}, "games/ATARI7800/Palettes/Trebor/LCD_Colors/Balanced/Grayscale_Lt/LCD_V2_REG/NTSC/ATARI_NTSC_LCD_V2_REG-WARM.pal": {"hash": "68f8d9ca06de66e8e67a02ca3e29fc2f", "size": 768, "tags": [18, 19, 22], "zip_id": "atari7800_palettes"}, "games/ATARI7800/Palettes/Trebor/LCD_Colors/Balanced/Grayscale_Lt/LCD_V2_REG/PAL/ATARI_PAL_LCD_V2_REG-COOL.pal": {"hash": "084a4a011e421933cb6d38876cb38883", "size": 768, "tags": [18, 19, 22], "zip_id": "atari7800_palettes"}, "games/ATARI7800/Palettes/Trebor/LCD_Colors/Balanced/Grayscale_Lt/LCD_V2_REG/PAL/ATARI_PAL_LCD_V2_REG-HOT.pal": {"hash": "7d39e9a92b17d21f3c61b5f18dbeee9d", "size": 768, "tags": [18, 19, 22], "zip_id": "atari7800_palettes"}, "games/ATARI7800/Palettes/Trebor/LCD_Colors/Balanced/Grayscale_Lt/LCD_V2_REG/PAL/ATARI_PAL_LCD_V2_REG-WARM.pal": {"hash": "3ea4312f89a24c7ad2da8b1c60e0d598", "size": 768, "tags": [18, 19, 22], "zip_id": "atari7800_palettes"}, "games/ATARI7800/Palettes/Trebor/LCD_Colors/Bright/Desaturated/LCD_V1_TLS/NTSC/ATARI_NTSC_LCD_V1_TLS-COOL.pal": {"hash": "3dc8b0e9f20cdc258d11f460d4459dec", "size": 768, "tags": [18, 19, 22], "zip_id": "atari7800_palettes"}, "games/ATARI7800/Palettes/Trebor/LCD_Colors/Bright/Desaturated/LCD_V1_TLS/NTSC/ATARI_NTSC_LCD_V1_TLS-HOT.pal": {"hash": "9dba9688f20e2591e5871b5c4b5590fe", "size": 768, "tags": [18, 19, 22], "zip_id": "atari7800_palettes"}, "games/ATARI7800/Palettes/Trebor/LCD_Colors/Bright/Desaturated/LCD_V1_TLS/NTSC/ATARI_NTSC_LCD_V1_TLS-WARM.pal": {"hash": "0a9e689a491d57e223e8f1c04047c527", "size": 768, "tags": [18, 19, 22], "zip_id": "atari7800_palettes"}, "games/ATARI7800/Palettes/Trebor/LCD_Colors/Bright/Desaturated/LCD_V1_TLS/PAL/ATARI_PAL_LCD_V1_TLS-COOL.pal": {"hash": "b2cc70a495864d1d5a029d735f2a42a1", "size": 768, "tags": [18, 19, 22], "zip_id": "atari7800_palettes"}, "games/ATARI7800/Palettes/Trebor/LCD_Colors/Bright/Desaturated/LCD_V1_TLS/PAL/ATARI_PAL_LCD_V1_TLS-HOT.pal": {"hash": "3818df3ff540a67f1b968a822689845f", "size": 768, "tags": [18, 19, 22], "zip_id": "atari7800_palettes"}, "games/ATARI7800/Palettes/Trebor/LCD_Colors/Bright/Desaturated/LCD_V1_TLS/PAL/ATARI_PAL_LCD_V1_TLS-WARM.pal": {"hash": "b8c5a3ffcc26a7610ecd9568be69a776", "size": 768, "tags": [18, 19, 22], "zip_id": "atari7800_palettes"}, "games/ATARI7800/Palettes/Trebor/LCD_Colors/Bright/Desaturated/LCD_V2_TLS/NTSC/ATARI_NTSC_LCD_V1_TLS-COOL.pal": {"hash": "0ae90a4278570d4a494118073b7938f9", "size": 768, "tags": [18, 19, 22], "zip_id": "atari7800_palettes"}, "games/ATARI7800/Palettes/Trebor/LCD_Colors/Bright/Desaturated/LCD_V2_TLS/NTSC/ATARI_NTSC_LCD_V1_TLS-HOT.pal": {"hash": "f6d94620c59d4dd15cc76a93a21e2726", "size": 768, "tags": [18, 19, 22], "zip_id": "atari7800_palettes"}, "games/ATARI7800/Palettes/Trebor/LCD_Colors/Bright/Desaturated/LCD_V2_TLS/NTSC/ATARI_NTSC_LCD_V1_TLS-WARM.pal": {"hash": "897d02119661a7438d87aafbccd4e31a", "size": 768, "tags": [18, 19, 22], "zip_id": "atari7800_palettes"}, "games/ATARI7800/Palettes/Trebor/LCD_Colors/Bright/Desaturated/LCD_V2_TLS/PAL/ATARI_PAL_LCD_V1_TLS-COOL.pal": {"hash": "9b7a03c56c14b6a60411f943bffcf8cf", "size": 768, "tags": [18, 19, 22], "zip_id": "atari7800_palettes"}, "games/ATARI7800/Palettes/Trebor/LCD_Colors/Bright/Desaturated/LCD_V2_TLS/PAL/ATARI_PAL_LCD_V1_TLS-HOT.pal": {"hash": "1cce5ae6cc5e64426e193297eedcc4eb", "size": 768, "tags": [18, 19, 22], "zip_id": "atari7800_palettes"}, "games/ATARI7800/Palettes/Trebor/LCD_Colors/Bright/Desaturated/LCD_V2_TLS/PAL/ATARI_PAL_LCD_V1_TLS-WARM.pal": {"hash": "2d51456303be7af46b2b4818ecd4d787", "size": 768, "tags": [18, 19, 22], "zip_id": "atari7800_palettes"}, "games/ATARI7800/Palettes/Trebor/LCD_Colors/Bright/Even_Ramp/LCD_V1_OPT/NTSC/ATARI_NTSC_LCD_V1_OPT-COOL.pal": {"hash": "8d033b77bc4118059e80550ebf30a624", "size": 768, "tags": [18, 19, 22], "zip_id": "atari7800_palettes"}, "games/ATARI7800/Palettes/Trebor/LCD_Colors/Bright/Even_Ramp/LCD_V1_OPT/NTSC/ATARI_NTSC_LCD_V1_OPT-HOT.pal": {"hash": "d034d5f60026f08bdbf3077c0d56ee59", "size": 768, "tags": [18, 19, 22], "zip_id": "atari7800_palettes"}, "games/ATARI7800/Palettes/Trebor/LCD_Colors/Bright/Even_Ramp/LCD_V1_OPT/NTSC/ATARI_NTSC_LCD_V1_OPT-WARM.pal": {"hash": "b8a96e0c5c972545d95f5b3fad04ea96", "size": 768, "tags": [18, 19, 22], "zip_id": "atari7800_palettes"}, "games/ATARI7800/Palettes/Trebor/LCD_Colors/Bright/Even_Ramp/LCD_V1_OPT/PAL/ATARI_PAL_LCD_V1_OPT-COOL.pal": {"hash": "95d343a4d4fae3be6a23ebc7c646b4c1", "size": 768, "tags": [18, 19, 22], "zip_id": "atari7800_palettes"}, "games/ATARI7800/Palettes/Trebor/LCD_Colors/Bright/Even_Ramp/LCD_V1_OPT/PAL/ATARI_PAL_LCD_V1_OPT-HOT.pal": {"hash": "8a79539a6dbc4e71bae99b4cf1c47395", "size": 768, "tags": [18, 19, 22], "zip_id": "atari7800_palettes"}, "games/ATARI7800/Palettes/Trebor/LCD_Colors/Bright/Even_Ramp/LCD_V1_OPT/PAL/ATARI_PAL_LCD_V1_OPT-WARM.pal": {"hash": "e5250986c4fbbb6cb78c771f338ecc37", "size": 768, "tags": [18, 19, 22], "zip_id": "atari7800_palettes"}, "games/ATARI7800/Palettes/Trebor/LCD_Colors/Bright/Even_Ramp/LCD_V2_OPT/NTSC/ATARI_NTSC_LCD_V2_OPT-COOL.pal": {"hash": "a186cc75bb496111dd02ae7d7927a793", "size": 768, "tags": [18, 19, 22], "zip_id": "atari7800_palettes"}, "games/ATARI7800/Palettes/Trebor/LCD_Colors/Bright/Even_Ramp/LCD_V2_OPT/NTSC/ATARI_NTSC_LCD_V2_OPT-HOT.pal": {"hash": "425be207c5f14b3af7d8068c599ba53e", "size": 768, "tags": [18, 19, 22], "zip_id": "atari7800_palettes"}, "games/ATARI7800/Palettes/Trebor/LCD_Colors/Bright/Even_Ramp/LCD_V2_OPT/NTSC/ATARI_NTSC_LCD_V2_OPT-WARM.pal": {"hash": "ce7a9c2e86d0d1715554b456d73ae89a", "size": 768, "tags": [18, 19, 22], "zip_id": "atari7800_palettes"}, "games/ATARI7800/Palettes/Trebor/LCD_Colors/Bright/Even_Ramp/LCD_V2_OPT/PAL/ATARI_PAL_LCD_V2_OPT-COOL.pal": {"hash": "8a00dbe82012b6a2d9ea8469b4d3b980", "size": 768, "tags": [18, 19, 22], "zip_id": "atari7800_palettes"}, "games/ATARI7800/Palettes/Trebor/LCD_Colors/Bright/Even_Ramp/LCD_V2_OPT/PAL/ATARI_PAL_LCD_V2_OPT-HOT.pal": {"hash": "f202d434aabaef9171263ad2c77e3fa7", "size": 768, "tags": [18, 19, 22], "zip_id": "atari7800_palettes"}, "games/ATARI7800/Palettes/Trebor/LCD_Colors/Bright/Even_Ramp/LCD_V2_OPT/PAL/ATARI_PAL_LCD_V2_OPT-WARM.pal": {"hash": "90b394de54d7f72aedbd790039fe0a17", "size": 768, "tags": [18, 19, 22], "zip_id": "atari7800_palettes"}, "games/ATARI7800/Palettes/Trebor/LCD_Colors/Bright/No_Black/LCD_V1_NAB/NTSC/ATARI_NTSC_LCD_V1_NAB-COOL.pal": {"hash": "d7ba1a4ed0e37c159eff35e7df0dba60", "size": 768, "tags": [18, 19, 22], "zip_id": "atari7800_palettes"}, "games/ATARI7800/Palettes/Trebor/LCD_Colors/Bright/No_Black/LCD_V1_NAB/NTSC/ATARI_NTSC_LCD_V1_NAB-HOT.pal": {"hash": "6a1a4c9be1fbe8636bedede5b4e0e7ba", "size": 768, "tags": [18, 19, 22], "zip_id": "atari7800_palettes"}, "games/ATARI7800/Palettes/Trebor/LCD_Colors/Bright/No_Black/LCD_V1_NAB/NTSC/ATARI_NTSC_LCD_V1_NAB-WARM.pal": {"hash": "2f0f469af1f728d20570c6ee6ba340ca", "size": 768, "tags": [18, 19, 22], "zip_id": "atari7800_palettes"}, "games/ATARI7800/Palettes/Trebor/LCD_Colors/Bright/No_Black/LCD_V1_NAB/PAL/ATARI_PAL_LCD_V1_NAB-COOL.pal": {"hash": "aa58534649e4697a2b36e48e33355d04", "size": 768, "tags": [18, 19, 22], "zip_id": "atari7800_palettes"}, "games/ATARI7800/Palettes/Trebor/LCD_Colors/Bright/No_Black/LCD_V1_NAB/PAL/ATARI_PAL_LCD_V1_NAB-HOT.pal": {"hash": "7a0ace17542420681e954cf2dd023ba8", "size": 768, "tags": [18, 19, 22], "zip_id": "atari7800_palettes"}, "games/ATARI7800/Palettes/Trebor/LCD_Colors/Bright/No_Black/LCD_V1_NAB/PAL/ATARI_PAL_LCD_V1_NAB-WARM.pal": {"hash": "2e99e12bc8d13d4d3d29a65689d384f5", "size": 768, "tags": [18, 19, 22], "zip_id": "atari7800_palettes"}, "games/ATARI7800/Palettes/Trebor/LCD_Colors/Bright/No_Black/LCD_V2_NAB/NTSC/ATARI_NTSC_LCD_V2_NAB-COOL.pal": {"hash": "7c62960e6c14f036434621b18c7934d0", "size": 768, "tags": [18, 19, 22], "zip_id": "atari7800_palettes"}, "games/ATARI7800/Palettes/Trebor/LCD_Colors/Bright/No_Black/LCD_V2_NAB/NTSC/ATARI_NTSC_LCD_V2_NAB-HOT.pal": {"hash": "fb109ad221d14677cb99004b7ba1b6b7", "size": 768, "tags": [18, 19, 22], "zip_id": "atari7800_palettes"}, "games/ATARI7800/Palettes/Trebor/LCD_Colors/Bright/No_Black/LCD_V2_NAB/NTSC/ATARI_NTSC_LCD_V2_NAB-WARM.pal": {"hash": "6cecd233429a33b057a94788bc786a9c", "size": 768, "tags": [18, 19, 22], "zip_id": "atari7800_palettes"}, "games/ATARI7800/Palettes/Trebor/LCD_Colors/Bright/No_Black/LCD_V2_NAB/PAL/ATARI_PAL_LCD_V2_NAB-COOL.pal": {"hash": "b57759cdb1dd4f5df57be26d6583f5c4", "size": 768, "tags": [18, 19, 22], "zip_id": "atari7800_palettes"}, "games/ATARI7800/Palettes/Trebor/LCD_Colors/Bright/No_Black/LCD_V2_NAB/PAL/ATARI_PAL_LCD_V2_NAB-HOT.pal": {"hash": "45a47d9fc1529ade631b25f259e02ef6", "size": 768, "tags": [18, 19, 22], "zip_id": "atari7800_palettes"}, "games/ATARI7800/Palettes/Trebor/LCD_Colors/Bright/No_Black/LCD_V2_NAB/PAL/ATARI_PAL_LCD_V2_NAB-WARM.pal": {"hash": "ddc937c03a8d7e9f70bf849b5a1c6a0f", "size": 768, "tags": [18, 19, 22], "zip_id": "atari7800_palettes"}, "games/ATARI7800/Palettes/Trebor/LCD_Colors/Bright/Vibrant/LCD_V1_BRT/NTSC/ATARI_NTSC_LCD_V1_BRT-COOL.pal": {"hash": "c21c5a16ff1fa48dc10a54073e951020", "size": 768, "tags": [18, 19, 22], "zip_id": "atari7800_palettes"}, "games/ATARI7800/Palettes/Trebor/LCD_Colors/Bright/Vibrant/LCD_V1_BRT/NTSC/ATARI_NTSC_LCD_V1_BRT-HOT.pal": {"hash": "cdd88166be3cac424ebd77fffb75023d", "size": 768, "tags": [18, 19, 22], "zip_id": "atari7800_palettes"}, "games/ATARI7800/Palettes/Trebor/LCD_Colors/Bright/Vibrant/LCD_V1_BRT/NTSC/ATARI_NTSC_LCD_V1_BRT-WARM.pal": {"hash": "566548e6a37bc23cc4ab38460d19096a", "size": 768, "tags": [18, 19, 22], "zip_id": "atari7800_palettes"}, "games/ATARI7800/Palettes/Trebor/LCD_Colors/Bright/Vibrant/LCD_V1_BRT/PAL/ATARI_PAL_LCD_V1_BRT-COOL.pal": {"hash": "3477bf0d8df7a38026ed4bcc127d7027", "size": 768, "tags": [18, 19, 22], "zip_id": "atari7800_palettes"}, "games/ATARI7800/Palettes/Trebor/LCD_Colors/Bright/Vibrant/LCD_V1_BRT/PAL/ATARI_PAL_LCD_V1_BRT-HOT.pal": {"hash": "1aabdb9b3d7e624ebad7c51607f13e49", "size": 768, "tags": [18, 19, 22], "zip_id": "atari7800_palettes"}, "games/ATARI7800/Palettes/Trebor/LCD_Colors/Bright/Vibrant/LCD_V1_BRT/PAL/ATARI_PAL_LCD_V1_BRT-WARM.pal": {"hash": "b680e70fccabe84a0f5fee4a945aab5f", "size": 768, "tags": [18, 19, 22], "zip_id": "atari7800_palettes"}, "games/ATARI7800/Palettes/Trebor/LCD_Colors/Bright/Vibrant/LCD_V2_BRT/NTSC/ATARI_NTSC_LCD_V2_BRT-COOL.pal": {"hash": "3c128bd0a136e8b3c0c7752b4e52839e", "size": 768, "tags": [18, 19, 22], "zip_id": "atari7800_palettes"}, "games/ATARI7800/Palettes/Trebor/LCD_Colors/Bright/Vibrant/LCD_V2_BRT/NTSC/ATARI_NTSC_LCD_V2_BRT-HOT.pal": {"hash": "a8b39d0a39c5987cb80c847df4a0029b", "size": 768, "tags": [18, 19, 22], "zip_id": "atari7800_palettes"}, "games/ATARI7800/Palettes/Trebor/LCD_Colors/Bright/Vibrant/LCD_V2_BRT/NTSC/ATARI_NTSC_LCD_V2_BRT-WARM.pal": {"hash": "2b575c4f3e3c48a165cea735047ab802", "size": 768, "tags": [18, 19, 22], "zip_id": "atari7800_palettes"}, "games/ATARI7800/Palettes/Trebor/LCD_Colors/Bright/Vibrant/LCD_V2_BRT/PAL/ATARI_PAL_LCD_V2_BRT-COOL.pal": {"hash": "359e1680b1fae01a67660842edf207e6", "size": 768, "tags": [18, 19, 22], "zip_id": "atari7800_palettes"}, "games/ATARI7800/Palettes/Trebor/LCD_Colors/Bright/Vibrant/LCD_V2_BRT/PAL/ATARI_PAL_LCD_V2_BRT-HOT.pal": {"hash": "7a59476c117295db32a3b2a2355c4abe", "size": 768, "tags": [18, 19, 22], "zip_id": "atari7800_palettes"}, "games/ATARI7800/Palettes/Trebor/LCD_Colors/Bright/Vibrant/LCD_V2_BRT/PAL/ATARI_PAL_LCD_V2_BRT-WARM.pal": {"hash": "b16a6a3944f379bb5d053e5ec0c766f9", "size": 768, "tags": [18, 19, 22], "zip_id": "atari7800_palettes"}, "games/ATARI7800/Palettes/Trebor/LCD_Colors/Dark/Desaturated/LCD_V1_LST/NTSC/ATARI_NTSC_LCD_V1_LST-COOL.pal": {"hash": "8ae4c6f9d235ae9b8620b62353ee32ad", "size": 768, "tags": [18, 19, 22], "zip_id": "atari7800_palettes"}, "games/ATARI7800/Palettes/Trebor/LCD_Colors/Dark/Desaturated/LCD_V1_LST/NTSC/ATARI_NTSC_LCD_V1_LST-HOT.pal": {"hash": "2b1a7fc73ba1081fe9531d9898d4e308", "size": 768, "tags": [18, 19, 22], "zip_id": "atari7800_palettes"}, "games/ATARI7800/Palettes/Trebor/LCD_Colors/Dark/Desaturated/LCD_V1_LST/NTSC/ATARI_NTSC_LCD_V1_LST-WARM.pal": {"hash": "164c4103e44d6aa29d254149e672f516", "size": 768, "tags": [18, 19, 22], "zip_id": "atari7800_palettes"}, "games/ATARI7800/Palettes/Trebor/LCD_Colors/Dark/Desaturated/LCD_V1_LST/PAL/ATARI_PAL_LCD_V1_LST-COOL.pal": {"hash": "8239b03b06a239787b3c4771338c439c", "size": 768, "tags": [18, 19, 22], "zip_id": "atari7800_palettes"}, "games/ATARI7800/Palettes/Trebor/LCD_Colors/Dark/Desaturated/LCD_V1_LST/PAL/ATARI_PAL_LCD_V1_LST-HOT.pal": {"hash": "f1a7caa8dfcdd3b80325a59cc647dca5", "size": 768, "tags": [18, 19, 22], "zip_id": "atari7800_palettes"}, "games/ATARI7800/Palettes/Trebor/LCD_Colors/Dark/Desaturated/LCD_V1_LST/PAL/ATARI_PAL_LCD_V1_LST-WARM.pal": {"hash": "667bcc2a389dcbb6b05224d6b71f2701", "size": 768, "tags": [18, 19, 22], "zip_id": "atari7800_palettes"}, "games/ATARI7800/Palettes/Trebor/LCD_Colors/Dark/Desaturated/LCD_V2_LST/NTSC/ATARI_NTSC_LCD_V2_LST-COOL.pal": {"hash": "3895460b8a8b06be09a51fe09b2a081c", "size": 768, "tags": [18, 19, 22], "zip_id": "atari7800_palettes"}, "games/ATARI7800/Palettes/Trebor/LCD_Colors/Dark/Desaturated/LCD_V2_LST/NTSC/ATARI_NTSC_LCD_V2_LST-HOT.pal": {"hash": "63981c7b6887afcd3969c7bff4cefa28", "size": 768, "tags": [18, 19, 22], "zip_id": "atari7800_palettes"}, "games/ATARI7800/Palettes/Trebor/LCD_Colors/Dark/Desaturated/LCD_V2_LST/NTSC/ATARI_NTSC_LCD_V2_LST-WARM.pal": {"hash": "8c5f2bec5340875e3cfcafbc6b6338b5", "size": 768, "tags": [18, 19, 22], "zip_id": "atari7800_palettes"}, "games/ATARI7800/Palettes/Trebor/LCD_Colors/Dark/Desaturated/LCD_V2_LST/PAL/ATARI_PAL_LCD_V2_LST-COOL.pal": {"hash": "4bcdb8e2a08001b6d32f8258a0fd4671", "size": 768, "tags": [18, 19, 22], "zip_id": "atari7800_palettes"}, "games/ATARI7800/Palettes/Trebor/LCD_Colors/Dark/Desaturated/LCD_V2_LST/PAL/ATARI_PAL_LCD_V2_LST-HOT.pal": {"hash": "024008a2af2118484121a12e7c17a9dd", "size": 768, "tags": [18, 19, 22], "zip_id": "atari7800_palettes"}, "games/ATARI7800/Palettes/Trebor/LCD_Colors/Dark/Desaturated/LCD_V2_LST/PAL/ATARI_PAL_LCD_V2_LST-WARM.pal": {"hash": "ee74008431e45993b38f90b164160183", "size": 768, "tags": [18, 19, 22], "zip_id": "atari7800_palettes"}, "games/ATARI7800/Palettes/Trebor/LCD_Colors/Dark/Even_Ramp/LCD_V1_STD/NTSC/ATARI_NTSC_LCD_V1_STD-COOL.pal": {"hash": "f418c56289df3fcc278aeccea4b3a361", "size": 768, "tags": [18, 19, 22], "zip_id": "atari7800_palettes"}, "games/ATARI7800/Palettes/Trebor/LCD_Colors/Dark/Even_Ramp/LCD_V1_STD/NTSC/ATARI_NTSC_LCD_V1_STD-HOT.pal": {"hash": "5b0f3946f8988d276ee49f58f55c1e74", "size": 768, "tags": [18, 19, 22], "zip_id": "atari7800_palettes"}, "games/ATARI7800/Palettes/Trebor/LCD_Colors/Dark/Even_Ramp/LCD_V1_STD/NTSC/ATARI_NTSC_LCD_V1_STD-WARM.pal": {"hash": "00fadc57a6a39f0243e3575cee5e9e72", "size": 768, "tags": [18, 19, 22], "zip_id": "atari7800_palettes"}, "games/ATARI7800/Palettes/Trebor/LCD_Colors/Dark/Even_Ramp/LCD_V1_STD/PAL/ATARI_PAL_LCD_V1_STD-COOL.pal": {"hash": "d7372ada63569c10f3bf85af5520eeea", "size": 768, "tags": [18, 19, 22], "zip_id": "atari7800_palettes"}, "games/ATARI7800/Palettes/Trebor/LCD_Colors/Dark/Even_Ramp/LCD_V1_STD/PAL/ATARI_PAL_LCD_V1_STD-HOT.pal": {"hash": "d590e6520d0a4a27cef5aaf9d8bbf4cf", "size": 768, "tags": [18, 19, 22], "zip_id": "atari7800_palettes"}, "games/ATARI7800/Palettes/Trebor/LCD_Colors/Dark/Even_Ramp/LCD_V1_STD/PAL/ATARI_PAL_LCD_V1_STD-WARM.pal": {"hash": "73e7452926eea08c5ef410f2488a4971", "size": 768, "tags": [18, 19, 22], "zip_id": "atari7800_palettes"}, "games/ATARI7800/Palettes/Trebor/LCD_Colors/Dark/Even_Ramp/LCD_V2_STD/NTSC/ATARI_NTSC_LCD_V2_STD-COOL.pal": {"hash": "eaa4d2f05344fb24ec4c6a00731db0a8", "size": 768, "tags": [18, 19, 22], "zip_id": "atari7800_palettes"}, "games/ATARI7800/Palettes/Trebor/LCD_Colors/Dark/Even_Ramp/LCD_V2_STD/NTSC/ATARI_NTSC_LCD_V2_STD-HOT.pal": {"hash": "7831e2b9bfd0bb95742d82c317332074", "size": 768, "tags": [18, 19, 22], "zip_id": "atari7800_palettes"}, "games/ATARI7800/Palettes/Trebor/LCD_Colors/Dark/Even_Ramp/LCD_V2_STD/NTSC/ATARI_NTSC_LCD_V2_STD-WARM.pal": {"hash": "3849ebe6a21a3b2dbb3de447ccb402da", "size": 768, "tags": [18, 19, 22], "zip_id": "atari7800_palettes"}, "games/ATARI7800/Palettes/Trebor/LCD_Colors/Dark/Even_Ramp/LCD_V2_STD/PAL/ATARI_PAL_LCD_V2_STD-COOL.pal": {"hash": "0ab4e0adac8856fcec52b7052d635dc2", "size": 768, "tags": [18, 19, 22], "zip_id": "atari7800_palettes"}, "games/ATARI7800/Palettes/Trebor/LCD_Colors/Dark/Even_Ramp/LCD_V2_STD/PAL/ATARI_PAL_LCD_V2_STD-HOT.pal": {"hash": "727aabf7efe93c0e52e610087ee28f24", "size": 768, "tags": [18, 19, 22], "zip_id": "atari7800_palettes"}, "games/ATARI7800/Palettes/Trebor/LCD_Colors/Dark/Even_Ramp/LCD_V2_STD/PAL/ATARI_PAL_LCD_V2_STD-WARM.pal": {"hash": "10512ade7845570696f0b586330ca36d", "size": 768, "tags": [18, 19, 22], "zip_id": "atari7800_palettes"}, "games/ATARI7800/Palettes/Trebor/LCD_Colors/Dark/No_White/LCD_V1_WAB/NTSC/ATARI_NTSC_LCD_V1_WAB-COLD.pal": {"hash": "8b3410d7e9d1f172ea72c2c6c7dc3b5c", "size": 768, "tags": [18, 19, 22], "zip_id": "atari7800_palettes"}, "games/ATARI7800/Palettes/Trebor/LCD_Colors/Dark/No_White/LCD_V1_WAB/NTSC/ATARI_NTSC_LCD_V1_WAB-HOT.pal": {"hash": "ae232b638d3f4bd41f73d85553a77859", "size": 768, "tags": [18, 19, 22], "zip_id": "atari7800_palettes"}, "games/ATARI7800/Palettes/Trebor/LCD_Colors/Dark/No_White/LCD_V1_WAB/NTSC/ATARI_NTSC_LCD_V1_WAB-WARM.pal": {"hash": "26bf4b76ad33945c2d3c10867a769d24", "size": 768, "tags": [18, 19, 22], "zip_id": "atari7800_palettes"}, "games/ATARI7800/Palettes/Trebor/LCD_Colors/Dark/No_White/LCD_V1_WAB/PAL/ATARI_PAL_LCD_V1_WAB-COLD.pal": {"hash": "3e400c1a3dd6452fec46eadece859474", "size": 768, "tags": [18, 19, 22], "zip_id": "atari7800_palettes"}, "games/ATARI7800/Palettes/Trebor/LCD_Colors/Dark/No_White/LCD_V1_WAB/PAL/ATARI_PAL_LCD_V1_WAB-HOT.pal": {"hash": "7ed3ba757aaddef187cc86672b276695", "size": 768, "tags": [18, 19, 22], "zip_id": "atari7800_palettes"}, "games/ATARI7800/Palettes/Trebor/LCD_Colors/Dark/No_White/LCD_V1_WAB/PAL/ATARI_PAL_LCD_V1_WAB-WARM.pal": {"hash": "d73b0ddedc7cb6283532194b2a7a3c7a", "size": 768, "tags": [18, 19, 22], "zip_id": "atari7800_palettes"}, "games/ATARI7800/Palettes/Trebor/LCD_Colors/Dark/No_White/LCD_V2_WAB/NTSC/ATARI_NTSC_LCD_V2_WAB-COLD.pal": {"hash": "5612b365ba33bc828725272df357cb3a", "size": 768, "tags": [18, 19, 22], "zip_id": "atari7800_palettes"}, "games/ATARI7800/Palettes/Trebor/LCD_Colors/Dark/No_White/LCD_V2_WAB/NTSC/ATARI_NTSC_LCD_V2_WAB-HOT.pal": {"hash": "1b3f484aebca4e44b8ba58e3dcf00475", "size": 768, "tags": [18, 19, 22], "zip_id": "atari7800_palettes"}, "games/ATARI7800/Palettes/Trebor/LCD_Colors/Dark/No_White/LCD_V2_WAB/NTSC/ATARI_NTSC_LCD_V2_WAB-WARM.pal": {"hash": "ca8f5146fb4d1009f70092616c5f8d6c", "size": 768, "tags": [18, 19, 22], "zip_id": "atari7800_palettes"}, "games/ATARI7800/Palettes/Trebor/LCD_Colors/Dark/No_White/LCD_V2_WAB/PAL/ATARI_PAL_LCD_V2_WAB-COLD.pal": {"hash": "17765122057855c8881790c9e2ac0aa0", "size": 768, "tags": [18, 19, 22], "zip_id": "atari7800_palettes"}, "games/ATARI7800/Palettes/Trebor/LCD_Colors/Dark/No_White/LCD_V2_WAB/PAL/ATARI_PAL_LCD_V2_WAB-HOT.pal": {"hash": "3c67459646222c9b7920282b11b96015", "size": 768, "tags": [18, 19, 22], "zip_id": "atari7800_palettes"}, "games/ATARI7800/Palettes/Trebor/LCD_Colors/Dark/No_White/LCD_V2_WAB/PAL/ATARI_PAL_LCD_V2_WAB-WARM.pal": {"hash": "19cc206d27e1ef432b942842dca39010", "size": 768, "tags": [18, 19, 22], "zip_id": "atari7800_palettes"}, "games/ATARI7800/Palettes/Trebor/LCD_Colors/Dark/Rich/LCD_V1_DRK/NTSC/ATARI_NTSC_LCD_V1_DRK-COLD.pal": {"hash": "252a9729a1601adb167ef8822231303d", "size": 768, "tags": [18, 19, 22], "zip_id": "atari7800_palettes"}, "games/ATARI7800/Palettes/Trebor/LCD_Colors/Dark/Rich/LCD_V1_DRK/NTSC/ATARI_NTSC_LCD_V1_DRK-HOT.pal": {"hash": "733b5f22ced7e3d1f41a6ed8c4b2c391", "size": 768, "tags": [18, 19, 22], "zip_id": "atari7800_palettes"}, "games/ATARI7800/Palettes/Trebor/LCD_Colors/Dark/Rich/LCD_V1_DRK/NTSC/ATARI_NTSC_LCD_V1_DRK-WARM.pal": {"hash": "faff377d613eb7984d6f800131749b48", "size": 768, "tags": [18, 19, 22], "zip_id": "atari7800_palettes"}, "games/ATARI7800/Palettes/Trebor/LCD_Colors/Dark/Rich/LCD_V1_DRK/PAL/ATARI_PAL_LCD_V1_DRK-COLD.pal": {"hash": "ed29a1e9af82d254dd840154dd8f41f7", "size": 768, "tags": [18, 19, 22], "zip_id": "atari7800_palettes"}, "games/ATARI7800/Palettes/Trebor/LCD_Colors/Dark/Rich/LCD_V1_DRK/PAL/ATARI_PAL_LCD_V1_DRK-HOT.pal": {"hash": "c3f9a946b5e4f1d7c8b82834be4e4940", "size": 768, "tags": [18, 19, 22], "zip_id": "atari7800_palettes"}, "games/ATARI7800/Palettes/Trebor/LCD_Colors/Dark/Rich/LCD_V1_DRK/PAL/ATARI_PAL_LCD_V1_DRK-WARM.pal": {"hash": "cb7e421940fa86f98179b9e2fac671bd", "size": 768, "tags": [18, 19, 22], "zip_id": "atari7800_palettes"}, "games/ATARI7800/Palettes/Trebor/LCD_Colors/Dark/Rich/LCD_V2_DRK/NTSC/ATARI_NTSC_LCD_V2_DRK-COLD.pal": {"hash": "ef8d7845c0d17b086a3fffbba5434b1e", "size": 768, "tags": [18, 19, 22], "zip_id": "atari7800_palettes"}, "games/ATARI7800/Palettes/Trebor/LCD_Colors/Dark/Rich/LCD_V2_DRK/NTSC/ATARI_NTSC_LCD_V2_DRK-HOT.pal": {"hash": "0a0f8288106cf32476d41eebb5e92802", "size": 768, "tags": [18, 19, 22], "zip_id": "atari7800_palettes"}, "games/ATARI7800/Palettes/Trebor/LCD_Colors/Dark/Rich/LCD_V2_DRK/NTSC/ATARI_NTSC_LCD_V2_DRK-WARM.pal": {"hash": "1fdf5a03e73db92c913df421ae406e08", "size": 768, "tags": [18, 19, 22], "zip_id": "atari7800_palettes"}, "games/ATARI7800/Palettes/Trebor/LCD_Colors/Dark/Rich/LCD_V2_DRK/PAL/ATARI_PAL_LCD_V2_DRK-COLD.pal": {"hash": "ce9975b62aa48e0c1f4682de1927801c", "size": 768, "tags": [18, 19, 22], "zip_id": "atari7800_palettes"}, "games/ATARI7800/Palettes/Trebor/LCD_Colors/Dark/Rich/LCD_V2_DRK/PAL/ATARI_PAL_LCD_V2_DRK-HOT.pal": {"hash": "2d4233d0da4f40fdd5dd8ebf41ec152d", "size": 768, "tags": [18, 19, 22], "zip_id": "atari7800_palettes"}, "games/ATARI7800/Palettes/Trebor/LCD_Colors/Dark/Rich/LCD_V2_DRK/PAL/ATARI_PAL_LCD_V2_DRK-WARM.pal": {"hash": "ba387880241b3953d1bfecaa0057bb40", "size": 768, "tags": [18, 19, 22], "zip_id": "atari7800_palettes"}}, "folders": {"games": {"tags": [18], "zip_id": "atari7800_palettes"}, "games/ATARI7800": {"tags": [18, 22], "zip_id": "atari7800_palettes"}, "games/ATARI7800/Palettes": {"tags": [18, 19, 22], "zip_id": "atari7800_palettes"}, "games/ATARI7800/Palettes/Atari 2600 Only": {"tags": [18, 19, 22], "zip_id": "atari7800_palettes"}, "games/ATARI7800/Palettes/Trebor": {"tags": [18, 19, 22], "zip_id": "atari7800_palettes"}, "games/ATARI7800/Palettes/Trebor/CRT_Colors": {"tags": [18, 19, 22], "zip_id": "atari7800_palettes"}, "games/ATARI7800/Palettes/Trebor/CRT_Colors/Balanced": {"tags": [18, 19, 22], "zip_id": "atari7800_palettes"}, "games/ATARI7800/Palettes/Trebor/CRT_Colors/Balanced/Grayscale_Dk": {"tags": [18, 19, 22], "zip_id": "atari7800_palettes"}, "games/ATARI7800/Palettes/Trebor/CRT_Colors/Balanced/Grayscale_Dk/CRT_V1_EVN": {"tags": [18, 19, 22], "zip_id": "atari7800_palettes"}, "games/ATARI7800/Palettes/Trebor/CRT_Colors/Balanced/Grayscale_Dk/CRT_V1_EVN/NTSC": {"tags": [18, 19, 22], "zip_id": "atari7800_palettes"}, "games/ATARI7800/Palettes/Trebor/CRT_Colors/Balanced/Grayscale_Dk/CRT_V1_EVN/PAL": {"tags": [18, 19, 22], "zip_id": "atari7800_palettes"}, "games/ATARI7800/Palettes/Trebor/CRT_Colors/Balanced/Grayscale_Dk/CRT_V2_EVN": {"tags": [18, 19, 22], "zip_id": "atari7800_palettes"}, "games/ATARI7800/Palettes/Trebor/CRT_Colors/Balanced/Grayscale_Dk/CRT_V2_EVN/NTSC": {"tags": [18, 19, 22], "zip_id": "atari7800_palettes"}, "games/ATARI7800/Palettes/Trebor/CRT_Colors/Balanced/Grayscale_Dk/CRT_V2_EVN/PAL": {"tags": [18, 19, 22], "zip_id": "atari7800_palettes"}, "games/ATARI7800/Palettes/Trebor/CRT_Colors/Balanced/Grayscale_Dk/CRT_V3_EVN": {"tags": [18, 19, 22], "zip_id": "atari7800_palettes"}, "games/ATARI7800/Palettes/Trebor/CRT_Colors/Balanced/Grayscale_Dk/CRT_V3_EVN/NTSC": {"tags": [18, 19, 22], "zip_id": "atari7800_palettes"}, "games/ATARI7800/Palettes/Trebor/CRT_Colors/Balanced/Grayscale_Dk/CRT_V3_EVN/PAL": {"tags": [18, 19, 22], "zip_id": "atari7800_palettes"}, "games/ATARI7800/Palettes/Trebor/CRT_Colors/Balanced/Grayscale_Lt": {"tags": [18, 19, 22], "zip_id": "atari7800_palettes"}, "games/ATARI7800/Palettes/Trebor/CRT_Colors/Balanced/Grayscale_Lt/CRT_V1_REG": {"tags": [18, 19, 22], "zip_id": "atari7800_palettes"}, "games/ATARI7800/Palettes/Trebor/CRT_Colors/Balanced/Grayscale_Lt/CRT_V1_REG/NTSC": {"tags": [18, 19, 22], "zip_id": "atari7800_palettes"}, "games/ATARI7800/Palettes/Trebor/CRT_Colors/Balanced/Grayscale_Lt/CRT_V1_REG/PAL": {"tags": [18, 19, 22], "zip_id": "atari7800_palettes"}, "games/ATARI7800/Palettes/Trebor/CRT_Colors/Balanced/Grayscale_Lt/CRT_V2_REG": {"tags": [18, 19, 22], "zip_id": "atari7800_palettes"}, "games/ATARI7800/Palettes/Trebor/CRT_Colors/Balanced/Grayscale_Lt/CRT_V2_REG/NTSC": {"tags": [18, 19, 22], "zip_id": "atari7800_palettes"}, "games/ATARI7800/Palettes/Trebor/CRT_Colors/Balanced/Grayscale_Lt/CRT_V2_REG/PAL": {"tags": [18, 19, 22], "zip_id": "atari7800_palettes"}, "games/ATARI7800/Palettes/Trebor/CRT_Colors/Balanced/Grayscale_Lt/CRT_V3_REG": {"tags": [18, 19, 22], "zip_id": "atari7800_palettes"}, "games/ATARI7800/Palettes/Trebor/CRT_Colors/Balanced/Grayscale_Lt/CRT_V3_REG/NTSC": {"tags": [18, 19, 22], "zip_id": "atari7800_palettes"}, "games/ATARI7800/Palettes/Trebor/CRT_Colors/Balanced/Grayscale_Lt/CRT_V3_REG/PAL": {"tags": [18, 19, 22], "zip_id": "atari7800_palettes"}, "games/ATARI7800/Palettes/Trebor/CRT_Colors/Bright": {"tags": [18, 19, 22], "zip_id": "atari7800_palettes"}, "games/ATARI7800/Palettes/Trebor/CRT_Colors/Bright/Desaturated": {"tags": [18, 19, 22], "zip_id": "atari7800_palettes"}, "games/ATARI7800/Palettes/Trebor/CRT_Colors/Bright/Desaturated/CRT_V1_TLS": {"tags": [18, 19, 22], "zip_id": "atari7800_palettes"}, "games/ATARI7800/Palettes/Trebor/CRT_Colors/Bright/Desaturated/CRT_V1_TLS/NTSC": {"tags": [18, 19, 22], "zip_id": "atari7800_palettes"}, "games/ATARI7800/Palettes/Trebor/CRT_Colors/Bright/Desaturated/CRT_V1_TLS/PAL": {"tags": [18, 19, 22], "zip_id": "atari7800_palettes"}, "games/ATARI7800/Palettes/Trebor/CRT_Colors/Bright/Desaturated/CRT_V2_TLS": {"tags": [18, 19, 22], "zip_id": "atari7800_palettes"}, "games/ATARI7800/Palettes/Trebor/CRT_Colors/Bright/Desaturated/CRT_V2_TLS/NTSC": {"tags": [18, 19, 22], "zip_id": "atari7800_palettes"}, "games/ATARI7800/Palettes/Trebor/CRT_Colors/Bright/Desaturated/CRT_V2_TLS/PAL": {"tags": [18, 19, 22], "zip_id": "atari7800_palettes"}, "games/ATARI7800/Palettes/Trebor/CRT_Colors/Bright/Desaturated/CRT_V3_TLS": {"tags": [18, 19, 22], "zip_id": "atari7800_palettes"}, "games/ATARI7800/Palettes/Trebor/CRT_Colors/Bright/Desaturated/CRT_V3_TLS/NTSC": {"tags": [18, 19, 22], "zip_id": "atari7800_palettes"}, "games/ATARI7800/Palettes/Trebor/CRT_Colors/Bright/Desaturated/CRT_V3_TLS/PAL": {"tags": [18, 19, 22], "zip_id": "atari7800_palettes"}, "games/ATARI7800/Palettes/Trebor/CRT_Colors/Bright/Even_Ramp": {"tags": [18, 19, 22], "zip_id": "atari7800_palettes"}, "games/ATARI7800/Palettes/Trebor/CRT_Colors/Bright/Even_Ramp/CRT_V1_OPT": {"tags": [18, 19, 22], "zip_id": "atari7800_palettes"}, "games/ATARI7800/Palettes/Trebor/CRT_Colors/Bright/Even_Ramp/CRT_V1_OPT/NTSC": {"tags": [18, 19, 22], "zip_id": "atari7800_palettes"}, "games/ATARI7800/Palettes/Trebor/CRT_Colors/Bright/Even_Ramp/CRT_V1_OPT/PAL": {"tags": [18, 19, 22], "zip_id": "atari7800_palettes"}, "games/ATARI7800/Palettes/Trebor/CRT_Colors/Bright/Even_Ramp/CRT_V2_OPT": {"tags": [18, 19, 22], "zip_id": "atari7800_palettes"}, "games/ATARI7800/Palettes/Trebor/CRT_Colors/Bright/Even_Ramp/CRT_V2_OPT/NTSC": {"tags": [18, 19, 22], "zip_id": "atari7800_palettes"}, "games/ATARI7800/Palettes/Trebor/CRT_Colors/Bright/Even_Ramp/CRT_V2_OPT/PAL": {"tags": [18, 19, 22], "zip_id": "atari7800_palettes"}, "games/ATARI7800/Palettes/Trebor/CRT_Colors/Bright/Even_Ramp/CRT_V3_OPT": {"tags": [18, 19, 22], "zip_id": "atari7800_palettes"}, "games/ATARI7800/Palettes/Trebor/CRT_Colors/Bright/Even_Ramp/CRT_V3_OPT/NTSC": {"tags": [18, 19, 22], "zip_id": "atari7800_palettes"}, "games/ATARI7800/Palettes/Trebor/CRT_Colors/Bright/Even_Ramp/CRT_V3_OPT/PAL": {"tags": [18, 19, 22], "zip_id": "atari7800_palettes"}, "games/ATARI7800/Palettes/Trebor/CRT_Colors/Bright/No_Black": {"tags": [18, 19, 22], "zip_id": "atari7800_palettes"}, "games/ATARI7800/Palettes/Trebor/CRT_Colors/Bright/No_Black/CRT_V1_NAB": {"tags": [18, 19, 22], "zip_id": "atari7800_palettes"}, "games/ATARI7800/Palettes/Trebor/CRT_Colors/Bright/No_Black/CRT_V1_NAB/NTSC": {"tags": [18, 19, 22], "zip_id": "atari7800_palettes"}, "games/ATARI7800/Palettes/Trebor/CRT_Colors/Bright/No_Black/CRT_V1_NAB/PAL": {"tags": [18, 19, 22], "zip_id": "atari7800_palettes"}, "games/ATARI7800/Palettes/Trebor/CRT_Colors/Bright/No_Black/CRT_V2_NAB": {"tags": [18, 19, 22], "zip_id": "atari7800_palettes"}, "games/ATARI7800/Palettes/Trebor/CRT_Colors/Bright/No_Black/CRT_V2_NAB/NTSC": {"tags": [18, 19, 22], "zip_id": "atari7800_palettes"}, "games/ATARI7800/Palettes/Trebor/CRT_Colors/Bright/No_Black/CRT_V2_NAB/PAL": {"tags": [18, 19, 22], "zip_id": "atari7800_palettes"}, "games/ATARI7800/Palettes/Trebor/CRT_Colors/Bright/No_Black/CRT_V3_NAB": {"tags": [18, 19, 22], "zip_id": "atari7800_palettes"}, "games/ATARI7800/Palettes/Trebor/CRT_Colors/Bright/No_Black/CRT_V3_NAB/NTSC": {"tags": [18, 19, 22], "zip_id": "atari7800_palettes"}, "games/ATARI7800/Palettes/Trebor/CRT_Colors/Bright/No_Black/CRT_V3_NAB/PAL": {"tags": [18, 19, 22], "zip_id": "atari7800_palettes"}, "games/ATARI7800/Palettes/Trebor/CRT_Colors/Bright/Vibrant": {"tags": [18, 19, 22], "zip_id": "atari7800_palettes"}, "games/ATARI7800/Palettes/Trebor/CRT_Colors/Bright/Vibrant/CRT_V1_BRT": {"tags": [18, 19, 22], "zip_id": "atari7800_palettes"}, "games/ATARI7800/Palettes/Trebor/CRT_Colors/Bright/Vibrant/CRT_V1_BRT/NTSC": {"tags": [18, 19, 22], "zip_id": "atari7800_palettes"}, "games/ATARI7800/Palettes/Trebor/CRT_Colors/Bright/Vibrant/CRT_V1_BRT/PAL": {"tags": [18, 19, 22], "zip_id": "atari7800_palettes"}, "games/ATARI7800/Palettes/Trebor/CRT_Colors/Bright/Vibrant/CRT_V2_BRT": {"tags": [18, 19, 22], "zip_id": "atari7800_palettes"}, "games/ATARI7800/Palettes/Trebor/CRT_Colors/Bright/Vibrant/CRT_V2_BRT/NTSC": {"tags": [18, 19, 22], "zip_id": "atari7800_palettes"}, "games/ATARI7800/Palettes/Trebor/CRT_Colors/Bright/Vibrant/CRT_V2_BRT/PAL": {"tags": [18, 19, 22], "zip_id": "atari7800_palettes"}, "games/ATARI7800/Palettes/Trebor/CRT_Colors/Bright/Vibrant/CRT_V3_BRT": {"tags": [18, 19, 22], "zip_id": "atari7800_palettes"}, "games/ATARI7800/Palettes/Trebor/CRT_Colors/Bright/Vibrant/CRT_V3_BRT/NTSC": {"tags": [18, 19, 22], "zip_id": "atari7800_palettes"}, "games/ATARI7800/Palettes/Trebor/CRT_Colors/Bright/Vibrant/CRT_V3_BRT/PAL": {"tags": [18, 19, 22], "zip_id": "atari7800_palettes"}, "games/ATARI7800/Palettes/Trebor/CRT_Colors/Dark": {"tags": [18, 19, 22], "zip_id": "atari7800_palettes"}, "games/ATARI7800/Palettes/Trebor/CRT_Colors/Dark/Desaturated": {"tags": [18, 19, 22], "zip_id": "atari7800_palettes"}, "games/ATARI7800/Palettes/Trebor/CRT_Colors/Dark/Desaturated/CRT_V1_LST": {"tags": [18, 19, 22], "zip_id": "atari7800_palettes"}, "games/ATARI7800/Palettes/Trebor/CRT_Colors/Dark/Desaturated/CRT_V1_LST/NTSC": {"tags": [18, 19, 22], "zip_id": "atari7800_palettes"}, "games/ATARI7800/Palettes/Trebor/CRT_Colors/Dark/Desaturated/CRT_V1_LST/PAL": {"tags": [18, 19, 22], "zip_id": "atari7800_palettes"}, "games/ATARI7800/Palettes/Trebor/CRT_Colors/Dark/Desaturated/CRT_V2_LST": {"tags": [18, 19, 22], "zip_id": "atari7800_palettes"}, "games/ATARI7800/Palettes/Trebor/CRT_Colors/Dark/Desaturated/CRT_V2_LST/NTSC": {"tags": [18, 19, 22], "zip_id": "atari7800_palettes"}, "games/ATARI7800/Palettes/Trebor/CRT_Colors/Dark/Desaturated/CRT_V2_LST/PAL": {"tags": [18, 19, 22], "zip_id": "atari7800_palettes"}, "games/ATARI7800/Palettes/Trebor/CRT_Colors/Dark/Desaturated/CRT_V3_LST": {"tags": [18, 19, 22], "zip_id": "atari7800_palettes"}, "games/ATARI7800/Palettes/Trebor/CRT_Colors/Dark/Desaturated/CRT_V3_LST/NTSC": {"tags": [18, 19, 22], "zip_id": "atari7800_palettes"}, "games/ATARI7800/Palettes/Trebor/CRT_Colors/Dark/Desaturated/CRT_V3_LST/PAL": {"tags": [18, 19, 22], "zip_id": "atari7800_palettes"}, "games/ATARI7800/Palettes/Trebor/CRT_Colors/Dark/Even_Ramp": {"tags": [18, 19, 22], "zip_id": "atari7800_palettes"}, "games/ATARI7800/Palettes/Trebor/CRT_Colors/Dark/Even_Ramp/CRT_V1_STD": {"tags": [18, 19, 22], "zip_id": "atari7800_palettes"}, "games/ATARI7800/Palettes/Trebor/CRT_Colors/Dark/Even_Ramp/CRT_V1_STD/NTSC": {"tags": [18, 19, 22], "zip_id": "atari7800_palettes"}, "games/ATARI7800/Palettes/Trebor/CRT_Colors/Dark/Even_Ramp/CRT_V1_STD/PAL": {"tags": [18, 19, 22], "zip_id": "atari7800_palettes"}, "games/ATARI7800/Palettes/Trebor/CRT_Colors/Dark/Even_Ramp/CRT_V2_STD": {"tags": [18, 19, 22], "zip_id": "atari7800_palettes"}, "games/ATARI7800/Palettes/Trebor/CRT_Colors/Dark/Even_Ramp/CRT_V2_STD/NTSC": {"tags": [18, 19, 22], "zip_id": "atari7800_palettes"}, "games/ATARI7800/Palettes/Trebor/CRT_Colors/Dark/Even_Ramp/CRT_V2_STD/PAL": {"tags": [18, 19, 22], "zip_id": "atari7800_palettes"}, "games/ATARI7800/Palettes/Trebor/CRT_Colors/Dark/Even_Ramp/CRT_V3_STD": {"tags": [18, 19, 22], "zip_id": "atari7800_palettes"}, "games/ATARI7800/Palettes/Trebor/CRT_Colors/Dark/Even_Ramp/CRT_V3_STD/NTSC": {"tags": [18, 19, 22], "zip_id": "atari7800_palettes"}, "games/ATARI7800/Palettes/Trebor/CRT_Colors/Dark/Even_Ramp/CRT_V3_STD/PAL": {"tags": [18, 19, 22], "zip_id": "atari7800_palettes"}, "games/ATARI7800/Palettes/Trebor/CRT_Colors/Dark/No_White": {"tags": [18, 19, 22], "zip_id": "atari7800_palettes"}, "games/ATARI7800/Palettes/Trebor/CRT_Colors/Dark/No_White/CRT_V1_WAB": {"tags": [18, 19, 22], "zip_id": "atari7800_palettes"}, "games/ATARI7800/Palettes/Trebor/CRT_Colors/Dark/No_White/CRT_V1_WAB/NTSC": {"tags": [18, 19, 22], "zip_id": "atari7800_palettes"}, "games/ATARI7800/Palettes/Trebor/CRT_Colors/Dark/No_White/CRT_V1_WAB/PAL": {"tags": [18, 19, 22], "zip_id": "atari7800_palettes"}, "games/ATARI7800/Palettes/Trebor/CRT_Colors/Dark/No_White/CRT_V2_WAB": {"tags": [18, 19, 22], "zip_id": "atari7800_palettes"}, "games/ATARI7800/Palettes/Trebor/CRT_Colors/Dark/No_White/CRT_V2_WAB/NTSC": {"tags": [18, 19, 22], "zip_id": "atari7800_palettes"}, "games/ATARI7800/Palettes/Trebor/CRT_Colors/Dark/No_White/CRT_V2_WAB/PAL": {"tags": [18, 19, 22], "zip_id": "atari7800_palettes"}, "games/ATARI7800/Palettes/Trebor/CRT_Colors/Dark/No_White/CRT_V3_WAB": {"tags": [18, 19, 22], "zip_id": "atari7800_palettes"}, "games/ATARI7800/Palettes/Trebor/CRT_Colors/Dark/No_White/CRT_V3_WAB/NTSC": {"tags": [18, 19, 22], "zip_id": "atari7800_palettes"}, "games/ATARI7800/Palettes/Trebor/CRT_Colors/Dark/No_White/CRT_V3_WAB/PAL": {"tags": [18, 19, 22], "zip_id": "atari7800_palettes"}, "games/ATARI7800/Palettes/Trebor/CRT_Colors/Dark/Rich": {"tags": [18, 19, 22], "zip_id": "atari7800_palettes"}, "games/ATARI7800/Palettes/Trebor/CRT_Colors/Dark/Rich/CRT_V1_DRK": {"tags": [18, 19, 22], "zip_id": "atari7800_palettes"}, "games/ATARI7800/Palettes/Trebor/CRT_Colors/Dark/Rich/CRT_V1_DRK/NTSC": {"tags": [18, 19, 22], "zip_id": "atari7800_palettes"}, "games/ATARI7800/Palettes/Trebor/CRT_Colors/Dark/Rich/CRT_V1_DRK/PAL": {"tags": [18, 19, 22], "zip_id": "atari7800_palettes"}, "games/ATARI7800/Palettes/Trebor/CRT_Colors/Dark/Rich/CRT_V2_DRK": {"tags": [18, 19, 22], "zip_id": "atari7800_palettes"}, "games/ATARI7800/Palettes/Trebor/CRT_Colors/Dark/Rich/CRT_V2_DRK/NTSC": {"tags": [18, 19, 22], "zip_id": "atari7800_palettes"}, "games/ATARI7800/Palettes/Trebor/CRT_Colors/Dark/Rich/CRT_V2_DRK/PAL": {"tags": [18, 19, 22], "zip_id": "atari7800_palettes"}, "games/ATARI7800/Palettes/Trebor/CRT_Colors/Dark/Rich/CRT_V3_DRK": {"tags": [18, 19, 22], "zip_id": "atari7800_palettes"}, "games/ATARI7800/Palettes/Trebor/CRT_Colors/Dark/Rich/CRT_V3_DRK/NTSC": {"tags": [18, 19, 22], "zip_id": "atari7800_palettes"}, "games/ATARI7800/Palettes/Trebor/CRT_Colors/Dark/Rich/CRT_V3_DRK/PAL": {"tags": [18, 19, 22], "zip_id": "atari7800_palettes"}, "games/ATARI7800/Palettes/Trebor/LCD_Colors": {"tags": [18, 19, 22], "zip_id": "atari7800_palettes"}, "games/ATARI7800/Palettes/Trebor/LCD_Colors/Balanced": {"tags": [18, 19, 22], "zip_id": "atari7800_palettes"}, "games/ATARI7800/Palettes/Trebor/LCD_Colors/Balanced/Grayscale_Dk": {"tags": [18, 19, 22], "zip_id": "atari7800_palettes"}, "games/ATARI7800/Palettes/Trebor/LCD_Colors/Balanced/Grayscale_Dk/LCD_V1_EVN": {"tags": [18, 19, 22], "zip_id": "atari7800_palettes"}, "games/ATARI7800/Palettes/Trebor/LCD_Colors/Balanced/Grayscale_Dk/LCD_V1_EVN/NTSC": {"tags": [18, 19, 22], "zip_id": "atari7800_palettes"}, "games/ATARI7800/Palettes/Trebor/LCD_Colors/Balanced/Grayscale_Dk/LCD_V1_EVN/PAL": {"tags": [18, 19, 22], "zip_id": "atari7800_palettes"}, "games/ATARI7800/Palettes/Trebor/LCD_Colors/Balanced/Grayscale_Dk/LCD_V2_EVN": {"tags": [18, 19, 22], "zip_id": "atari7800_palettes"}, "games/ATARI7800/Palettes/Trebor/LCD_Colors/Balanced/Grayscale_Dk/LCD_V2_EVN/NTSC": {"tags": [18, 19, 22], "zip_id": "atari7800_palettes"}, "games/ATARI7800/Palettes/Trebor/LCD_Colors/Balanced/Grayscale_Dk/LCD_V2_EVN/PAL": {"tags": [18, 19, 22], "zip_id": "atari7800_palettes"}, "games/ATARI7800/Palettes/Trebor/LCD_Colors/Balanced/Grayscale_Lt": {"tags": [18, 19, 22], "zip_id": "atari7800_palettes"}, "games/ATARI7800/Palettes/Trebor/LCD_Colors/Balanced/Grayscale_Lt/LCD_V1_REG": {"tags": [18, 19, 22], "zip_id": "atari7800_palettes"}, "games/ATARI7800/Palettes/Trebor/LCD_Colors/Balanced/Grayscale_Lt/LCD_V1_REG/NTSC": {"tags": [18, 19, 22], "zip_id": "atari7800_palettes"}, "games/ATARI7800/Palettes/Trebor/LCD_Colors/Balanced/Grayscale_Lt/LCD_V1_REG/PAL": {"tags": [18, 19, 22], "zip_id": "atari7800_palettes"}, "games/ATARI7800/Palettes/Trebor/LCD_Colors/Balanced/Grayscale_Lt/LCD_V2_REG": {"tags": [18, 19, 22], "zip_id": "atari7800_palettes"}, "games/ATARI7800/Palettes/Trebor/LCD_Colors/Balanced/Grayscale_Lt/LCD_V2_REG/NTSC": {"tags": [18, 19, 22], "zip_id": "atari7800_palettes"}, "games/ATARI7800/Palettes/Trebor/LCD_Colors/Balanced/Grayscale_Lt/LCD_V2_REG/PAL": {"tags": [18, 19, 22], "zip_id": "atari7800_palettes"}, "games/ATARI7800/Palettes/Trebor/LCD_Colors/Bright": {"tags": [18, 19, 22], "zip_id": "atari7800_palettes"}, "games/ATARI7800/Palettes/Trebor/LCD_Colors/Bright/Desaturated": {"tags": [18, 19, 22], "zip_id": "atari7800_palettes"}, "games/ATARI7800/Palettes/Trebor/LCD_Colors/Bright/Desaturated/LCD_V1_TLS": {"tags": [18, 19, 22], "zip_id": "atari7800_palettes"}, "games/ATARI7800/Palettes/Trebor/LCD_Colors/Bright/Desaturated/LCD_V1_TLS/NTSC": {"tags": [18, 19, 22], "zip_id": "atari7800_palettes"}, "games/ATARI7800/Palettes/Trebor/LCD_Colors/Bright/Desaturated/LCD_V1_TLS/PAL": {"tags": [18, 19, 22], "zip_id": "atari7800_palettes"}, "games/ATARI7800/Palettes/Trebor/LCD_Colors/Bright/Desaturated/LCD_V2_TLS": {"tags": [18, 19, 22], "zip_id": "atari7800_palettes"}, "games/ATARI7800/Palettes/Trebor/LCD_Colors/Bright/Desaturated/LCD_V2_TLS/NTSC": {"tags": [18, 19, 22], "zip_id": "atari7800_palettes"}, "games/ATARI7800/Palettes/Trebor/LCD_Colors/Bright/Desaturated/LCD_V2_TLS/PAL": {"tags": [18, 19, 22], "zip_id": "atari7800_palettes"}, "games/ATARI7800/Palettes/Trebor/LCD_Colors/Bright/Even_Ramp": {"tags": [18, 19, 22], "zip_id": "atari7800_palettes"}, "games/ATARI7800/Palettes/Trebor/LCD_Colors/Bright/Even_Ramp/LCD_V1_OPT": {"tags": [18, 19, 22], "zip_id": "atari7800_palettes"}, "games/ATARI7800/Palettes/Trebor/LCD_Colors/Bright/Even_Ramp/LCD_V1_OPT/NTSC": {"tags": [18, 19, 22], "zip_id": "atari7800_palettes"}, "games/ATARI7800/Palettes/Trebor/LCD_Colors/Bright/Even_Ramp/LCD_V1_OPT/PAL": {"tags": [18, 19, 22], "zip_id": "atari7800_palettes"}, "games/ATARI7800/Palettes/Trebor/LCD_Colors/Bright/Even_Ramp/LCD_V2_OPT": {"tags": [18, 19, 22], "zip_id": "atari7800_palettes"}, "games/ATARI7800/Palettes/Trebor/LCD_Colors/Bright/Even_Ramp/LCD_V2_OPT/NTSC": {"tags": [18, 19, 22], "zip_id": "atari7800_palettes"}, "games/ATARI7800/Palettes/Trebor/LCD_Colors/Bright/Even_Ramp/LCD_V2_OPT/PAL": {"tags": [18, 19, 22], "zip_id": "atari7800_palettes"}, "games/ATARI7800/Palettes/Trebor/LCD_Colors/Bright/No_Black": {"tags": [18, 19, 22], "zip_id": "atari7800_palettes"}, "games/ATARI7800/Palettes/Trebor/LCD_Colors/Bright/No_Black/LCD_V1_NAB": {"tags": [18, 19, 22], "zip_id": "atari7800_palettes"}, "games/ATARI7800/Palettes/Trebor/LCD_Colors/Bright/No_Black/LCD_V1_NAB/NTSC": {"tags": [18, 19, 22], "zip_id": "atari7800_palettes"}, "games/ATARI7800/Palettes/Trebor/LCD_Colors/Bright/No_Black/LCD_V1_NAB/PAL": {"tags": [18, 19, 22], "zip_id": "atari7800_palettes"}, "games/ATARI7800/Palettes/Trebor/LCD_Colors/Bright/No_Black/LCD_V2_NAB": {"tags": [18, 19, 22], "zip_id": "atari7800_palettes"}, "games/ATARI7800/Palettes/Trebor/LCD_Colors/Bright/No_Black/LCD_V2_NAB/NTSC": {"tags": [18, 19, 22], "zip_id": "atari7800_palettes"}, "games/ATARI7800/Palettes/Trebor/LCD_Colors/Bright/No_Black/LCD_V2_NAB/PAL": {"tags": [18, 19, 22], "zip_id": "atari7800_palettes"}, "games/ATARI7800/Palettes/Trebor/LCD_Colors/Bright/Vibrant": {"tags": [18, 19, 22], "zip_id": "atari7800_palettes"}, "games/ATARI7800/Palettes/Trebor/LCD_Colors/Bright/Vibrant/LCD_V1_BRT": {"tags": [18, 19, 22], "zip_id": "atari7800_palettes"}, "games/ATARI7800/Palettes/Trebor/LCD_Colors/Bright/Vibrant/LCD_V1_BRT/NTSC": {"tags": [18, 19, 22], "zip_id": "atari7800_palettes"}, "games/ATARI7800/Palettes/Trebor/LCD_Colors/Bright/Vibrant/LCD_V1_BRT/PAL": {"tags": [18, 19, 22], "zip_id": "atari7800_palettes"}, "games/ATARI7800/Palettes/Trebor/LCD_Colors/Bright/Vibrant/LCD_V2_BRT": {"tags": [18, 19, 22], "zip_id": "atari7800_palettes"}, "games/ATARI7800/Palettes/Trebor/LCD_Colors/Bright/Vibrant/LCD_V2_BRT/NTSC": {"tags": [18, 19, 22], "zip_id": "atari7800_palettes"}, "games/ATARI7800/Palettes/Trebor/LCD_Colors/Bright/Vibrant/LCD_V2_BRT/PAL": {"tags": [18, 19, 22], "zip_id": "atari7800_palettes"}, "games/ATARI7800/Palettes/Trebor/LCD_Colors/Dark": {"tags": [18, 19, 22], "zip_id": "atari7800_palettes"}, "games/ATARI7800/Palettes/Trebor/LCD_Colors/Dark/Desaturated": {"tags": [18, 19, 22], "zip_id": "atari7800_palettes"}, "games/ATARI7800/Palettes/Trebor/LCD_Colors/Dark/Desaturated/LCD_V1_LST": {"tags": [18, 19, 22], "zip_id": "atari7800_palettes"}, "games/ATARI7800/Palettes/Trebor/LCD_Colors/Dark/Desaturated/LCD_V1_LST/NTSC": {"tags": [18, 19, 22], "zip_id": "atari7800_palettes"}, "games/ATARI7800/Palettes/Trebor/LCD_Colors/Dark/Desaturated/LCD_V1_LST/PAL": {"tags": [18, 19, 22], "zip_id": "atari7800_palettes"}, "games/ATARI7800/Palettes/Trebor/LCD_Colors/Dark/Desaturated/LCD_V2_LST": {"tags": [18, 19, 22], "zip_id": "atari7800_palettes"}, "games/ATARI7800/Palettes/Trebor/LCD_Colors/Dark/Desaturated/LCD_V2_LST/NTSC": {"tags": [18, 19, 22], "zip_id": "atari7800_palettes"}, "games/ATARI7800/Palettes/Trebor/LCD_Colors/Dark/Desaturated/LCD_V2_LST/PAL": {"tags": [18, 19, 22], "zip_id": "atari7800_palettes"}, "games/ATARI7800/Palettes/Trebor/LCD_Colors/Dark/Even_Ramp": {"tags": [18, 19, 22], "zip_id": "atari7800_palettes"}, "games/ATARI7800/Palettes/Trebor/LCD_Colors/Dark/Even_Ramp/LCD_V1_STD": {"tags": [18, 19, 22], "zip_id": "atari7800_palettes"}, "games/ATARI7800/Palettes/Trebor/LCD_Colors/Dark/Even_Ramp/LCD_V1_STD/NTSC": {"tags": [18, 19, 22], "zip_id": "atari7800_palettes"}, "games/ATARI7800/Palettes/Trebor/LCD_Colors/Dark/Even_Ramp/LCD_V1_STD/PAL": {"tags": [18, 19, 22], "zip_id": "atari7800_palettes"}, "games/ATARI7800/Palettes/Trebor/LCD_Colors/Dark/Even_Ramp/LCD_V2_STD": {"tags": [18, 19, 22], "zip_id": "atari7800_palettes"}, "games/ATARI7800/Palettes/Trebor/LCD_Colors/Dark/Even_Ramp/LCD_V2_STD/NTSC": {"tags": [18, 19, 22], "zip_id": "atari7800_palettes"}, "games/ATARI7800/Palettes/Trebor/LCD_Colors/Dark/Even_Ramp/LCD_V2_STD/PAL": {"tags": [18, 19, 22], "zip_id": "atari7800_palettes"}, "games/ATARI7800/Palettes/Trebor/LCD_Colors/Dark/No_White": {"tags": [18, 19, 22], "zip_id": "atari7800_palettes"}, "games/ATARI7800/Palettes/Trebor/LCD_Colors/Dark/No_White/LCD_V1_WAB": {"tags": [18, 19, 22], "zip_id": "atari7800_palettes"}, "games/ATARI7800/Palettes/Trebor/LCD_Colors/Dark/No_White/LCD_V1_WAB/NTSC": {"tags": [18, 19, 22], "zip_id": "atari7800_palettes"}, "games/ATARI7800/Palettes/Trebor/LCD_Colors/Dark/No_White/LCD_V1_WAB/PAL": {"tags": [18, 19, 22], "zip_id": "atari7800_palettes"}, "games/ATARI7800/Palettes/Trebor/LCD_Colors/Dark/No_White/LCD_V2_WAB": {"tags": [18, 19, 22], "zip_id": "atari7800_palettes"}, "games/ATARI7800/Palettes/Trebor/LCD_Colors/Dark/No_White/LCD_V2_WAB/NTSC": {"tags": [18, 19, 22], "zip_id": "atari7800_palettes"}, "games/ATARI7800/Palettes/Trebor/LCD_Colors/Dark/No_White/LCD_V2_WAB/PAL": {"tags": [18, 19, 22], "zip_id": "atari7800_palettes"}, "games/ATARI7800/Palettes/Trebor/LCD_Colors/Dark/Rich": {"tags": [18, 19, 22], "zip_id": "atari7800_palettes"}, "games/ATARI7800/Palettes/Trebor/LCD_Colors/Dark/Rich/LCD_V1_DRK": {"tags": [18, 19, 22], "zip_id": "atari7800_palettes"}, "games/ATARI7800/Palettes/Trebor/LCD_Colors/Dark/Rich/LCD_V1_DRK/NTSC": {"tags": [18, 19, 22], "zip_id": "atari7800_palettes"}, "games/ATARI7800/Palettes/Trebor/LCD_Colors/Dark/Rich/LCD_V1_DRK/PAL": {"tags": [18, 19, 22], "zip_id": "atari7800_palettes"}, "games/ATARI7800/Palettes/Trebor/LCD_Colors/Dark/Rich/LCD_V2_DRK": {"tags": [18, 19, 22], "zip_id": "atari7800_palettes"}, "games/ATARI7800/Palettes/Trebor/LCD_Colors/Dark/Rich/LCD_V2_DRK/NTSC": {"tags": [18, 19, 22], "zip_id": "atari7800_palettes"}, "games/ATARI7800/Palettes/Trebor/LCD_Colors/Dark/Rich/LCD_V2_DRK/PAL": {"tags": [18, 19, 22], "zip_id": "atari7800_palettes"}}}