{"files": {"_Arcade/_alternatives/_Alibaba/Mustafa and 40 Thieves (bootleg).mra": {"hash": "81188da3b80c00cf71af01d6a3df7fb1", "size": 2425, "tags": [11, 30, 31, 32], "zip_id": "mra_alternatives"}, "_Arcade/_alternatives/_Amidar/Mandinga (Artemi bootleg of Amidar).mra": {"hash": "5fb0e00811eeb4759e2189cdd8bfc559", "size": 2340, "tags": [11, 30, 32, 33], "zip_id": "mra_alternatives"}, "_Arcade/_alternatives/_Arkanoid/Arkanoid (Game Corporation bootleg, set 1).mra": {"hash": "d153b6f7f3e2ca8e0ffe7fd253e9fb50", "size": 1417, "tags": [11, 30, 32, 34], "zip_id": "mra_alternatives"}, "_Arcade/_alternatives/_Arkanoid/Arkanoid (Game Corporation bootleg, set 2).mra": {"hash": "a33729e60d5df658e1d704da14cf8dd7", "size": 1413, "tags": [11, 30, 32, 34], "zip_id": "mra_alternatives"}, "_Arcade/_alternatives/_Arkanoid/Arkanoid (JP).mra": {"hash": "d2084d2302c05e977a83499c70571e2c", "size": 2458, "tags": [11, 30, 32, 34], "zip_id": "mra_alternatives"}, "_Arcade/_alternatives/_Arkanoid/Arkanoid (Tayto bootleg, harder).mra": {"hash": "4773a6ecc79dacf1e76d5f4347c02b9a", "size": 1400, "tags": [11, 30, 32, 34], "zip_id": "mra_alternatives"}, "_Arcade/_alternatives/_Arkanoid/Arkanoid (Tayto) [bl].mra": {"hash": "f9f605f3a6dd16132056ca6cb1cb3038", "size": 1805, "tags": [11, 30, 32, 34], "zip_id": "mra_alternatives"}, "_Arcade/_alternatives/_Arkanoid/Arkanoid (US, Older).mra": {"hash": "7bea11ee64ff8d7ee62f325f98c87110", "size": 2448, "tags": [11, 30, 32, 34], "zip_id": "mra_alternatives"}, "_Arcade/_alternatives/_Arkanoid/Arkanoid (Unl. Lives, slower) HBMame.mra": {"hash": "395fa9419a2d8628d2b957ec59d1131d", "size": 2784, "tags": [11, 30, 32, 34], "zip_id": "mra_alternatives"}, "_Arcade/_alternatives/_Arkanoid/Block (Game Corporation bootleg, set 1).mra": {"hash": "e38cd4f5676e2332d97cd4184ee7a724", "size": 1465, "tags": [11, 30, 32, 34], "zip_id": "mra_alternatives"}, "_Arcade/_alternatives/_Arkanoid/Block (Game Corporation bootleg, set 2).mra": {"hash": "3d7b7f4a8f3250e2be81f77bc9268c25", "size": 1471, "tags": [11, 30, 32, 34], "zip_id": "mra_alternatives"}, "_Arcade/_alternatives/_Armored Car/Armored Car (set 2).mra": {"hash": "02ceee7df597729393d070f84a19fa39", "size": 2031, "tags": [11, 30, 32, 33], "zip_id": "mra_alternatives"}, "_Arcade/_alternatives/_Asteroid/Aerolitos (Spanish bootleg of Asteroids).mra": {"hash": "1185e7f0f7771c404a7f21f796820f81", "size": 1273, "tags": [11, 30, 32, 35], "zip_id": "mra_alternatives"}, "_Arcade/_alternatives/_Asteroid/Asterock (Sidam bootleg of Asteroids).mra": {"hash": "5d02c152b0b09db8e3e74c56230f9e88", "size": 1437, "tags": [11, 30, 32, 35], "zip_id": "mra_alternatives"}, "_Arcade/_alternatives/_Asteroid/Asterock (Videotron bootleg of Asteroids).mra": {"hash": "85f41974d5e540a11c9617701519cfd9", "size": 1449, "tags": [11, 30, 32, 35], "zip_id": "mra_alternatives"}, "_Arcade/_alternatives/_Asteroid/Asteroids (Six-Bullet Hack) - HBMame.mra": {"hash": "926a83d5b7dda63c6c9a5396d7a17463", "size": 1295, "tags": [11, 30, 32, 35, 36], "zip_id": "mra_alternatives"}, "_Arcade/_alternatives/_Asteroid/Asteroids (rev 1).mra": {"hash": "62cfd810495637171243f19632a4377d", "size": 1277, "tags": [11, 30, 32, 35], "zip_id": "mra_alternatives"}, "_Arcade/_alternatives/_Asteroid/Asteroids (rev 2).mra": {"hash": "7e65b453b2ca7ab9f489b294b7a90cbe", "size": 1277, "tags": [11, 30, 32, 35], "zip_id": "mra_alternatives"}, "_Arcade/_alternatives/_Asteroid/Hyperspace (bootleg of Asteroids).mra": {"hash": "f9cc5427bf2adfbcacd5f23fe7c3a240", "size": 1297, "tags": [11, 30, 32, 35], "zip_id": "mra_alternatives"}, "_Arcade/_alternatives/_Asteroid/Meteor (bootleg of Asteroids).mra": {"hash": "d57de782dc4753553589a7e11cae9be0", "size": 1419, "tags": [11, 30, 32, 35], "zip_id": "mra_alternatives"}, "_Arcade/_alternatives/_Asteroid/Meteorite (Proel bootleg of Asteroids).mra": {"hash": "9e64bcbd8940e6030b45985a8dad0db0", "size": 1408, "tags": [11, 30, 32, 35], "zip_id": "mra_alternatives"}, "_Arcade/_alternatives/_Asteroid/Meteorites (VGG bootleg of Asteroids).mra": {"hash": "4bc6fef6196983085715f850688942c8", "size": 1269, "tags": [11, 30, 32, 35], "zip_id": "mra_alternatives"}, "_Arcade/_alternatives/_Asteroid/Space Rocks (Spanish clone of Asteroids).mra": {"hash": "9341c031792684a28c8e32def73bf83d", "size": 1261, "tags": [11, 30, 32, 35], "zip_id": "mra_alternatives"}, "_Arcade/_alternatives/_Asteroid/Starslayer (hack of Asteroids (rev 2)) - HBMame.mra": {"hash": "6a6954575f5f6401799701f0e0ae2a0b", "size": 1310, "tags": [11, 30, 32, 35, 36], "zip_id": "mra_alternatives"}, "_Arcade/_alternatives/_Asteroids Deluxe/Asteroids Deluxe (Unknown Revision) [h] - HBMame.mra": {"hash": "809be973e9d3e87818335cf5ad7abd52", "size": 1377, "tags": [11, 30, 32, 36, 37], "zip_id": "mra_alternatives"}, "_Arcade/_alternatives/_Asteroids Deluxe/Asteroids Deluxe (rev 1).mra": {"hash": "0c972bc87dc729fde8f2f37462071e83", "size": 1348, "tags": [11, 30, 32, 37], "zip_id": "mra_alternatives"}, "_Arcade/_alternatives/_Asteroids Deluxe/Asteroids Deluxe (rev 2).mra": {"hash": "15456381e5f14c0f7d4834d78b2bb10c", "size": 1348, "tags": [11, 30, 32, 37], "zip_id": "mra_alternatives"}, "_Arcade/_alternatives/_Bagman/Bagman (Stern Electronics, set 1).mra": {"hash": "37e918aebee7c2235565a0c8a6ea3e9c", "size": 2081, "tags": [11, 30, 32, 38], "zip_id": "mra_alternatives"}, "_Arcade/_alternatives/_Bagman/Bagman (Stern Electronics, set 2).mra": {"hash": "60b5a73ca52efb52477a4a27a35b42b4", "size": 2095, "tags": [11, 30, 32, 38], "zip_id": "mra_alternatives"}, "_Arcade/_alternatives/_Bagman/Bagman (Taito).mra": {"hash": "61a19e4ff78b2d0238e6210a734085d2", "size": 2085, "tags": [11, 30, 32, 38], "zip_id": "mra_alternatives"}, "_Arcade/_alternatives/_Bagman/Bagman Turbo (Stern set 1) [c] - HBMame.mra": {"hash": "d72fd034cc472871914eb0297ae8134d", "size": 2147, "tags": [11, 30, 32, 36, 38], "zip_id": "mra_alternatives"}, "_Arcade/_alternatives/_Bagman/Le Bagnard (Itisa, Spain).mra": {"hash": "1de73b3824562627960c5f9f0ff00801", "size": 2155, "tags": [11, 30, 32, 38], "zip_id": "mra_alternatives"}, "_Arcade/_alternatives/_Bagman/Le Bagnard (set 1).mra": {"hash": "3d93e7fec16950acd1d5765ef001f2e1", "size": 2068, "tags": [11, 30, 32, 38], "zip_id": "mra_alternatives"}, "_Arcade/_alternatives/_Bagman/Le Bagnard (set 2).mra": {"hash": "b323cda4a0548526536252c749c0b583", "size": 2066, "tags": [11, 30, 32, 38], "zip_id": "mra_alternatives"}, "_Arcade/_alternatives/_Berzerk/Berzerk (French Speech, revision RC31).mra": {"hash": "53c3dfd6ed86437b352745b17274d1f4", "size": 1774, "tags": [11, 30, 32, 39], "zip_id": "mra_alternatives"}, "_Arcade/_alternatives/_Berzerk/Berzerk (German Speech, revision RC32).mra": {"hash": "3edba7bfe166208778dff992ea70dabb", "size": 1771, "tags": [11, 30, 32, 39], "zip_id": "mra_alternatives"}, "_Arcade/_alternatives/_Berzerk/Berzerk (Spanish Speech, revision RC32).mra": {"hash": "63978f5738927fa8fc640d80be4ef6d5", "size": 1770, "tags": [11, 30, 32, 39], "zip_id": "mra_alternatives"}, "_Arcade/_alternatives/_Berzerk/Berzerk (revision RC28).mra": {"hash": "610b774f956a0058eea68229c1da9a32", "size": 1750, "tags": [11, 30, 32, 39], "zip_id": "mra_alternatives"}, "_Arcade/_alternatives/_Berzerk/Berzerk (revision RC31).mra": {"hash": "d74cddf3a33dcae2215207df02c96271", "size": 1750, "tags": [11, 30, 32, 39], "zip_id": "mra_alternatives"}, "_Arcade/_alternatives/_Bomb Jack/Bomb Jack (Bootleg) - HBMame.mra": {"hash": "ed869f210f6e0584fc49a37bc6ff0e19", "size": 1919, "tags": [11, 30, 32, 36, 40], "zip_id": "mra_alternatives"}, "_Arcade/_alternatives/_Bomb Jack/Bomb Jack (Greek) - HBMame.mra": {"hash": "7c837315d0b4e4157786aedfc0e9fbd1", "size": 2116, "tags": [11, 30, 32, 36, 40], "zip_id": "mra_alternatives"}, "_Arcade/_alternatives/_Bomb Jack/Bomb Jack (Red) - HBMame.mra": {"hash": "bc9374b9df453847da63abbc82b42508", "size": 2085, "tags": [11, 30, 32, 36, 40], "zip_id": "mra_alternatives"}, "_Arcade/_alternatives/_Bomb Jack/Bomb Jack (Translation Chinese) - HBMame.mra": {"hash": "764ec2e0c45c09cf11289bc82dd678b0", "size": 2203, "tags": [11, 30, 32, 36, 40], "zip_id": "mra_alternatives"}, "_Arcade/_alternatives/_Bomb Jack/Bomb Jack (set 2).mra": {"hash": "1816f67e1e10bfe2165027f3e08271a6", "size": 2018, "tags": [11, 30, 32, 40], "zip_id": "mra_alternatives"}, "_Arcade/_alternatives/_Botanic/Botanic (French).mra": {"hash": "6c90ae286df0f64c5516f61abae38555", "size": 1942, "tags": [11, 30, 32, 38], "zip_id": "mra_alternatives"}, "_Arcade/_alternatives/_Bubbles/Bubbles (Solid Red label).mra": {"hash": "ea727081dfec4f5a588c3a8420467063", "size": 4092, "tags": [11, 30, 32, 41], "zip_id": "mra_alternatives"}, "_Arcade/_alternatives/_Bubbles/Bubbles (prototype version).mra": {"hash": "eefe62262d28eac95fadfaabd5cd44c8", "size": 4088, "tags": [11, 30, 32, 41], "zip_id": "mra_alternatives"}, "_Arcade/_alternatives/_Burger Time/Burger Time (Data East set 2).mra": {"hash": "48582518f8927fb4476bcc134d622452", "size": 2882, "tags": [11, 30, 32, 42], "zip_id": "mra_alternatives"}, "_Arcade/_alternatives/_Burning Rubber/Bump 'n' Jump (Midway).mra": {"hash": "793617c615e96cf5ce0daba69f290e01", "size": 1434, "tags": [11, 30, 32, 43], "zip_id": "mra_alternatives"}, "_Arcade/_alternatives/_Burning Rubber/Bump 'n' Jump Reverse Mod - HBMame.mra": {"hash": "c2b185134fcb2fb6e063b79507cc6007", "size": 1438, "tags": [11, 30, 32, 36, 43], "zip_id": "mra_alternatives"}, "_Arcade/_alternatives/_Burning Rubber/Bump 'n' Jump.mra": {"hash": "5577d4d66ec8cd5d5a51408fed76c876", "size": 1373, "tags": [11, 30, 32, 43], "zip_id": "mra_alternatives"}, "_Arcade/_alternatives/_Burning Rubber/Car Action (set 1).mra": {"hash": "28680f182d8b2ca1514f32d3128b4f2c", "size": 1362, "tags": [11, 30, 32, 43], "zip_id": "mra_alternatives"}, "_Arcade/_alternatives/_Burning Rubber/Car Action (set 2).mra": {"hash": "2f42fd6f9c86b31a980232dc1d74e596", "size": 1370, "tags": [11, 30, 32, 43], "zip_id": "mra_alternatives"}, "_Arcade/_alternatives/_Centipede/Astropede - HBMame.mra": {"hash": "659c0194c72a2638fbcadb3be93bacb6", "size": 1415, "tags": [11, 30, 32, 36, 44], "zip_id": "mra_alternatives"}, "_Arcade/_alternatives/_Centipede/Astropede II - HBMame.mra": {"hash": "e0fd101f0966868e35df1405670f4cc8", "size": 1418, "tags": [11, 30, 32, 36, 44], "zip_id": "mra_alternatives"}, "_Arcade/_alternatives/_Centipede/Cemescary - HBMame.mra": {"hash": "8c3d93bcfb432a86fdba3154beb8ae6a", "size": 1415, "tags": [11, 30, 32, 36, 44], "zip_id": "mra_alternatives"}, "_Arcade/_alternatives/_Centipede/Centipede (revision 1).mra": {"hash": "725b9f66718f87ed4a100eb4d1e62f29", "size": 1380, "tags": [11, 30, 32, 44], "zip_id": "mra_alternatives"}, "_Arcade/_alternatives/_Centipede/Centipede (revision 2).mra": {"hash": "574cd8c344fd50ed5a4941c4cf6dd818", "size": 1380, "tags": [11, 30, 32, 44], "zip_id": "mra_alternatives"}, "_Arcade/_alternatives/_Centipede/Centipede (revision 3).mra": {"hash": "1093fd0a317d19e066f09b85a832cfb8", "size": 1380, "tags": [11, 30, 32, 44], "zip_id": "mra_alternatives"}, "_Arcade/_alternatives/_Centipede/Centipede Dux (hack).mra": {"hash": "7c0a1c2002992fbde97aba0b098b3d3b", "size": 1372, "tags": [11, 30, 32, 44], "zip_id": "mra_alternatives"}, "_Arcade/_alternatives/_Centipede/Killipede - HBMame.mra": {"hash": "f249e33ac0019071b11587e6f8ebd0b9", "size": 1415, "tags": [11, 30, 32, 36, 44], "zip_id": "mra_alternatives"}, "_Arcade/_alternatives/_Centipede/Pacipede - HBMame.mra": {"hash": "7bfd34a732720c8c64c1b78fed43a7c4", "size": 1445, "tags": [11, 30, 32, 36, 44], "zip_id": "mra_alternatives"}, "_Arcade/_alternatives/_Centipede/Vectipede - HBMame.mra": {"hash": "17971c4f3a650557010a720ac1fdb141", "size": 1415, "tags": [11, 30, 32, 36, 44], "zip_id": "mra_alternatives"}, "_Arcade/_alternatives/_Centipede/Vectorpede - HBMame.mra": {"hash": "c4131bdefa2959d36475e1b2c46ffdd7", "size": 1416, "tags": [11, 30, 32, 36, 44], "zip_id": "mra_alternatives"}, "_Arcade/_alternatives/_Colony7/Colony 7 (set 2).mra": {"hash": "6a06253f683330a58001c9c780fe7770", "size": 1824, "tags": [11, 30, 32, 45], "zip_id": "mra_alternatives"}, "_Arcade/_alternatives/_Crazy Climber/Crazy Climber (US set 2).mra": {"hash": "7e5b6010b35ecc9e218f5e55a94a6ec0", "size": 1587, "tags": [11, 30, 32, 46], "zip_id": "mra_alternatives"}, "_Arcade/_alternatives/_Crazy Kong/Crazy Kong (Orca Bootleg) [bl].mra": {"hash": "1182733188d7b1b25df6c539a8e7e98d", "size": 2484, "tags": [11, 30, 32, 47], "zip_id": "mra_alternatives"}, "_Arcade/_alternatives/_Crazy Kong/Crazy Kong Part II (Graphic Fix) - HBMame.mra": {"hash": "177909c467dbf4977bb2deb535285d45", "size": 2507, "tags": [11, 30, 32, 36, 47], "zip_id": "mra_alternatives"}, "_Arcade/_alternatives/_Crazy Kong/Crazy Kong Part II (Japan).mra": {"hash": "354886f7488ca55c939c6ab665e36956", "size": 2187, "tags": [11, 30, 32, 47], "zip_id": "mra_alternatives"}, "_Arcade/_alternatives/_Crazy Kong/Crazy Kong Part II (Jeutel bootleg).mra": {"hash": "2b8085438400a8f00d3efd932dec4fe7", "size": 2301, "tags": [11, 30, 32, 47], "zip_id": "mra_alternatives"}, "_Arcade/_alternatives/_Crazy Kong/Crazy Kong Part II (Set 2) HBMame.mra": {"hash": "afe9de0abe5f26a5e6fe5b0e52d90c01", "size": 2334, "tags": [11, 30, 32, 36, 47], "zip_id": "mra_alternatives"}, "_Arcade/_alternatives/_Crazy Kong/Crazy Kong Part II (bootleg).mra": {"hash": "a2edce6c462d9c797a5eb55745d07fe0", "size": 2187, "tags": [11, 30, 32, 47], "zip_id": "mra_alternatives"}, "_Arcade/_alternatives/_Crazy Kong/Crazy Kong Part II (set 2).mra": {"hash": "d282565fd8386299646e692706f7ba6d", "size": 2187, "tags": [11, 30, 32, 47], "zip_id": "mra_alternatives"}, "_Arcade/_alternatives/_Crazy Kong/Crazy Kong Part II -1 - HBMame.mra": {"hash": "d3e79a104f1081b973c0a65c0663f78b", "size": 2473, "tags": [11, 30, 32, 36, 47], "zip_id": "mra_alternatives"}, "_Arcade/_alternatives/_Crazy Kong/Crazy Kong Part II -2 - HBMame.mra": {"hash": "96f4f495973810e87d3b0f6d8afc6da2", "size": 1780, "tags": [11, 30, 32, 36, 47], "zip_id": "mra_alternatives"}, "_Arcade/_alternatives/_Dig Dug II/Dig Dug II (Old Ver.).mra": {"hash": "0ecf73ab26f1e7c6c695f95ca436d082", "size": 1835, "tags": [11, 30, 32, 48], "zip_id": "mra_alternatives"}, "_Arcade/_alternatives/_Dig Dug/Dig Dug (Atari, rev 1).mra": {"hash": "5bc8d164de1d03ec666e27a01cc43fcb", "size": 2023, "tags": [11, 30, 32, 49], "zip_id": "mra_alternatives"}, "_Arcade/_alternatives/_Dig Dug/Dig Dug (Atari, rev 2).mra": {"hash": "d4a4c5549e656f7b9e329e17d728ea36", "size": 2021, "tags": [11, 30, 32, 49], "zip_id": "mra_alternatives"}, "_Arcade/_alternatives/_Dig Dug/Dig Dug (manufactured by Sidam).mra": {"hash": "ef0b88d267decba99f77642f42d8df5f", "size": 2006, "tags": [11, 30, 32, 49], "zip_id": "mra_alternatives"}, "_Arcade/_alternatives/_Dig Dug/Dig Dug (rev 1).mra": {"hash": "95fbb4dee974829b7fc76d4c80284d67", "size": 1952, "tags": [11, 30, 32, 49], "zip_id": "mra_alternatives"}, "_Arcade/_alternatives/_Disc of tron/Discs of Tron (Upright alternate).mra": {"hash": "0e77814a454f94035ecb136ebb8715e2", "size": 2643, "tags": [11, 30, 32, 50], "zip_id": "mra_alternatives"}, "_Arcade/_alternatives/_DoDonPachi/DoDonPachi (JP).mra": {"hash": "dc11c1ab863e679d49266158b81ee660", "size": 2274, "tags": [11, 30, 32, 51], "zip_id": "mra_alternatives"}, "_Arcade/_alternatives/_Donkey Kong 3/Donkey Kong 3 [bl].mra": {"hash": "9107a39022beec86cc27de3afc739996", "size": 2057, "tags": [11, 30, 32, 52], "zip_id": "mra_alternatives"}, "_Arcade/_alternatives/_Donkey Kong Junior/Donkey Kong Jr. (Japan).mra": {"hash": "0dfcb0721df0608a0610a5795026ad30", "size": 303670, "tags": [11, 30, 32, 53], "zip_id": "mra_alternatives"}, "_Arcade/_alternatives/_Donkey Kong/Donkey Kong (2 marios) - HBMame.mra": {"hash": "a2a144f64041899175105f4b0f7a5ec6", "size": 87677, "tags": [11, 30, 32, 36, 52], "zip_id": "mra_alternatives"}, "_Arcade/_alternatives/_Donkey Kong/Donkey Kong (2600 graphics) - HBMame.mra": {"hash": "a0ca613ab61a8826fb802781d2a0cdcf", "size": 87737, "tags": [11, 30, 32, 36, 52], "zip_id": "mra_alternatives"}, "_Arcade/_alternatives/_Donkey Kong/Donkey Kong (Japan set 1).mra": {"hash": "eb07c697a4d138115bbb140e7bc8a0f8", "size": 87586, "tags": [11, 30, 32, 52], "zip_id": "mra_alternatives"}, "_Arcade/_alternatives/_Donkey Kong/Donkey Kong (Japan set 2).mra": {"hash": "5ebf95946ea8e8e5fff817696dabc50d", "size": 87604, "tags": [11, 30, 32, 52], "zip_id": "mra_alternatives"}, "_Arcade/_alternatives/_Donkey Kong/Donkey Kong (Japan set 3).mra": {"hash": "6734159a63be94758a2f40df6581dbcb", "size": 87590, "tags": [11, 30, 32, 52], "zip_id": "mra_alternatives"}, "_Arcade/_alternatives/_Donkey Kong/Donkey Kong (Pacman graphics) - HBMame.mra": {"hash": "18f64f43a175412f2143da3c5d85d228", "size": 87794, "tags": [11, 30, 32, 36, 52], "zip_id": "mra_alternatives"}, "_Arcade/_alternatives/_Donkey Kong/Donkey Kong (Spanish, Crazy Kong) [bl].mra": {"hash": "ef15acfb18b8730ec1454188e401ce57", "size": 4255, "tags": [11, 30, 32, 47], "zip_id": "mra_alternatives"}, "_Arcade/_alternatives/_Donkey Kong/Donkey Kong (US set 1 with barrel control coloring) - HBMame.mra": {"hash": "380dc9bd8231b94e879a48d3f6958ced", "size": 87677, "tags": [11, 30, 32, 36, 52], "zip_id": "mra_alternatives"}, "_Arcade/_alternatives/_Donkey Kong/Donkey Kong (US set 2).mra": {"hash": "b7110059ca59710e52b8d940ea7fc7ab", "size": 87596, "tags": [11, 30, 32, 52], "zip_id": "mra_alternatives"}, "_Arcade/_alternatives/_Donkey Kong/Donkey Kong (hard kit).mra": {"hash": "4f901496659a9f13d078106ed0da69e4", "size": 87610, "tags": [11, 30, 32, 52], "zip_id": "mra_alternatives"}, "_Arcade/_alternatives/_Donkey Kong/Donkey Kong (patched) - HBMame.mra": {"hash": "d7aaef07309407f9fa1c2553ba7d4863", "size": 87619, "tags": [11, 30, 32, 36, 52], "zip_id": "mra_alternatives"}, "_Arcade/_alternatives/_Donkey Kong/Donkey Kong Foundry (hack).mra": {"hash": "962b79fb0eef384e16497c271028c469", "size": 87596, "tags": [11, 30, 32, 52], "zip_id": "mra_alternatives"}, "_Arcade/_alternatives/_Donkey Kong/Donkey Kong Foundry - HBMame.mra": {"hash": "921140755750222ec87b64b932b64470", "size": 87658, "tags": [11, 30, 32, 36, 52], "zip_id": "mra_alternatives"}, "_Arcade/_alternatives/_Donkey Kong/Donkey Kong Freerun Edition - HBMame.mra": {"hash": "554c06dc11cae6120efad898f6a45207", "size": 87718, "tags": [11, 30, 32, 36, 52], "zip_id": "mra_alternatives"}, "_Arcade/_alternatives/_Donkey Kong/Donkey Kong Pace - HBMame.mra": {"hash": "15cfe8189150eb563a5b844f9df7c51e", "size": 87629, "tags": [11, 30, 32, 36, 52], "zip_id": "mra_alternatives"}, "_Arcade/_alternatives/_Donkey Kong/Donkey Kong Pauline Edition Rev 5 (2013-04-22).mra": {"hash": "b546c54f86ce40a9c5ee22a5537ed3fd", "size": 87633, "tags": [11, 30, 32, 52], "zip_id": "mra_alternatives"}, "_Arcade/_alternatives/_Donkey Kong/Donkey Kong Remix demo 1.8 - HBMame.mra": {"hash": "884db6ccbf31c988a7813c0e45eae847", "size": 87675, "tags": [11, 30, 32, 36, 52], "zip_id": "mra_alternatives"}, "_Arcade/_alternatives/_Donkey Kong/Donkey Kong Reverse - HBMame.mra": {"hash": "3a8935a227ea1acfc101870ce74150ce", "size": 87686, "tags": [11, 30, 32, 36, 52], "zip_id": "mra_alternatives"}, "_Arcade/_alternatives/_Donkey Kong/Donkey Kong Trainer 1.01 - HBMame.mra": {"hash": "d728f5f0867bae4abfd5653b37e89e85", "size": 87660, "tags": [11, 30, 32, 36, 52], "zip_id": "mra_alternatives"}, "_Arcade/_alternatives/_Donkey Kong/Naked Donkey Kong - HBMame.mra": {"hash": "8d69624572865676e06f2e67f150dfe5", "size": 87701, "tags": [11, 30, 32, 36, 52], "zip_id": "mra_alternatives"}, "_Arcade/_alternatives/_Donkey Kong/Rainbow Donkey Kong - HBMame.mra": {"hash": "4475958c14e0cfcb732635db0265cd85", "size": 87677, "tags": [11, 30, 32, 36, 52], "zip_id": "mra_alternatives"}, "_Arcade/_alternatives/_Dorodon/Dorodon (set 2).mra": {"hash": "44388de08d890d050a1e4879e45b301d", "size": 1297, "tags": [11, 30, 32, 54], "zip_id": "mra_alternatives"}, "_Arcade/_alternatives/_Eyes/Eyes (Italy).mra": {"hash": "9dddb10d497b940cd3bc1308b8b759b6", "size": 2059, "tags": [11, 30, 31, 32], "zip_id": "mra_alternatives"}, "_Arcade/_alternatives/_Eyes/Eyes (US set 2).mra": {"hash": "57b36adf50b8aa7b5f6408f0514038fa", "size": 2118, "tags": [11, 30, 31, 32], "zip_id": "mra_alternatives"}, "_Arcade/_alternatives/_Food Fight/Food Fight (cocktail).mra": {"hash": "5289eb874320b1a337cb189180b910af", "size": 1810, "tags": [11, 30, 32, 55], "zip_id": "mra_alternatives"}, "_Arcade/_alternatives/_Food Fight/Food Fight (rev 1).mra": {"hash": "3a637a8a8b876c5df925bb538261e786", "size": 1806, "tags": [11, 30, 32, 55], "zip_id": "mra_alternatives"}, "_Arcade/_alternatives/_Food Fight/Food Fight (rev 2).mra": {"hash": "7fa0fa5f332e2318256838fccda7a8bf", "size": 1806, "tags": [11, 30, 32, 55], "zip_id": "mra_alternatives"}, "_Arcade/_alternatives/_Frogger/Trukker - HBMame.mra": {"hash": "ea22040a022980783b48d913e17ef0df", "size": 2119, "tags": [11, 30, 32, 33, 36], "zip_id": "mra_alternatives"}, "_Arcade/_alternatives/_Galaga/Galaga (Enduring Freedom) - HBMame.mra": {"hash": "87e5f3f7c5f6fbd789beb8c38efedfa7", "size": 2852, "tags": [11, 30, 32, 36, 56], "zip_id": "mra_alternatives"}, "_Arcade/_alternatives/_Galaga/Galaga (Midway set 1 with fast shoot hack).mra": {"hash": "07786569c622088eab69dab94c06c6be", "size": 2614, "tags": [11, 30, 32, 56], "zip_id": "mra_alternatives"}, "_Arcade/_alternatives/_Galaga/Galaga (Namco rev. B).mra": {"hash": "55e104e12c8244f0c420564cfe1a5b5e", "size": 2991, "tags": [11, 30, 32, 56], "zip_id": "mra_alternatives"}, "_Arcade/_alternatives/_Galaga/Galaga (Namco).mra": {"hash": "dbcbb71145874012af69b2eb08bd8354", "size": 2833, "tags": [11, 30, 32, 56], "zip_id": "mra_alternatives"}, "_Arcade/_alternatives/_Galaga/Galaga (fast shoot) - HBMame.mra": {"hash": "951f73a618800035055a2433b429d61b", "size": 2655, "tags": [11, 30, 32, 36, 56], "zip_id": "mra_alternatives"}, "_Arcade/_alternatives/_Galaga/Galaga Ghost (Set 1) - HBMame.mra": {"hash": "ebc162097ad3f5a8461944bf4000034d", "size": 2722, "tags": [11, 30, 32, 36, 56], "zip_id": "mra_alternatives"}, "_Arcade/_alternatives/_Galaga/Galaga Ghost (Set 2 - 2002-11-28) - HBMame.mra": {"hash": "3e1cb4b54c83645a800086952c6c64aa", "size": 2722, "tags": [11, 30, 32, 36, 56], "zip_id": "mra_alternatives"}, "_Arcade/_alternatives/_Galaga/Galagalaxian - HBMame.mra": {"hash": "78f1db6d8eee3156c7ab3bd3f131e535", "size": 2700, "tags": [11, 30, 32, 36, 56], "zip_id": "mra_alternatives"}, "_Arcade/_alternatives/_Galaga/Galapede (Fast Shoot) - HBMame.mra": {"hash": "95ef9ad328763090a3e340cb2ad27377", "size": 2714, "tags": [11, 30, 32, 36, 56], "zip_id": "mra_alternatives"}, "_Arcade/_alternatives/_Galaga/Gatsbee.mra": {"hash": "24adff2d79ffc05a4586e6ab7b108c32", "size": 2640, "tags": [11, 30, 32, 56], "zip_id": "mra_alternatives"}, "_Arcade/_alternatives/_Galaga/Vector Galaga - HBMame.mra": {"hash": "30cc15712e6dfb70af34149f783ee982", "size": 2689, "tags": [11, 30, 32, 36, 56], "zip_id": "mra_alternatives"}, "_Arcade/_alternatives/_Galaga/Vector Galaga Fast Shoot - HBMame.mra": {"hash": "b7e91cebd3a6c1824f529262497f8ef1", "size": 2713, "tags": [11, 30, 32, 36, 56], "zip_id": "mra_alternatives"}, "_Arcade/_alternatives/_Galaga/Vector Galaga Midway - HBMame.mra": {"hash": "5f2671361bd328673174983941575603", "size": 2715, "tags": [11, 30, 32, 36, 56], "zip_id": "mra_alternatives"}, "_Arcade/_alternatives/_Galaxian/Andromeda - HBMame.mra": {"hash": "6bb8cbe469bf3af7fa2c2fd36bd11988", "size": 2473, "tags": [11, 30, 32, 36, 57], "zip_id": "mra_alternatives"}, "_Arcade/_alternatives/_Galaxian/Astrians (clone of Swarm).mra": {"hash": "3664fe1970b44319fa6f0c6497f70be4", "size": 2077, "tags": [11, 30, 32, 57], "zip_id": "mra_alternatives"}, "_Arcade/_alternatives/_Galaxian/Galaxian (Bug sprites) - HBMame.mra": {"hash": "8c9c16d6d1c6ec4114df3c4d8c42416c", "size": 2160, "tags": [11, 30, 32, 36, 57], "zip_id": "mra_alternatives"}, "_Arcade/_alternatives/_Galaxian/Galaxian (Edition Hack) - HBMame.mra": {"hash": "517c4d71af5ff37f8dc3bb3df0a74a88", "size": 2209, "tags": [11, 30, 32, 36, 57], "zip_id": "mra_alternatives"}, "_Arcade/_alternatives/_Galaxian/Galaxian (Irem).mra": {"hash": "e4fbdb86e8d7dfd83adaddfc195c0979", "size": 2068, "tags": [11, 30, 32, 57], "zip_id": "mra_alternatives"}, "_Arcade/_alternatives/_Galaxian/Galaxian (Kyoko) - HBMame.mra": {"hash": "661ecccc5ec9c37a2fc85712c9064003", "size": 2176, "tags": [11, 30, 32, 36, 57], "zip_id": "mra_alternatives"}, "_Arcade/_alternatives/_Galaxian/Galaxian (Midway set 1).mra": {"hash": "34d53dddcdaa000abdd1cae1493ed520", "size": 2106, "tags": [11, 30, 32, 57], "zip_id": "mra_alternatives"}, "_Arcade/_alternatives/_Galaxian/Galaxian (Midway set 2).mra": {"hash": "d1b8f35bd28477edd8175c5d0ed50e4b", "size": 2100, "tags": [11, 30, 32, 57], "zip_id": "mra_alternatives"}, "_Arcade/_alternatives/_Galaxian/Galaxian (New Invasion) - HBMame.mra": {"hash": "769ad9ffa806792a82ef595203f67353", "size": 2134, "tags": [11, 30, 32, 36, 57], "zip_id": "mra_alternatives"}, "_Arcade/_alternatives/_Galaxian/Galaxian (Recreativos Franco S.A. Spanish bootleg).mra": {"hash": "dabf05711f6ee13fa18f6ad5cee5abd2", "size": 2072, "tags": [11, 30, 32, 57], "zip_id": "mra_alternatives"}, "_Arcade/_alternatives/_Galaxian/Galaxian (Taito).mra": {"hash": "f81c78b2351fe7f47956c73eed551775", "size": 2082, "tags": [11, 30, 32, 57], "zip_id": "mra_alternatives"}, "_Arcade/_alternatives/_Galaxian/Galaxian (bootleg, set 1).mra": {"hash": "bb3039ec8faf2c1ae7d9bac9bff7f227", "size": 2352, "tags": [11, 30, 32, 57], "zip_id": "mra_alternatives"}, "_Arcade/_alternatives/_Galaxian/Galaxian (bootleg, set 2).mra": {"hash": "d6e6e058bb5be9030c94fa99cf01686c", "size": 2472, "tags": [11, 30, 32, 57], "zip_id": "mra_alternatives"}, "_Arcade/_alternatives/_Galaxian/Galaxian (bootleg, set 3).mra": {"hash": "1e9a94d88b720cb30a6855b4f5a5d2e3", "size": 2471, "tags": [11, 30, 32, 57], "zip_id": "mra_alternatives"}, "_Arcade/_alternatives/_Galaxian/Galaxian (bootleg, set 4).mra": {"hash": "f6b75a3bd32f51bdc04942436423de74", "size": 2030, "tags": [11, 30, 32, 57], "zip_id": "mra_alternatives"}, "_Arcade/_alternatives/_Galaxian/Galaxian Part 4 (hack).mra": {"hash": "12d84af9a1cc0b6a0343a69428a73d62", "size": 2075, "tags": [11, 30, 32, 57], "zip_id": "mra_alternatives"}, "_Arcade/_alternatives/_Galaxian/Galaxian Part X (moonaln hack).mra": {"hash": "b26dbb4d3b2dfe086240680cbfd62f09", "size": 2030, "tags": [11, 30, 32, 57], "zip_id": "mra_alternatives"}, "_Arcade/_alternatives/_Galaxian/Galaxian Turbo (superg hack).mra": {"hash": "ac3768088d7cfa9806a100159d0c694f", "size": 2073, "tags": [11, 30, 32, 57], "zip_id": "mra_alternatives"}, "_Arcade/_alternatives/_Galaxian/Gaylaxian - HBMame.mra": {"hash": "0fea5f8135810edb81548d226632dfe5", "size": 2109, "tags": [11, 30, 32, 36, 57], "zip_id": "mra_alternatives"}, "_Arcade/_alternatives/_Galaxian/Kamakazi III (superg hack).mra": {"hash": "19b2e0a45398b5ab8637fcbc8bbe3321", "size": 2024, "tags": [11, 30, 32, 57], "zip_id": "mra_alternatives"}, "_Arcade/_alternatives/_Galaxian/Moon Alien.mra": {"hash": "5a803e0e94fad6ddd0efe2bb8b5de4e0", "size": 2097, "tags": [11, 30, 32, 57], "zip_id": "mra_alternatives"}, "_Arcade/_alternatives/_Galaxian/Star Fighter.mra": {"hash": "ba5de86104446a414589437ef16351ed", "size": 2339, "tags": [11, 30, 32, 57], "zip_id": "mra_alternatives"}, "_Arcade/_alternatives/_Galaxian/Swarm (bootleg).mra": {"hash": "c5102839996e391f4cb4812e34d7cd37", "size": 2052, "tags": [11, 30, 32, 57], "zip_id": "mra_alternatives"}, "_Arcade/_alternatives/_Galaxian/Zero Time (Marti Colls).mra": {"hash": "028967d2505100c0db8b49b5a8cc9a64", "size": 2060, "tags": [11, 30, 32, 57], "zip_id": "mra_alternatives"}, "_Arcade/_alternatives/_Galaxian/Zero Time (Petaco S.A.).mra": {"hash": "9d8506c3baac47d9394a2c10e3bd7ea2", "size": 2051, "tags": [11, 30, 32, 57], "zip_id": "mra_alternatives"}, "_Arcade/_alternatives/_Gaplus/Galaga 3 (GP3 rev. C).mra": {"hash": "547aea2adf55020f077caa3797586839", "size": 69528, "tags": [11, 30, 32, 58], "zip_id": "mra_alternatives"}, "_Arcade/_alternatives/_Gaplus/Galaga 3 (GP3 rev. D).mra": {"hash": "aa885985be018ad8804d2514dc4e6108", "size": 68792, "tags": [11, 30, 32, 58], "zip_id": "mra_alternatives"}, "_Arcade/_alternatives/_Gaplus/Galaga 3 (GP3).mra": {"hash": "2abb2d96c25cbf6292ce16e54a2faad2", "size": 69517, "tags": [11, 30, 32, 58], "zip_id": "mra_alternatives"}, "_Arcade/_alternatives/_Gaplus/Galaga 3 (set 4).mra": {"hash": "8885274837a5d2ca8b3d8928ab4dbae5", "size": 69527, "tags": [11, 30, 32, 58], "zip_id": "mra_alternatives"}, "_Arcade/_alternatives/_Gaplus/Galaga 3 (set 5).mra": {"hash": "26585d955eeee029b3eb744f5237e0c5", "size": 69497, "tags": [11, 30, 32, 58], "zip_id": "mra_alternatives"}, "_Arcade/_alternatives/_Gaplus/Gaplus (GP2).mra": {"hash": "d79c2ec0a1f48ca12eda6482c69c2573", "size": 69648, "tags": [11, 30, 32, 58], "zip_id": "mra_alternatives"}, "_Arcade/_alternatives/_Gaplus/Gaplus (Tecfri PCB).mra": {"hash": "81f49d9b405e4c7c183c91fe13d85cf8", "size": 69645, "tags": [11, 30, 32, 58], "zip_id": "mra_alternatives"}, "_Arcade/_alternatives/_Gauntlet II/Gauntlet II (2 Players, German).mra": {"hash": "83cbe56d91a36cdd7fe3a51030aa9e8b", "size": 2843, "tags": [11, 30, 32, 59], "zip_id": "mra_alternatives"}, "_Arcade/_alternatives/_Gauntlet II/Gauntlet II (2 Players, rev 1).mra": {"hash": "0956a3ffa644da36fea2c9fd559bcec3", "size": 2843, "tags": [11, 30, 32, 59], "zip_id": "mra_alternatives"}, "_Arcade/_alternatives/_Gauntlet II/Gauntlet II (2 Players, rev 2).mra": {"hash": "e06ca63d72af01a1ac6aa695b11ae1fa", "size": 2841, "tags": [11, 30, 32, 59], "zip_id": "mra_alternatives"}, "_Arcade/_alternatives/_Gauntlet II/Gauntlet II (German).mra": {"hash": "3062bf9e35cb136de63121feed9e05e8", "size": 2830, "tags": [11, 30, 32, 59], "zip_id": "mra_alternatives"}, "_Arcade/_alternatives/_Gauntlet/Gauntlet (2 Players, German, rev 1).mra": {"hash": "bba151d1050e44a0e9f801a5c10d04cd", "size": 2369, "tags": [11, 30, 32, 59], "zip_id": "mra_alternatives"}, "_Arcade/_alternatives/_Gauntlet/Gauntlet (2 Players, German, rev 4).mra": {"hash": "5914534b6a67f37e304ac0c6cf5eba14", "size": 2368, "tags": [11, 30, 32, 59], "zip_id": "mra_alternatives"}, "_Arcade/_alternatives/_Gauntlet/Gauntlet (2 Players, Japanese, rev 2).mra": {"hash": "54371fdc437da15f693d1042462d2d4c", "size": 2368, "tags": [11, 30, 32, 59], "zip_id": "mra_alternatives"}, "_Arcade/_alternatives/_Gauntlet/Gauntlet (2 Players, Japanese, rev 5).mra": {"hash": "1af4555d3bc006da07f1ddd3eea778d8", "size": 2366, "tags": [11, 30, 32, 59], "zip_id": "mra_alternatives"}, "_Arcade/_alternatives/_Gauntlet/Gauntlet (2 Players, rev 3).mra": {"hash": "064d5fa5969afcd4225c586a3e880270", "size": 2363, "tags": [11, 30, 32, 59], "zip_id": "mra_alternatives"}, "_Arcade/_alternatives/_Gauntlet/Gauntlet (2 Players, rev 6).mra": {"hash": "6809ffb3619d3167ec82ab0ed6b2f978", "size": 2359, "tags": [11, 30, 32, 59], "zip_id": "mra_alternatives"}, "_Arcade/_alternatives/_Gauntlet/Gauntlet (DE, Rev 8).mra": {"hash": "78a9c24107786029ed4a24c5a3c66447", "size": 2356, "tags": [11, 30, 32, 59], "zip_id": "mra_alternatives"}, "_Arcade/_alternatives/_Gauntlet/Gauntlet (German, rev 10).mra": {"hash": "4e367bfc6305b53334f0975106df694c", "size": 2358, "tags": [11, 30, 32, 59], "zip_id": "mra_alternatives"}, "_Arcade/_alternatives/_Gauntlet/Gauntlet (German, rev 3).mra": {"hash": "cbc2d8f6461c56b53fda675095c25f7f", "size": 2356, "tags": [11, 30, 32, 59], "zip_id": "mra_alternatives"}, "_Arcade/_alternatives/_Gauntlet/Gauntlet (German, rev 6).mra": {"hash": "5588810a7be5ee2ec7a5e8f666376168", "size": 2356, "tags": [11, 30, 32, 59], "zip_id": "mra_alternatives"}, "_Arcade/_alternatives/_Gauntlet/Gauntlet (German, rev 8).mra": {"hash": "d6110708bc6666e233d58a9c5045472d", "size": 1933, "tags": [11, 30, 32, 59], "zip_id": "mra_alternatives"}, "_Arcade/_alternatives/_Gauntlet/Gauntlet (Japanese, rev 12).mra": {"hash": "fff87b6e82999de16fd13c3731db4ab3", "size": 2361, "tags": [11, 30, 32, 59], "zip_id": "mra_alternatives"}, "_Arcade/_alternatives/_Gauntlet/Gauntlet (Japanese, rev 13).mra": {"hash": "ab237e4d8e4158a2fb78c97935cf9b61", "size": 2356, "tags": [11, 30, 32, 59], "zip_id": "mra_alternatives"}, "_Arcade/_alternatives/_Gauntlet/Gauntlet (Spanish, rev 15).mra": {"hash": "dd3ea67e9e880f79a1247c535d975509", "size": 2356, "tags": [11, 30, 32, 59], "zip_id": "mra_alternatives"}, "_Arcade/_alternatives/_Gauntlet/Gauntlet (rev 1).mra": {"hash": "9422422a884285a0e06a699fb011e36c", "size": 2348, "tags": [11, 30, 32, 59], "zip_id": "mra_alternatives"}, "_Arcade/_alternatives/_Gauntlet/Gauntlet (rev 2).mra": {"hash": "c3d47fa48958aa0214258d864e99720e", "size": 2348, "tags": [11, 30, 32, 59], "zip_id": "mra_alternatives"}, "_Arcade/_alternatives/_Gauntlet/Gauntlet (rev 4).mra": {"hash": "8607165dfddc84f8f8d283a63f98202e", "size": 2348, "tags": [11, 30, 32, 59], "zip_id": "mra_alternatives"}, "_Arcade/_alternatives/_Gauntlet/Gauntlet (rev 5).mra": {"hash": "e86f4a540baac7091308d719e470f85d", "size": 2348, "tags": [11, 30, 32, 59], "zip_id": "mra_alternatives"}, "_Arcade/_alternatives/_Gauntlet/Gauntlet (rev 7).mra": {"hash": "ccd05e3b2d7b4513a8a2b126e52bf370", "size": 2348, "tags": [11, 30, 32, 59], "zip_id": "mra_alternatives"}, "_Arcade/_alternatives/_Gauntlet/Gauntlet (rev 9).mra": {"hash": "d59d750a98e639674ab8b321c9b3f1a6", "size": 2348, "tags": [11, 30, 32, 59], "zip_id": "mra_alternatives"}, "_Arcade/_alternatives/_Green Beret/Rush'n Attack (US).mra": {"hash": "e3cafd1511d41541258e3b7748393f43", "size": 1734, "tags": [11, 30, 32, 60], "zip_id": "mra_alternatives"}, "_Arcade/_alternatives/_Gyruss/Gyruss (Centuri).mra": {"hash": "b8346f79784985c05688a1843e0ecc54", "size": 2855, "tags": [11, 30, 32, 61], "zip_id": "mra_alternatives"}, "_Arcade/_alternatives/_Gyruss/Gyruss [bl].mra": {"hash": "acbc920a6f6e9b78d9c3f3e78a8d728a", "size": 2776, "tags": [11, 30, 32, 61], "zip_id": "mra_alternatives"}, "_Arcade/_alternatives/_Gyruss/Venus (Gyruss) [bl].mra": {"hash": "97f1534281bca638a76e88373eabb390", "size": 2799, "tags": [11, 30, 32, 61], "zip_id": "mra_alternatives"}, "_Arcade/_alternatives/_Iron Horse/Dai Ressya Goutou (JP, Ver. K).mra": {"hash": "28c44ba40ed9345a06e94b2ec47eef3f", "size": 2888, "tags": [11, 30, 32, 62], "zip_id": "mra_alternatives"}, "_Arcade/_alternatives/_Iron Horse/Iron Horse (Ver. H) [bl].mra": {"hash": "869d22edfb16f411d13422d1af7dd64e", "size": 2889, "tags": [11, 30, 32, 62], "zip_id": "mra_alternatives"}, "_Arcade/_alternatives/_Iron Horse/Iron Horse (Ver. H).mra": {"hash": "11a35890e3ffbfb5843d5de0b9d0ff2e", "size": 2887, "tags": [11, 30, 32, 62], "zip_id": "mra_alternatives"}, "_Arcade/_alternatives/_Joust/Joust (Solid Red label).mra": {"hash": "2ca8a420a000cae3ace1d2d5aa52ea42", "size": 4085, "tags": [11, 30, 32, 41], "zip_id": "mra_alternatives"}, "_Arcade/_alternatives/_Joust/Joust (White-Red label).mra": {"hash": "e5a890c7fc7117266921e1e22aae9148", "size": 4087, "tags": [11, 30, 32, 41], "zip_id": "mra_alternatives"}, "_Arcade/_alternatives/_Jump Shot/Jump Shot Engineering Sample.mra": {"hash": "8a3bdb1473fa168008aef1ea9fc61c40", "size": 2224, "tags": [11, 30, 31, 32], "zip_id": "mra_alternatives"}, "_Arcade/_alternatives/_Kick/Kick (cocktail).mra": {"hash": "2db76a63d880738b04a85c01b5126e1b", "size": 1859, "tags": [11, 30, 32, 63], "zip_id": "mra_alternatives"}, "_Arcade/_alternatives/_Kick/Kick-Man.mra": {"hash": "a8f830b26dd70e829c6829b9770768f2", "size": 2089, "tags": [11, 30, 32, 63], "zip_id": "mra_alternatives"}, "_Arcade/_alternatives/_Kid Niki - Radical Ninja/Kaiketsu Yanchamaru (Japan).mra": {"hash": "d97c16d7b3f31fe164b6026dc2ddefa4", "size": 5416, "tags": [11, 30, 32, 64], "zip_id": "mra_alternatives"}, "_Arcade/_alternatives/_Kid Niki - Radical Ninja/Kid Niki - Radical Ninja (US).mra": {"hash": "764b09a414465477722cb482e5a23708", "size": 5273, "tags": [11, 30, 32, 64], "zip_id": "mra_alternatives"}, "_Arcade/_alternatives/_Kung-Fu Master/Kung-Fu Master (bootleg set 1).mra": {"hash": "f28575ef5864b1b7711a9123f47d1362", "size": 6047, "tags": [11, 30, 32, 64], "zip_id": "mra_alternatives"}, "_Arcade/_alternatives/_Kung-Fu Master/Kung-Fu Master (bootleg set 2).mra": {"hash": "b24cbb57521e530dadab9812ab2fb462", "size": 5962, "tags": [11, 30, 32, 64], "zip_id": "mra_alternatives"}, "_Arcade/_alternatives/_Kung-Fu Master/Spartan X (Japan).mra": {"hash": "aeece951011df60125fdc2b1915593d3", "size": 6061, "tags": [11, 30, 32, 64], "zip_id": "mra_alternatives"}, "_Arcade/_alternatives/_Lady Bug/Coccinelle (bootleg of Lady Bug, set 2).mra": {"hash": "577684e8ab7d3cec781e62684b5a0a9a", "size": 1408, "tags": [11, 30, 32, 65], "zip_id": "mra_alternatives"}, "_Arcade/_alternatives/_Lady Bug/Lady Bug (bootleg set 1).mra": {"hash": "16235f9558235b7d36cdeee1959491da", "size": 1394, "tags": [11, 30, 32, 65], "zip_id": "mra_alternatives"}, "_Arcade/_alternatives/_Lode Runner 3/Lode Runner III - Majin no Fukkatsu (Japan).mra": {"hash": "69cace92a37f3e79f0793017ba4fe00b", "size": 4022, "tags": [11, 30, 32, 64], "zip_id": "mra_alternatives"}, "_Arcade/_alternatives/_Lode Runner/Lode Runner (set 2).mra": {"hash": "53ea903b2af2440b51071e63f13e4a7e", "size": 6332, "tags": [11, 30, 32, 64], "zip_id": "mra_alternatives"}, "_Arcade/_alternatives/_Lost Tomb/Lost Tomb (hard).mra": {"hash": "b2341a51842e89282732eed5c4cd696e", "size": 1988, "tags": [11, 30, 32, 33], "zip_id": "mra_alternatives"}, "_Arcade/_alternatives/_Lunar Lander/Lunar Lander (rev 1).mra": {"hash": "ae93baee29f11aa631f3f54da80982e5", "size": 1413, "tags": [11, 30, 32, 66], "zip_id": "mra_alternatives"}, "_Arcade/_alternatives/_Mappy/Crackhead - HBMame.mra": {"hash": "4ba86b8cae67ce2877ef218e37ff53a4", "size": 2056, "tags": [11, 30, 32, 36, 48], "zip_id": "mra_alternatives"}, "_Arcade/_alternatives/_Mappy/House Party - HBMame.mra": {"hash": "87819ab833f21360a8041ebb71062909", "size": 2094, "tags": [11, 30, 32, 36, 48], "zip_id": "mra_alternatives"}, "_Arcade/_alternatives/_Mappy/Mappy (Japan).mra": {"hash": "6e0fd4dd6be53fe4167d30e7aeb8e273", "size": 2013, "tags": [11, 30, 32, 48], "zip_id": "mra_alternatives"}, "_Arcade/_alternatives/_Mappy/Marpy - HBMame.mra": {"hash": "79c69c588300c8d75981534c7b2b6220", "size": 2029, "tags": [11, 30, 32, 36, 48], "zip_id": "mra_alternatives"}, "_Arcade/_alternatives/_Mayday/Mayday (set 2).mra": {"hash": "007f6012e42cdeebfcf14bf9cc912afd", "size": 3831, "tags": [11, 30, 32, 45], "zip_id": "mra_alternatives"}, "_Arcade/_alternatives/_Mayday/Mayday (set 3).mra": {"hash": "4a7344f055d05ddae7c7326629b21ca9", "size": 3844, "tags": [11, 30, 32, 45], "zip_id": "mra_alternatives"}, "_Arcade/_alternatives/_Moon Patrol/Moon Patrol (Williams).mra": {"hash": "c0f6cd0318a138187c754b2d92c7a224", "size": 1647, "tags": [11, 30, 32, 67], "zip_id": "mra_alternatives"}, "_Arcade/_alternatives/_Moon Patrol/Moon Ranger (bootleg of Moon Patrol).mra": {"hash": "5abed1dec7bd80d9e3c1b86939c3aa3f", "size": 1604, "tags": [11, 30, 32, 67], "zip_id": "mra_alternatives"}, "_Arcade/_alternatives/_Moon Patrol/Sponge Patrol - HBMame.mra": {"hash": "05cbb775d3f6b16e2352ebf9b0a15120", "size": 1651, "tags": [11, 30, 32, 36, 67], "zip_id": "mra_alternatives"}, "_Arcade/_alternatives/_Moon War/Moonwar (older).mra": {"hash": "bdcd3585cf12f4e20af10efe601b11ea", "size": 2289, "tags": [11, 30, 32, 33], "zip_id": "mra_alternatives"}, "_Arcade/_alternatives/_Ms.Pacman/Ms. Pac Attack.mra": {"hash": "cb11a19d076feaa5250f6f8f53e75868", "size": 2164, "tags": [11, 30, 31, 32], "zip_id": "mra_alternatives"}, "_Arcade/_alternatives/_Ms.Pacman/Ms. Pac-Man (bootleg on Crush Roller Hardware).mra": {"hash": "cc177d1bf22516c8e52419ad035a5e8d", "size": 2187, "tags": [11, 30, 31, 32], "zip_id": "mra_alternatives"}, "_Arcade/_alternatives/_Ms.Pacman/Ms. Pac-Man (speedup hack).mra": {"hash": "74df4e368b5f2d7b6fec472296a91604", "size": 2161, "tags": [11, 30, 31, 32], "zip_id": "mra_alternatives"}, "_Arcade/_alternatives/_Pacman Plus/Pac Man 4000 Plus - HBMame.mra": {"hash": "ba0f21a754dc74a8484b99259b78e16f", "size": 1598, "tags": [11, 30, 31, 32, 36], "zip_id": "mra_alternatives"}, "_Arcade/_alternatives/_Pacman Plus/Pac Man 5000 Plus - HBMame.mra": {"hash": "f7133147af4c1bb47398e6373489455f", "size": 1622, "tags": [11, 30, 31, 32, 36], "zip_id": "mra_alternatives"}, "_Arcade/_alternatives/_Pacman Plus/Pac Man 6000 - HBMame.mra": {"hash": "67552b3dcbac7e78f541bc1d3ee172f0", "size": 1588, "tags": [11, 30, 31, 32, 36], "zip_id": "mra_alternatives"}, "_Arcade/_alternatives/_Pacman Plus/Pac Man 7000 - HBMame.mra": {"hash": "043c00bad83032bf67cd3c7200652ec9", "size": 1588, "tags": [11, 30, 31, 32, 36], "zip_id": "mra_alternatives"}, "_Arcade/_alternatives/_Pacman Plus/Pac Man 7000 Plus - HBMame.mra": {"hash": "7ce04d0f1c267d7691e5ccd242afbab0", "size": 1598, "tags": [11, 30, 31, 32, 36], "zip_id": "mra_alternatives"}, "_Arcade/_alternatives/_Pacman Plus/Pac Man Babies 4000 - HBMame.mra": {"hash": "6bab7af2e7d18cdbc79420b851eb86ba", "size": 1613, "tags": [11, 30, 31, 32, 36], "zip_id": "mra_alternatives"}, "_Arcade/_alternatives/_Pacman Plus/Pac Man Babies 8000 - HBMame.mra": {"hash": "2b061b375977cf3feb8ff7a4ffdca93f", "size": 1633, "tags": [11, 30, 31, 32, 36], "zip_id": "mra_alternatives"}, "_Arcade/_alternatives/_Pacman Plus/Pac Man Babies Plus - HBMame.mra": {"hash": "c1107098c0e605f1d8a6050b30f8114a", "size": 1613, "tags": [11, 30, 31, 32, 36], "zip_id": "mra_alternatives"}, "_Arcade/_alternatives/_Pacman Plus/Pac Man Blue Plus - HBMame.mra": {"hash": "20bf139ea74050f758b6bc589da7d4e9", "size": 1598, "tags": [11, 30, 31, 32, 36], "zip_id": "mra_alternatives"}, "_Arcade/_alternatives/_Pacman Plus/Pac Man Deluxe - HBMame.mra": {"hash": "edcf2bb682e82af283d710872b540dcd", "size": 1600, "tags": [11, 30, 31, 32, 36], "zip_id": "mra_alternatives"}, "_Arcade/_alternatives/_Pacman Plus/Pac Man Extra - HBMame.mra": {"hash": "3855dcb6ce6d6756a9e37d02758f713c", "size": 1598, "tags": [11, 30, 31, 32, 36], "zip_id": "mra_alternatives"}, "_Arcade/_alternatives/_Pacman Plus/Pac Man Extra Plus - HBMame.mra": {"hash": "ebdec32948dc9ab364f4cb8eb042a976", "size": 1608, "tags": [11, 30, 31, 32, 36], "zip_id": "mra_alternatives"}, "_Arcade/_alternatives/_Pacman Plus/Pac Man Fever - HBMame.mra": {"hash": "85f64fa5ae7645f3c8d9d8cfb0cff1cd", "size": 1598, "tags": [11, 30, 31, 32, 36], "zip_id": "mra_alternatives"}, "_Arcade/_alternatives/_Pacman Plus/Pac Man Green Plus - HBMame.mra": {"hash": "ea9a0ca427d9c28b5b9b73393fc9cf97", "size": 1623, "tags": [11, 30, 31, 32, 36], "zip_id": "mra_alternatives"}, "_Arcade/_alternatives/_Pacman Plus/Pacman Plus - HBMame.mra": {"hash": "3d3e5ff9865e71d4ef2d487f44f2b970", "size": 1628, "tags": [11, 30, 31, 32, 36], "zip_id": "mra_alternatives"}, "_Arcade/_alternatives/_Pacman Plus/Pacman Plus After Dark - HBMame.mra": {"hash": "11c9c677075d7c7f6d79c9f69e55e26e", "size": 1629, "tags": [11, 30, 31, 32, 36], "zip_id": "mra_alternatives"}, "_Arcade/_alternatives/_Pacman Plus/Vector Pacman Plus - HBMame.mra": {"hash": "3e261b8e11931c6377b0c435e56fb468", "size": 1634, "tags": [11, 30, 31, 32, 36], "zip_id": "mra_alternatives"}, "_Arcade/_alternatives/_Pacman/Abortman - HBMame.mra": {"hash": "bfe2b5159b89174bb8d4cc455caf6f9b", "size": 2260, "tags": [11, 30, 31, 32, 36], "zip_id": "mra_alternatives"}, "_Arcade/_alternatives/_Pacman/Baby Pacman 2 (Alt) - HBMame.mra": {"hash": "f227ff626a27a86e2b9ee753d406f8c1", "size": 2208, "tags": [11, 30, 31, 32, 36], "zip_id": "mra_alternatives"}, "_Arcade/_alternatives/_Pacman/Baby Pacman 3 (Alt) - HBMame.mra": {"hash": "c2be4871a14992a5f988189504add893", "size": 2208, "tags": [11, 30, 31, 32, 36], "zip_id": "mra_alternatives"}, "_Arcade/_alternatives/_Pacman/Brakman - HBMame.mra": {"hash": "4f0f9ef7912c8891072ba68c3f216ffc", "size": 2226, "tags": [11, 30, 31, 32, 36], "zip_id": "mra_alternatives"}, "_Arcade/_alternatives/_Pacman/Caterpillar - HBMame.mra": {"hash": "13215d6a3ac83d2a3e9808c32ebc4559", "size": 2262, "tags": [11, 30, 31, 32, 36], "zip_id": "mra_alternatives"}, "_Arcade/_alternatives/_Pacman/Crazy Pac - HBMame.mra": {"hash": "e28cdf3dc17ff39e59de499289c480a8", "size": 2230, "tags": [11, 30, 31, 32, 36], "zip_id": "mra_alternatives"}, "_Arcade/_alternatives/_Pacman/Dizzy Ghost - A Reversal of Roles - HBMame.mra": {"hash": "d1d7606ae889f374eaff3bfa790abc50", "size": 2216, "tags": [11, 30, 31, 32, 36], "zip_id": "mra_alternatives"}, "_Arcade/_alternatives/_Pacman/Elton Pac - HBMame.mra": {"hash": "03e155f081b28ed32b6e70d89c4e80eb", "size": 2240, "tags": [11, 30, 31, 32, 36], "zip_id": "mra_alternatives"}, "_Arcade/_alternatives/_Pacman/Euro Pac - HBMame.mra": {"hash": "f3c59a225596635ce8770fc3094f31ec", "size": 2234, "tags": [11, 30, 31, 32, 36], "zip_id": "mra_alternatives"}, "_Arcade/_alternatives/_Pacman/Hangly Man 1000 - HBMame.mra": {"hash": "420cabaf6dd3f2bcbcca406896b2ff87", "size": 2235, "tags": [11, 30, 31, 32, 36], "zip_id": "mra_alternatives"}, "_Arcade/_alternatives/_Pacman/Hangly Man 2000 - HBMame.mra": {"hash": "43d7bf9ae4e938eda08138cc5c287744", "size": 2235, "tags": [11, 30, 31, 32, 36], "zip_id": "mra_alternatives"}, "_Arcade/_alternatives/_Pacman/Hangly Man Babies 5000 - HBMame.mra": {"hash": "bf693878e79acae43caa5c16e0f1281f", "size": 2260, "tags": [11, 30, 31, 32, 36], "zip_id": "mra_alternatives"}, "_Arcade/_alternatives/_Pacman/Hangly Man Babies 7000 - HBMame.mra": {"hash": "4311759620f3319c55eccf996dab91ea", "size": 2280, "tags": [11, 30, 31, 32, 36], "zip_id": "mra_alternatives"}, "_Arcade/_alternatives/_Pacman/Hangly Man BabiesMaze - HBMame.mra": {"hash": "296cb99ac2b1cad750675241520cfc71", "size": 2258, "tags": [11, 30, 31, 32, 36], "zip_id": "mra_alternatives"}, "_Arcade/_alternatives/_Pacman/Hangly Man Blue Plus - HBMame.mra": {"hash": "1a53fd24910e294afbcbd04610358f1c", "size": 2247, "tags": [11, 30, 31, 32, 36], "zip_id": "mra_alternatives"}, "_Arcade/_alternatives/_Pacman/Hangly Man Green Plus - HBMame.mra": {"hash": "6ae7da12b91004af5c6dee77eabdec05", "size": 2270, "tags": [11, 30, 31, 32, 36], "zip_id": "mra_alternatives"}, "_Arcade/_alternatives/_Pacman/Hangly Man Plus - HBMame.mra": {"hash": "2339b61ea59a60bfaee2defc6382cd54", "size": 2256, "tags": [11, 30, 31, 32, 36], "zip_id": "mra_alternatives"}, "_Arcade/_alternatives/_Pacman/Hangly Man [f] - HBMame.mra": {"hash": "281926d89032d99a24275cd2adf9ead0", "size": 1866, "tags": [11, 30, 31, 32, 36], "zip_id": "mra_alternatives"}, "_Arcade/_alternatives/_Pacman/Hangly-Man (Popeye) - HBMame.mra": {"hash": "6ce6c80222daa63fd7e9e5894ace721f", "size": 2243, "tags": [11, 30, 31, 32, 36], "zip_id": "mra_alternatives"}, "_Arcade/_alternatives/_Pacman/Hangly-Man (set 1) After Dark - HBMame.mra": {"hash": "339fabac1191a8484ca0fd740ce246ca", "size": 2258, "tags": [11, 30, 31, 32, 36], "zip_id": "mra_alternatives"}, "_Arcade/_alternatives/_Pacman/Hangly-Man (set 1).mra": {"hash": "3a534b26fe0773a2a61ca278fff4b9d8", "size": 2138, "tags": [11, 30, 31, 32], "zip_id": "mra_alternatives"}, "_Arcade/_alternatives/_Pacman/Jacman - HBMame.mra": {"hash": "218a8a46054c5a95d27346331cd456f3", "size": 2208, "tags": [11, 30, 31, 32, 36], "zip_id": "mra_alternatives"}, "_Arcade/_alternatives/_Pacman/Mario Pacman - HBMame.mra": {"hash": "cbe2051411caa32b27f5ea1667198bb2", "size": 2217, "tags": [11, 30, 31, 32, 36], "zip_id": "mra_alternatives"}, "_Arcade/_alternatives/_Pacman/Maze Man - HBMame.mra": {"hash": "ddaae81d6ab2a40cc83ce1f97df5eaa9", "size": 2240, "tags": [11, 30, 31, 32, 36], "zip_id": "mra_alternatives"}, "_Arcade/_alternatives/_Pacman/Mini Pacman - HBMame.mra": {"hash": "7299ba074c183ae32e02ff2913ad1891", "size": 2229, "tags": [11, 30, 31, 32, 36], "zip_id": "mra_alternatives"}, "_Arcade/_alternatives/_Pacman/Mini Pacman 2 - HBMame.mra": {"hash": "6a25296851724e14b5bc18e8207540ed", "size": 2238, "tags": [11, 30, 31, 32, 36], "zip_id": "mra_alternatives"}, "_Arcade/_alternatives/_Pacman/New Puc2 (Set 2) - HBMame.mra": {"hash": "5f3f1eb272f19f0c3ac0b15759cf706a", "size": 1883, "tags": [11, 30, 31, 32, 36], "zip_id": "mra_alternatives"}, "_Arcade/_alternatives/_Pacman/New Puck-2 - HBMame.mra": {"hash": "7de01ac97418b020d71b55deefc50ecc", "size": 2251, "tags": [11, 30, 31, 32, 36], "zip_id": "mra_alternatives"}, "_Arcade/_alternatives/_Pacman/New Puck-3 - HBMame.mra": {"hash": "2e306e31dc09d0922792f6a9c2e61b38", "size": 2269, "tags": [11, 30, 31, 32, 36], "zip_id": "mra_alternatives"}, "_Arcade/_alternatives/_Pacman/New Puck-X [c] - HBMame.mra": {"hash": "c0da9aaf8a329747549730410a2aad3a", "size": 1877, "tags": [11, 30, 31, 32, 36], "zip_id": "mra_alternatives"}, "_Arcade/_alternatives/_Pacman/New Puck-X [f] - HBMame.mra": {"hash": "aa28de899d962cb530583a8399ce4034", "size": 1881, "tags": [11, 30, 31, 32, 36], "zip_id": "mra_alternatives"}, "_Arcade/_alternatives/_Pacman/New Puck-X.mra": {"hash": "efa0b4434632638c87603d0bf6ad052b", "size": 2147, "tags": [11, 30, 31, 32], "zip_id": "mra_alternatives"}, "_Arcade/_alternatives/_Pacman/New Puck2 [c] - HBMame.mra": {"hash": "76f78669f0e957218ec5d87b39d37c5b", "size": 1916, "tags": [11, 30, 31, 32, 36], "zip_id": "mra_alternatives"}, "_Arcade/_alternatives/_Pacman/New Puck2 [f] - HBMame.mra": {"hash": "c54728d1d06db2eef5bdf50865a30c36", "size": 1919, "tags": [11, 30, 31, 32, 36], "zip_id": "mra_alternatives"}, "_Arcade/_alternatives/_Pacman/Pac 2600 (Older) - HBMame.mra": {"hash": "77fcd40be5e1c9230f125e1ce61a9a40", "size": 2246, "tags": [11, 30, 31, 32, 36], "zip_id": "mra_alternatives"}, "_Arcade/_alternatives/_Pacman/Pac 2600 - HBMame.mra": {"hash": "cd8927f011ba600b790831b8176f3189", "size": 2244, "tags": [11, 30, 31, 32, 36], "zip_id": "mra_alternatives"}, "_Arcade/_alternatives/_Pacman/Pac Man 1000 - HBMame.mra": {"hash": "4e004fddbc56b115c5abda3908713138", "size": 2223, "tags": [11, 30, 31, 32, 36], "zip_id": "mra_alternatives"}, "_Arcade/_alternatives/_Pacman/Pac Man 2000 - HBMame.mra": {"hash": "c6d931419860a094934eeffa12baa52f", "size": 2223, "tags": [11, 30, 31, 32, 36], "zip_id": "mra_alternatives"}, "_Arcade/_alternatives/_Pacman/Pac Man 3000 - HBMame.mra": {"hash": "8f4ccba3c52437b46b94d4df7514a93f", "size": 2223, "tags": [11, 30, 31, 32, 36], "zip_id": "mra_alternatives"}, "_Arcade/_alternatives/_Pacman/Pac Man Babies 2000 - HBMame.mra": {"hash": "4bdfdc88e2dafacef7b5669f7a04281f", "size": 2276, "tags": [11, 30, 31, 32, 36], "zip_id": "mra_alternatives"}, "_Arcade/_alternatives/_Pacman/Pac Man Babies 3000 - HBMame.mra": {"hash": "04ec9a89a5a3c2831c28d97b79730b1d", "size": 2256, "tags": [11, 30, 31, 32, 36], "zip_id": "mra_alternatives"}, "_Arcade/_alternatives/_Pacman/Pac Man Babies 6000 - HBMame.mra": {"hash": "81c28d7ce7c9a7dd9ecefee07248781b", "size": 2276, "tags": [11, 30, 31, 32, 36], "zip_id": "mra_alternatives"}, "_Arcade/_alternatives/_Pacman/Pac Man Babies Maze - HBMame.mra": {"hash": "6b7cf527a5a76089b24d6b6a78de71e1", "size": 2244, "tags": [11, 30, 31, 32, 36], "zip_id": "mra_alternatives"}, "_Arcade/_alternatives/_Pacman/Pac Snoop v1.3 [f] - HBMame.mra": {"hash": "260bd14a33c15f65cfc7eb6ccd01a138", "size": 1898, "tags": [11, 30, 31, 32, 36], "zip_id": "mra_alternatives"}, "_Arcade/_alternatives/_Pacman/Pac-Man (Midway).mra": {"hash": "37767cbd6e93ac4e79e0f4dcc6abe340", "size": 1453, "tags": [11, 30, 31, 32], "zip_id": "mra_alternatives"}, "_Arcade/_alternatives/_Pacman/Pac-Man (Midway, harder).mra": {"hash": "0cb43d246be35b31a71cc45e47561d15", "size": 2194, "tags": [11, 30, 31, 32], "zip_id": "mra_alternatives"}, "_Arcade/_alternatives/_Pacman/Pac-Man (Midway, speedup hack).mra": {"hash": "0066b52a83b3c4621818acef9f49a77e", "size": 2192, "tags": [11, 30, 31, 32], "zip_id": "mra_alternatives"}, "_Arcade/_alternatives/_Pacman/Pac-man (Popeye) [c] - HBMame.mra": {"hash": "87da8594db30677089a55fa3df1b3b3f", "size": 1895, "tags": [11, 30, 31, 32, 36], "zip_id": "mra_alternatives"}, "_Arcade/_alternatives/_Pacman/Packetman - HBMame.mra": {"hash": "444b884ec6d35737e3877f89f18f8b87", "size": 2282, "tags": [11, 30, 31, 32, 36], "zip_id": "mra_alternatives"}, "_Arcade/_alternatives/_Pacman/Pacman (Baby Maze 1) - HBMame.mra": {"hash": "b011c81e6117553c538652f8d86b6f1f", "size": 2264, "tags": [11, 30, 31, 32, 36], "zip_id": "mra_alternatives"}, "_Arcade/_alternatives/_Pacman/Pacman (Baby Maze 2) - HBMame.mra": {"hash": "f406eb7aebe0681daec1de878b031f5b", "size": 2269, "tags": [11, 30, 31, 32, 36], "zip_id": "mra_alternatives"}, "_Arcade/_alternatives/_Pacman/Pacman (Baby Maze 3) - HBMame.mra": {"hash": "f48f43b117471ac7768b21d16865f755", "size": 2269, "tags": [11, 30, 31, 32, 36], "zip_id": "mra_alternatives"}, "_Arcade/_alternatives/_Pacman/Pacman (Baby Maze 4) - HBMame.mra": {"hash": "b446c6ca742e3a294d4c2cee953cfeb0", "size": 2246, "tags": [11, 30, 31, 32, 36], "zip_id": "mra_alternatives"}, "_Arcade/_alternatives/_Pacman/Pacman (Bell) - HBMame.mra": {"hash": "29884fc6a4c42a62110f2688b5ffc64e", "size": 2263, "tags": [11, 30, 31, 32, 36], "zip_id": "mra_alternatives"}, "_Arcade/_alternatives/_Pacman/Pacman (Crunchy) - HBMame.mra": {"hash": "bb0a084652c3f448edbed5bc118863f9", "size": 2271, "tags": [11, 30, 31, 32, 36], "zip_id": "mra_alternatives"}, "_Arcade/_alternatives/_Pacman/Pacman (Electric Cowboy) - HBMame.mra": {"hash": "5061e4ed55c556c695f02bd6d7296610", "size": 2274, "tags": [11, 30, 31, 32, 36], "zip_id": "mra_alternatives"}, "_Arcade/_alternatives/_Pacman/Pacman (Fixes 255th Maze) - HBMame.mra": {"hash": "8808b5c9f5199ff67084ccef9b8257ac", "size": 2269, "tags": [11, 30, 31, 32, 36], "zip_id": "mra_alternatives"}, "_Arcade/_alternatives/_Pacman/Pacman (Hearts) - HBMame.mra": {"hash": "776525e4a9f16cf607f9ccaf70050e97", "size": 2254, "tags": [11, 30, 31, 32, 36], "zip_id": "mra_alternatives"}, "_Arcade/_alternatives/_Pacman/Pacman (Jail) - HBMame.mra": {"hash": "ab88bc791cdb8a1f3e3a2bd707daf7c7", "size": 2263, "tags": [11, 30, 31, 32, 36], "zip_id": "mra_alternatives"}, "_Arcade/_alternatives/_Pacman/Pacman (Ms. Pacman Attack 1) - HBMame.mra": {"hash": "a428b2379207f887dc72b2bd618bc1a1", "size": 2273, "tags": [11, 30, 31, 32, 36], "zip_id": "mra_alternatives"}, "_Arcade/_alternatives/_Pacman/Pacman (Ms. Pacman Attack 2) - HBMame.mra": {"hash": "d4f2d2278eb04c2fb47a37561040fc2d", "size": 2273, "tags": [11, 30, 31, 32, 36], "zip_id": "mra_alternatives"}, "_Arcade/_alternatives/_Pacman/Pacman (Ms. Pacman Attack 3) - HBMame.mra": {"hash": "7dc70e7ccb8585fc9bb003d19d9ed197", "size": 2273, "tags": [11, 30, 31, 32, 36], "zip_id": "mra_alternatives"}, "_Arcade/_alternatives/_Pacman/Pacman (Ms. Pacman Attack 4) - HBMame.mra": {"hash": "5d87d9d6ca46ab3cb79c467f395790f4", "size": 2273, "tags": [11, 30, 31, 32, 36], "zip_id": "mra_alternatives"}, "_Arcade/_alternatives/_Pacman/Pacman (Ms. Pacman Maze 1) - HBMame.mra": {"hash": "15b83fb7be9dec22755619f15d6cca3a", "size": 2266, "tags": [11, 30, 31, 32, 36], "zip_id": "mra_alternatives"}, "_Arcade/_alternatives/_Pacman/Pacman (Ms. Pacman Maze 2) - HBMame.mra": {"hash": "27ba2d645dffae4f821fa9bce346142d", "size": 2266, "tags": [11, 30, 31, 32, 36], "zip_id": "mra_alternatives"}, "_Arcade/_alternatives/_Pacman/Pacman (Ms. Pacman Maze 3) - HBMame.mra": {"hash": "7dd0d9cb612a294cae4e8022294a5247", "size": 2266, "tags": [11, 30, 31, 32, 36], "zip_id": "mra_alternatives"}, "_Arcade/_alternatives/_Pacman/Pacman (Ms. Pacman Maze 4) - HBMame.mra": {"hash": "ae9db03c9848ae5875e49a778f85cdc3", "size": 2266, "tags": [11, 30, 31, 32, 36], "zip_id": "mra_alternatives"}, "_Arcade/_alternatives/_Pacman/Pacman (Namco) (Sil hack) [c] - HBMame.mra": {"hash": "1a9998c47c000b3790f24705249aefa6", "size": 1929, "tags": [11, 30, 31, 32, 36], "zip_id": "mra_alternatives"}, "_Arcade/_alternatives/_Pacman/Pacman (Original Inviso) - HBMame.mra": {"hash": "988e1b359ea96bdbfca581b90676895c", "size": 2279, "tags": [11, 30, 31, 32, 36], "zip_id": "mra_alternatives"}, "_Arcade/_alternatives/_Pacman/Pacman (Patched) - HBMame.mra": {"hash": "0a68849e8ab38be5cf721f8337583f97", "size": 2262, "tags": [11, 30, 31, 32, 36], "zip_id": "mra_alternatives"}, "_Arcade/_alternatives/_Pacman/Pacman (Popeye) - HBMame.mra": {"hash": "b42738a66668e466a359edbdadbed6ae", "size": 2262, "tags": [11, 30, 31, 32, 36], "zip_id": "mra_alternatives"}, "_Arcade/_alternatives/_Pacman/Pacman (Popeye) [f] - HBMame.mra": {"hash": "dcadfd4ccdb088318f0234671f18c83c", "size": 1899, "tags": [11, 30, 31, 32, 36], "zip_id": "mra_alternatives"}, "_Arcade/_alternatives/_Pacman/Pacman (Shuffle) - HBMame.mra": {"hash": "689e3a63662cb9e10b901441985f889f", "size": 2266, "tags": [11, 30, 31, 32, 36], "zip_id": "mra_alternatives"}, "_Arcade/_alternatives/_Pacman/Pacman (Speedy) - HBMame.mra": {"hash": "da22af11a28716060c20c90d0212bffb", "size": 2270, "tags": [11, 30, 31, 32, 36], "zip_id": "mra_alternatives"}, "_Arcade/_alternatives/_Pacman/Pacman (Weird Fruit) - HBMame.mra": {"hash": "77efb64074e3fbc28f31bf2ca420e3e6", "size": 2246, "tags": [11, 30, 31, 32, 36], "zip_id": "mra_alternatives"}, "_Arcade/_alternatives/_Pacman/Pacman 3D - HBMame.mra": {"hash": "2775e6fa337eb74784f3e3134d6fcbc5", "size": 2287, "tags": [11, 30, 31, 32, 36], "zip_id": "mra_alternatives"}, "_Arcade/_alternatives/_Pacman/Pacman 3D [c] - HBMame.mra": {"hash": "ca2748efe52a7a474d573b2428c029e8", "size": 1918, "tags": [11, 30, 31, 32, 36], "zip_id": "mra_alternatives"}, "_Arcade/_alternatives/_Pacman/Pacman After Dark (Alternate) - HBMame.mra": {"hash": "ae3e9df51ceca1e458f90fb103140382", "size": 2263, "tags": [11, 30, 31, 32, 36], "zip_id": "mra_alternatives"}, "_Arcade/_alternatives/_Pacman/Pacman After Dark - HBMame.mra": {"hash": "01906e7936a79cf881ff00df4aa8fda7", "size": 2227, "tags": [11, 30, 31, 32, 36], "zip_id": "mra_alternatives"}, "_Arcade/_alternatives/_Pacman/Pacman After Dark 2000 - HBMame.mra": {"hash": "149e3cb55f9ec412c21965e6f7a50bcb", "size": 2258, "tags": [11, 30, 31, 32, 36], "zip_id": "mra_alternatives"}, "_Arcade/_alternatives/_Pacman/Pacman Jr. (Maze 1) - HBMame.mra": {"hash": "2270f98d783c6cc584baa4eafce1b03e", "size": 2270, "tags": [11, 30, 31, 32, 36], "zip_id": "mra_alternatives"}, "_Arcade/_alternatives/_Pacman/Pacman Jr. (Maze 2) - HBMame.mra": {"hash": "bac323b5ed9f5c2cdade4243e8fb0f96", "size": 2270, "tags": [11, 30, 31, 32, 36], "zip_id": "mra_alternatives"}, "_Arcade/_alternatives/_Pacman/Pacman Jr. (Maze 3) - HBMame.mra": {"hash": "22590d7359b9a7e9478c68d7816c7be0", "size": 2270, "tags": [11, 30, 31, 32, 36], "zip_id": "mra_alternatives"}, "_Arcade/_alternatives/_Pacman/Pacman Jr. (Maze 4) - HBMame.mra": {"hash": "731dad5502a8235b6621aa71c67a157f", "size": 2270, "tags": [11, 30, 31, 32, 36], "zip_id": "mra_alternatives"}, "_Arcade/_alternatives/_Pacman/Pacman [c] - HBMame.mra": {"hash": "d94bc81278c72998d82ac48351a3f947", "size": 1881, "tags": [11, 30, 31, 32, 36], "zip_id": "mra_alternatives"}, "_Arcade/_alternatives/_Pacman/Pacman with Pacman font - HBMame.mra": {"hash": "b3829ee4d70e472d153894d07109b926", "size": 2260, "tags": [11, 30, 31, 32, 36], "zip_id": "mra_alternatives"}, "_Arcade/_alternatives/_Pacman/Pengo Man - HBMame.mra": {"hash": "e1afc38b481147e77ecde28f8000b2db", "size": 2228, "tags": [11, 30, 31, 32, 36], "zip_id": "mra_alternatives"}, "_Arcade/_alternatives/_Pacman/Puck Man (Japan set 2).mra": {"hash": "11c51dc5567029d62989a76e16acc381", "size": 2162, "tags": [11, 30, 31, 32], "zip_id": "mra_alternatives"}, "_Arcade/_alternatives/_Pacman/Puckman (Fixes 255th Maze) - HBMame.mra": {"hash": "f3568ec6ae6ff35047b0518dc4e52459", "size": 2259, "tags": [11, 30, 31, 32, 36], "zip_id": "mra_alternatives"}, "_Arcade/_alternatives/_Pacman/Puckman Opposite - HBMame.mra": {"hash": "467be0e71229657ab6f7a37d32e33be1", "size": 2277, "tags": [11, 30, 31, 32, 36], "zip_id": "mra_alternatives"}, "_Arcade/_alternatives/_Pacman/Puckmotik (alt) - HBMame.mra": {"hash": "5d7dfe372d6d15fefdfe2df5a88af2cd", "size": 2273, "tags": [11, 30, 31, 32, 36], "zip_id": "mra_alternatives"}, "_Arcade/_alternatives/_Pacman/Puckmotik - HBMame.mra": {"hash": "6a6bc6bbf901b71fa56e2b0bc78fe150", "size": 2269, "tags": [11, 30, 31, 32, 36], "zip_id": "mra_alternatives"}, "_Arcade/_alternatives/_Pacman/Robo Man - HBMame.mra": {"hash": "c0a3935fec3e290a5bcc3231e3f890a5", "size": 2226, "tags": [11, 30, 31, 32, 36], "zip_id": "mra_alternatives"}, "_Arcade/_alternatives/_Pacman/Snowy Day Pacman - HBMame.mra": {"hash": "56f14f1001e67f8ab23b746954106dc7", "size": 2235, "tags": [11, 30, 31, 32, 36], "zip_id": "mra_alternatives"}, "_Arcade/_alternatives/_Pacman/Summertime Elton (old) - HBMame.mra": {"hash": "dc734e01da2c505605e7d7fa555e079d", "size": 2246, "tags": [11, 30, 31, 32, 36], "zip_id": "mra_alternatives"}, "_Arcade/_alternatives/_Pacman/Summertime Elton - HBMame.mra": {"hash": "a79015725fe953dab16970c622ba0032", "size": 2243, "tags": [11, 30, 31, 32, 36], "zip_id": "mra_alternatives"}, "_Arcade/_alternatives/_Pacman/Ultra Pacman - HBMame.mra": {"hash": "c14b3e45a9b9bc8791e39e4c4c7d88c3", "size": 2224, "tags": [11, 30, 31, 32, 36], "zip_id": "mra_alternatives"}, "_Arcade/_alternatives/_Pacman/Vector Hangly-Man - HBMame.mra": {"hash": "b6d7f99adc2502ad16d2355106669263", "size": 2259, "tags": [11, 30, 31, 32, 36], "zip_id": "mra_alternatives"}, "_Arcade/_alternatives/_Pacman/Vector Pacman (Baby Maze 1) - HBMame.mra": {"hash": "58862e342b1c9a062a1a8b1ffa343c28", "size": 2279, "tags": [11, 30, 31, 32, 36], "zip_id": "mra_alternatives"}, "_Arcade/_alternatives/_Pacman/Vector Pacman (Baby Maze 2) - HBMame.mra": {"hash": "7cf3ea747bb528c792991396186ab678", "size": 2284, "tags": [11, 30, 31, 32, 36], "zip_id": "mra_alternatives"}, "_Arcade/_alternatives/_Pacman/Vector Pacman (Baby Maze 3) - HBMame.mra": {"hash": "13a390ad8d3953943ca954358301db32", "size": 2284, "tags": [11, 30, 31, 32, 36], "zip_id": "mra_alternatives"}, "_Arcade/_alternatives/_Pacman/Vector Pacman (Bell) - HBMame.mra": {"hash": "1c93e2b37dc67c72fcf0d9b37ecae0d9", "size": 2279, "tags": [11, 30, 31, 32, 36], "zip_id": "mra_alternatives"}, "_Arcade/_alternatives/_Pacman/Vector Pacman (Crunchy) - HBMame.mra": {"hash": "6c2fe78849f703cf98a57190aaf1a2e2", "size": 2286, "tags": [11, 30, 31, 32, 36], "zip_id": "mra_alternatives"}, "_Arcade/_alternatives/_Pacman/Vector Pacman (Electric Cowboy) - HBMame.mra": {"hash": "522e6e8861e78f9692d60f5683aafeb8", "size": 2290, "tags": [11, 30, 31, 32, 36], "zip_id": "mra_alternatives"}, "_Arcade/_alternatives/_Pacman/Vector Pacman (Jail) - HBMame.mra": {"hash": "146c53223245d01a3e8ee63277623626", "size": 2279, "tags": [11, 30, 31, 32, 36], "zip_id": "mra_alternatives"}, "_Arcade/_alternatives/_Pacman/Vector Pacman (Ms. Pacman Attack 1) - HBMame.mra": {"hash": "f57761d282bf821e70026531173df939", "size": 2289, "tags": [11, 30, 31, 32, 36], "zip_id": "mra_alternatives"}, "_Arcade/_alternatives/_Pacman/Vector Pacman (Ms. Pacman Attack 2) - HBMame.mra": {"hash": "f7e5d29e2271b4a2d3243416ceb7fd0f", "size": 2289, "tags": [11, 30, 31, 32, 36], "zip_id": "mra_alternatives"}, "_Arcade/_alternatives/_Pacman/Vector Pacman (Ms. Pacman Attack 3) - HBMame.mra": {"hash": "163b28cd803ce4acf454a7ed7000aafa", "size": 2289, "tags": [11, 30, 31, 32, 36], "zip_id": "mra_alternatives"}, "_Arcade/_alternatives/_Pacman/Vector Pacman (Ms. Pacman Attack 4) - HBMame.mra": {"hash": "6ea46d50c289ab7c3b2b023f677ef98e", "size": 2289, "tags": [11, 30, 31, 32, 36], "zip_id": "mra_alternatives"}, "_Arcade/_alternatives/_Pacman/Vector Pacman (Ms. Pacman Maze 1) - HBMame.mra": {"hash": "acf697ab5ec810eadbc110d61e7304ac", "size": 2282, "tags": [11, 30, 31, 32, 36], "zip_id": "mra_alternatives"}, "_Arcade/_alternatives/_Pacman/Vector Pacman (Ms. Pacman Maze 2) - HBMame.mra": {"hash": "7dd1e3bd8183969859329c90dde662fb", "size": 2282, "tags": [11, 30, 31, 32, 36], "zip_id": "mra_alternatives"}, "_Arcade/_alternatives/_Pacman/Vector Pacman (Ms. Pacman Maze 3) - HBMame.mra": {"hash": "e29dad3010cdc85b1cd840d04cc653f0", "size": 2282, "tags": [11, 30, 31, 32, 36], "zip_id": "mra_alternatives"}, "_Arcade/_alternatives/_Pacman/Vector Pacman (Ms. Pacman Maze 4) - HBMame.mra": {"hash": "7548a2a2c50638cfe568045d3087d46d", "size": 2282, "tags": [11, 30, 31, 32, 36], "zip_id": "mra_alternatives"}, "_Arcade/_alternatives/_Pacman/Vector Pacman (Shuffle) - HBMame.mra": {"hash": "00aad22f6eb1b8175f369381154c02e3", "size": 2282, "tags": [11, 30, 31, 32, 36], "zip_id": "mra_alternatives"}, "_Arcade/_alternatives/_Pacman/Vector Pacman (Speedy) - HBMame.mra": {"hash": "0ee2e277b070ec6355bddc4f1d0d0c4c", "size": 2284, "tags": [11, 30, 31, 32, 36], "zip_id": "mra_alternatives"}, "_Arcade/_alternatives/_Pacman/Vector Pacman - HBMame.mra": {"hash": "727c5a5e9d98fb679c3cb65320ce841b", "size": 2263, "tags": [11, 30, 31, 32, 36], "zip_id": "mra_alternatives"}, "_Arcade/_alternatives/_Pacman/Vector Xens Revenge - HBMame.mra": {"hash": "cf3ce3fc9f330fba28f2798282bbfe42", "size": 2269, "tags": [11, 30, 31, 32, 36], "zip_id": "mra_alternatives"}, "_Arcade/_alternatives/_Pacman/Xens Revenge - HBMame.mra": {"hash": "277aedf56759cc6f50236cebe8d9b3c3", "size": 2224, "tags": [11, 30, 31, 32, 36], "zip_id": "mra_alternatives"}, "_Arcade/_alternatives/_Pacman/Xens Revenge After Dark - HBMame.mra": {"hash": "995668a64b89403ba61d5e6b228d6e29", "size": 2232, "tags": [11, 30, 31, 32, 36], "zip_id": "mra_alternatives"}, "_Arcade/_alternatives/_Pengo/Pengo (Vector sim) - HBMame.mra": {"hash": "222917b2214d4239c409748cbe8774c5", "size": 1680, "tags": [11, 30, 32, 36, 68], "zip_id": "mra_alternatives"}, "_Arcade/_alternatives/_Pengo/Pengo (set 2).mra": {"hash": "655bb945eea701c0198a1186f193fefe", "size": 1635, "tags": [11, 30, 32, 68], "zip_id": "mra_alternatives"}, "_Arcade/_alternatives/_Pengo/Pengo (set 4).mra": {"hash": "ba8a70a7a6b9deb85dd44bafdcc9bcd8", "size": 1651, "tags": [11, 30, 32, 68], "zip_id": "mra_alternatives"}, "_Arcade/_alternatives/_Pengo/Pengo (set 5).mra": {"hash": "7aabfe02fa8a591616a1a0dc7887e900", "size": 1690, "tags": [11, 30, 32, 68], "zip_id": "mra_alternatives"}, "_Arcade/_alternatives/_Phoenix/Ave Fenix (Electrogame, Spanish bootleg of Phoenix).mra": {"hash": "04fa79103b464a72b4575b15a45f5b47", "size": 1679, "tags": [11, 30, 32, 69], "zip_id": "mra_alternatives"}, "_Arcade/_alternatives/_Phoenix/Ave Fenix (Laguna, Spanish bootleg of Phoenix).mra": {"hash": "96a43dae95e7d1a16cb107c1bca24935", "size": 1633, "tags": [11, 30, 32, 69], "zip_id": "mra_alternatives"}, "_Arcade/_alternatives/_Phoenix/Ave Fenix (Recreativos Franco, Spanish bootleg of Phoenix).mra": {"hash": "b30ed3684e6b8c62ec8fad1ab805a1c2", "size": 1687, "tags": [11, 30, 32, 69], "zip_id": "mra_alternatives"}, "_Arcade/_alternatives/_Phoenix/Falcon (bootleg of Phoenix) (8085A CPU).mra": {"hash": "39302f81890f91b58b45e22200664347", "size": 1601, "tags": [11, 30, 32, 69], "zip_id": "mra_alternatives"}, "_Arcade/_alternatives/_Phoenix/Fenix (Niemer bootleg of Phoenix).mra": {"hash": "3bec103c1a77252f1129a5491d17ca04", "size": 1581, "tags": [11, 30, 32, 69], "zip_id": "mra_alternatives"}, "_Arcade/_alternatives/_Phoenix/Next Fase (bootleg of Phoenix).mra": {"hash": "b582481183383af335d333751400808a", "size": 1595, "tags": [11, 30, 32, 69], "zip_id": "mra_alternatives"}, "_Arcade/_alternatives/_Phoenix/Phoenix (Amstar, set 2).mra": {"hash": "4428ed61e5e44946d976883317dd226f", "size": 1628, "tags": [11, 30, 32, 69], "zip_id": "mra_alternatives"}, "_Arcade/_alternatives/_Phoenix/Phoenix (Assa, Spanish bootleg).mra": {"hash": "8b691a3952b669b96e4312ac716788f9", "size": 1597, "tags": [11, 30, 32, 69], "zip_id": "mra_alternatives"}, "_Arcade/_alternatives/_Phoenix/Phoenix (Centuri, set 1).mra": {"hash": "cf09620be23f2cc9ec9f5f1fc0515217", "size": 1607, "tags": [11, 30, 32, 69], "zip_id": "mra_alternatives"}, "_Arcade/_alternatives/_Phoenix/Phoenix (Centuri, set 2).mra": {"hash": "b2815a38719e98f4ca22106038a0af3c", "size": 1610, "tags": [11, 30, 32, 69], "zip_id": "mra_alternatives"}, "_Arcade/_alternatives/_Phoenix/Phoenix (D and L bootleg).mra": {"hash": "edb55bb04cf0b63f32de20dfb5293028", "size": 1583, "tags": [11, 30, 32, 69], "zip_id": "mra_alternatives"}, "_Arcade/_alternatives/_Phoenix/Phoenix (G. Universal Video bootleg).mra": {"hash": "28592f960df864cd1c43f9a7e5225ea1", "size": 1618, "tags": [11, 30, 32, 69], "zip_id": "mra_alternatives"}, "_Arcade/_alternatives/_Phoenix/Phoenix (Greek) - HBMame.mra": {"hash": "cf9c1e650b4d3be0ed4ad7d90a0a4d67", "size": 1657, "tags": [11, 30, 32, 36, 69], "zip_id": "mra_alternatives"}, "_Arcade/_alternatives/_Phoenix/Phoenix (Hellomat Automaten bootleg).mra": {"hash": "697bd8afdaa02f63b9c29b6214cabcda", "size": 1552, "tags": [11, 30, 32, 69], "zip_id": "mra_alternatives"}, "_Arcade/_alternatives/_Phoenix/Phoenix (Irecsa - G.G.I Corp, set 1).mra": {"hash": "d5b783b56e14a20b3e85e849b9ae8c3f", "size": 1628, "tags": [11, 30, 32, 69], "zip_id": "mra_alternatives"}, "_Arcade/_alternatives/_Phoenix/Phoenix (Irecsa - G.G.I Corp, set 2).mra": {"hash": "05b45bcf7df8552f229bfdddfc0bfc40", "size": 1626, "tags": [11, 30, 32, 69], "zip_id": "mra_alternatives"}, "_Arcade/_alternatives/_Phoenix/Phoenix (Irecsa - G.G.I Corp, set 3).mra": {"hash": "1882b5eb6983b5bc68008caa83b35eba", "size": 1623, "tags": [11, 30, 32, 69], "zip_id": "mra_alternatives"}, "_Arcade/_alternatives/_Phoenix/Phoenix (Irecsa - G.G.I Corp, set 4).mra": {"hash": "f584d7dfd8faf0bc9e8733c625bf9a4e", "size": 1632, "tags": [11, 30, 32, 69], "zip_id": "mra_alternatives"}, "_Arcade/_alternatives/_Phoenix/Phoenix (Sonic, Spanish bootleg).mra": {"hash": "0d2cd936f0953de75153ae320326527d", "size": 1609, "tags": [11, 30, 32, 69], "zip_id": "mra_alternatives"}, "_Arcade/_alternatives/_Phoenix/Phoenix (T.P.N. bootleg).mra": {"hash": "b4908f863b06e20870e0c14b12ebfb1a", "size": 1608, "tags": [11, 30, 32, 69], "zip_id": "mra_alternatives"}, "_Arcade/_alternatives/_Phoenix/Phoenix (Taito Japan).mra": {"hash": "6004c2b800369422c47244615304ba47", "size": 1577, "tags": [11, 30, 32, 69], "zip_id": "mra_alternatives"}, "_Arcade/_alternatives/_Phoenix/Phoenix (Taito).mra": {"hash": "7a84beacc4c8dbf68397d45481c52060", "size": 1597, "tags": [11, 30, 32, 69], "zip_id": "mra_alternatives"}, "_Arcade/_alternatives/_Phoenix/PhoenixR (GDR hack) - HBMame.mra": {"hash": "c06f35d2f8396c6c8a3514e97e2efae4", "size": 1688, "tags": [11, 30, 32, 36, 69], "zip_id": "mra_alternatives"}, "_Arcade/_alternatives/_Phoenix/Vautour (bootleg of Phoenix) (8085A CPU).mra": {"hash": "c463ad032ba073c557b5a5c425de5e21", "size": 1622, "tags": [11, 30, 32, 69], "zip_id": "mra_alternatives"}, "_Arcade/_alternatives/_Phoenix/Vautour (bootleg of Phoenix) (Z80 CPU, single PROM).mra": {"hash": "a3c297a81a0ba6e5ea3975bdcb8e30c3", "size": 1566, "tags": [11, 30, 32, 69], "zip_id": "mra_alternatives"}, "_Arcade/_alternatives/_Pickin/Pickin' (Color Hack) - HBMame.mra": {"hash": "fb3ebc20811016d9dfcbf7b649c9c77a", "size": 1909, "tags": [11, 30, 32, 36, 38], "zip_id": "mra_alternatives"}, "_Arcade/_alternatives/_Pisces/Omni.mra": {"hash": "76b96a42c7eaf1ae3d829c83a124e96d", "size": 1763, "tags": [11, 30, 32, 57], "zip_id": "mra_alternatives"}, "_Arcade/_alternatives/_Pisces/Pisces (bootleg).mra": {"hash": "9df16899bedeb13f5f596d946d943400", "size": 1947, "tags": [11, 30, 32, 57], "zip_id": "mra_alternatives"}, "_Arcade/_alternatives/_Pisces/Starfighter II - HBMame.mra": {"hash": "fa1e9e88760b051dd5db3d6b1ff7147d", "size": 2011, "tags": [11, 30, 32, 36, 57], "zip_id": "mra_alternatives"}, "_Arcade/_alternatives/_Pitfall II/Pitfall II (Unencrypted, Cheat) HBMame.mra": {"hash": "2e3f4d97ecacd9c0fd4b8840da732c29", "size": 2945, "tags": [11, 30, 32, 70], "zip_id": "mra_alternatives"}, "_Arcade/_alternatives/_Pleiads/Capitol.mra": {"hash": "81d57ad4466ad96f4d82c935544e556c", "size": 1667, "tags": [11, 30, 32, 71], "zip_id": "mra_alternatives"}, "_Arcade/_alternatives/_Pleiads/Pleiads (Centuri).mra": {"hash": "310b7779885001aa64d1d352d5629a23", "size": 1650, "tags": [11, 30, 32, 71], "zip_id": "mra_alternatives"}, "_Arcade/_alternatives/_Pleiads/Pleiads (Irecsa).mra": {"hash": "36051366a719175c1c591923a1fbadc3", "size": 1747, "tags": [11, 30, 32, 71], "zip_id": "mra_alternatives"}, "_Arcade/_alternatives/_Pleiads/Pleiads (Niemer S.A.).mra": {"hash": "798a68bb605905f3a33f0942dac8900d", "size": 1700, "tags": [11, 30, 32, 71], "zip_id": "mra_alternatives"}, "_Arcade/_alternatives/_Pleiads/Pleiads (Spanish bootleg).mra": {"hash": "59f7d0c09bc26512f7f2c5ad80997fe1", "size": 1683, "tags": [11, 30, 32, 71], "zip_id": "mra_alternatives"}, "_Arcade/_alternatives/_Pleiads/Pleiads (bootleg set 1).mra": {"hash": "dd0cf60cfe2cb880af88fdeb855e4d09", "size": 1683, "tags": [11, 30, 32, 71], "zip_id": "mra_alternatives"}, "_Arcade/_alternatives/_Pleiads/Pleiads (bootleg set 2).mra": {"hash": "7e4ecea0402943b1b04a7884b6e17233", "size": 1681, "tags": [11, 30, 32, 71], "zip_id": "mra_alternatives"}, "_Arcade/_alternatives/_Ponpoko/Candory (Ponpoko bootleg with Mario).mra": {"hash": "8bc62ad11b28e671b94b4dd07782d444", "size": 2202, "tags": [11, 30, 31, 32], "zip_id": "mra_alternatives"}, "_Arcade/_alternatives/_Ponpoko/Ponpoko (Venture Line).mra": {"hash": "5d5d03e850e0b1ce3b579b9aa6f4e343", "size": 2236, "tags": [11, 30, 31, 32], "zip_id": "mra_alternatives"}, "_Arcade/_alternatives/_Pooyan/Pootan.mra": {"hash": "1e7f555c7bf5da18c55b4c195da5609e", "size": 1477, "tags": [11, 30, 32, 72], "zip_id": "mra_alternatives"}, "_Arcade/_alternatives/_Pooyan/Pooyan (Stern Electronics).mra": {"hash": "f5903872c8cc7aa42b398e83545553e2", "size": 1486, "tags": [11, 30, 32, 72], "zip_id": "mra_alternatives"}, "_Arcade/_alternatives/_Pooyan/Pooyan Tester - HBMame.mra": {"hash": "69f71f48d3ff44c8cf1edd29ee07d599", "size": 1459, "tags": [11, 30, 32, 36, 72], "zip_id": "mra_alternatives"}, "_Arcade/_alternatives/_Radar Scope/Radar Scope (rev. C).mra": {"hash": "1aca9639ab0a3de6aacdef7749637104", "size": 2768, "tags": [11, 30, 32, 52], "zip_id": "mra_alternatives"}, "_Arcade/_alternatives/_RallyX/New Rally X (bootleg).mra": {"hash": "0b94c9acb172a2c73d2a8c79e71f6093", "size": 35431, "tags": [11, 30, 32, 73], "zip_id": "mra_alternatives"}, "_Arcade/_alternatives/_RallyX/Rally X (Midway).mra": {"hash": "1eef5841b758dc9f15fdfafb10d7ec0f", "size": 35414, "tags": [11, 30, 32, 73], "zip_id": "mra_alternatives"}, "_Arcade/_alternatives/_Rampage/Rampage (Rev 2, 8-4-86).mra": {"hash": "73b6f0fac55604ef905f79786cdc8bf7", "size": 2163, "tags": [11, 30, 32, 74], "zip_id": "mra_alternatives"}, "_Arcade/_alternatives/_Rescue/Apocaljpse Now (bootleg of Rescue).mra": {"hash": "cc83b9d1d155047f7a03d94f7df13c36", "size": 2246, "tags": [11, 30, 32, 33], "zip_id": "mra_alternatives"}, "_Arcade/_alternatives/_Robotron/Robotron 2084 (1987 'shot-in-the-corner' bugfix).mra": {"hash": "52ab419b401af628e57d19373ee0e1d5", "size": 4241, "tags": [11, 30, 32, 41], "zip_id": "mra_alternatives"}, "_Arcade/_alternatives/_Robotron/Robotron 2084 (2012 'wave 201 start' hack).mra": {"hash": "4f7253abeef1e5d4638f351962d8dd55", "size": 4236, "tags": [11, 30, 32, 41], "zip_id": "mra_alternatives"}, "_Arcade/_alternatives/_Robotron/Robotron 2084 (2015 'tie-die V2' hack).mra": {"hash": "bce9928ebfca4bf0d9bc9fdf694190b9", "size": 4224, "tags": [11, 30, 32, 41], "zip_id": "mra_alternatives"}, "_Arcade/_alternatives/_Robotron/Robotron 2084 (Hacked Patched Blue-201) - HBMame.mra": {"hash": "14f2518ace60d3c83562d6aad85075cf", "size": 4267, "tags": [11, 30, 32, 36, 41], "zip_id": "mra_alternatives"}, "_Arcade/_alternatives/_Robotron/Robotron 2084 (Patched) - HBMame.mra": {"hash": "55cadd0a6b2b2039fcc13c19f7cf744d", "size": 4242, "tags": [11, 30, 32, 36, 41], "zip_id": "mra_alternatives"}, "_Arcade/_alternatives/_Robotron/Robotron 2084 (Tie Die) - HBMame.mra": {"hash": "d76ed5bfce352792258185cfbfdce632", "size": 4296, "tags": [11, 30, 32, 36, 41], "zip_id": "mra_alternatives"}, "_Arcade/_alternatives/_Robotron/Robotron 2084 (Yellow-Orange label).mra": {"hash": "09a599afab07bcdf96a2b63301b48d50", "size": 4237, "tags": [11, 30, 32, 41], "zip_id": "mra_alternatives"}, "_Arcade/_alternatives/_Sarge/Sarge Exposed - HBMame.mra": {"hash": "89941c0fd0166ba61c6ad7b98fa5ae95", "size": 1962, "tags": [11, 30, 32, 36, 74], "zip_id": "mra_alternatives"}, "_Arcade/_alternatives/_Satan's Hollow/Satan's Hollow (set 2).mra": {"hash": "40085675c90eb06eda89e2ff5fe5573a", "size": 2094, "tags": [11, 30, 32, 75], "zip_id": "mra_alternatives"}, "_Arcade/_alternatives/_Scramble/Impacto (Billport S.A., Spanish bootleg of Scramble).mra": {"hash": "6f65c17dcf89848a9891e8570dd946a1", "size": 2494, "tags": [11, 30, 32, 33], "zip_id": "mra_alternatives"}, "_Arcade/_alternatives/_Scramble/Kamikaze (Euromatic S.A., Spanish bootleg of Scramble).mra": {"hash": "6e44f451fb71ff21c94bbc8fd681f8f3", "size": 2401, "tags": [11, 30, 32, 33], "zip_id": "mra_alternatives"}, "_Arcade/_alternatives/_Scramble/Offender - HBMame.mra": {"hash": "65d739c29895f3069318ad1cf0e1c93f", "size": 2471, "tags": [11, 30, 32, 33, 36], "zip_id": "mra_alternatives"}, "_Arcade/_alternatives/_Scramble/Offensive (Spanish bootleg of Scramble).mra": {"hash": "f3896213af342db91932e032fd904c3a", "size": 2523, "tags": [11, 30, 32, 33], "zip_id": "mra_alternatives"}, "_Arcade/_alternatives/_Scramble/Scramble (Centromatic S.A., Spanish bootleg).mra": {"hash": "6fc0e500ed0b421cd7f7775b12917887", "size": 2406, "tags": [11, 30, 32, 33], "zip_id": "mra_alternatives"}, "_Arcade/_alternatives/_Scramble/Scramble (Karateco, French bootleg).mra": {"hash": "309a07b3ce2ebbd23f37f57c8ac96090", "size": 2432, "tags": [11, 30, 32, 33], "zip_id": "mra_alternatives"}, "_Arcade/_alternatives/_Scramble/Scramble (Petaco S.A., Spanish bootleg).mra": {"hash": "a8d6e29ecea7a670207e9a6665099cb1", "size": 2543, "tags": [11, 30, 32, 33], "zip_id": "mra_alternatives"}, "_Arcade/_alternatives/_Scramble/Scramble (bootleg).mra": {"hash": "fa65dd50dffeca9ec09b7049411dd3dd", "size": 2301, "tags": [11, 30, 32, 33], "zip_id": "mra_alternatives"}, "_Arcade/_alternatives/_Scramble/Superdog - HBMame.mra": {"hash": "0f8ce3a558929602f087dffb9b7c5397", "size": 2472, "tags": [11, 30, 32, 33, 36], "zip_id": "mra_alternatives"}, "_Arcade/_alternatives/_Sinistar/Sinistar (prototype version).mra": {"hash": "26c5765a0abe0bd7e2d524595d109e2b", "size": 4119, "tags": [11, 30, 32, 41], "zip_id": "mra_alternatives"}, "_Arcade/_alternatives/_Sinistar/Sinistar (revision 2).mra": {"hash": "e977a8d21e90ee77e12e44d0f4ed4483", "size": 4124, "tags": [11, 30, 32, 41], "zip_id": "mra_alternatives"}, "_Arcade/_alternatives/_Solomons Key/Solomon no Kagi (Japan).mra": {"hash": "3f88396c5ae0b12d4c67a02e6372dc07", "size": 1758, "tags": [11, 30, 32, 76], "zip_id": "mra_alternatives"}, "_Arcade/_alternatives/_Solomons Key/Solomon no Kagi (Translation Chinese) - HBMame.mra": {"hash": "07e140b2ed9bddc757846f0d07470d43", "size": 1930, "tags": [11, 30, 32, 36, 76], "zip_id": "mra_alternatives"}, "_Arcade/_alternatives/_Space Invaders/Space Invaders Part II (Midway, Cocktail).mra": {"hash": "7ee83c162ddf4b1cb0ae9ec6b5801161", "size": 5995, "tags": [11, 30, 32, 77], "zip_id": "mra_alternatives"}, "_Arcade/_alternatives/_Spelunker/Spelunker (Japan).mra": {"hash": "f9a36f4859417b00a39cac73d032fbdd", "size": 4530, "tags": [11, 30, 32, 64], "zip_id": "mra_alternatives"}, "_Arcade/_alternatives/_Sprint 2/Sprint 2 (set 2).mra": {"hash": "39d214f8ab8c52c1ff7dc70d46db8054", "size": 1499, "tags": [11, 30, 32, 78], "zip_id": "mra_alternatives"}, "_Arcade/_alternatives/_Spy Hunter/Spy Hunter (Playtronic license).mra": {"hash": "6c536f77fe8dc52595d2d90d11f134dd", "size": 3244, "tags": [11, 30, 32, 79], "zip_id": "mra_alternatives"}, "_Arcade/_alternatives/_Star Jacker/Star Jacker (Alt).mra": {"hash": "f50851b2b09a78290c8a48a04974acc7", "size": 3316, "tags": [11, 30, 32, 70], "zip_id": "mra_alternatives"}, "_Arcade/_alternatives/_Strategy X/Strategy X (Stern Electronics).mra": {"hash": "8a2337e783038129de5220005396959f", "size": 1984, "tags": [11, 30, 32, 33], "zip_id": "mra_alternatives"}, "_Arcade/_alternatives/_Strategy X/Strong X.mra": {"hash": "96bdbb753f20da952bebbd076c2e0542", "size": 1958, "tags": [11, 30, 32, 33], "zip_id": "mra_alternatives"}, "_Arcade/_alternatives/_Super Bagman/Super Bagman (Stern Electronics).mra": {"hash": "d51a8f616614bfcc9430017ce95b6ecd", "size": 2748, "tags": [11, 30, 32, 38], "zip_id": "mra_alternatives"}, "_Arcade/_alternatives/_Super Bagman/Super Bagman (version 3).mra": {"hash": "21fe01ed850e2a454c04b3407b899f56", "size": 2666, "tags": [11, 30, 32, 38], "zip_id": "mra_alternatives"}, "_Arcade/_alternatives/_Super Breakout/Super Breakout (Cocktail, prototype).mra": {"hash": "2c22922589b47605da99bcd5cb0d2aab", "size": 1444, "tags": [11, 30, 32, 80], "zip_id": "mra_alternatives"}, "_Arcade/_alternatives/_Super Cobra/Super Cobra (Sega).mra": {"hash": "5f0f6a15b1814ce72e84b11aecd99e36", "size": 2169, "tags": [11, 30, 32, 33], "zip_id": "mra_alternatives"}, "_Arcade/_alternatives/_Super Cobra/Super Cobra (Stern Electronics).mra": {"hash": "759123a6daeb1f2ad13390c8ae085a34", "size": 2185, "tags": [11, 30, 32, 33], "zip_id": "mra_alternatives"}, "_Arcade/_alternatives/_Super Cobra/Super Cobra (bootleg, set 2).mra": {"hash": "1b9b7ab73bab30745c52ed40282d5356", "size": 2124, "tags": [11, 30, 32, 33], "zip_id": "mra_alternatives"}, "_Arcade/_alternatives/_Super Cobra/Super Cobra (bootleg, set 3).mra": {"hash": "d0cd95cca4d05c782860b3ee07c1d419", "size": 2117, "tags": [11, 30, 32, 33], "zip_id": "mra_alternatives"}, "_Arcade/_alternatives/_Super Cobra/Super Heli (Super Cobra bootleg).mra": {"hash": "eda76472a4b586c3cba3032f17320660", "size": 2130, "tags": [11, 30, 32, 33], "zip_id": "mra_alternatives"}, "_Arcade/_alternatives/_Tapper/Tapper (Budweiser, 1-27-84 - Alternate graphics).mra": {"hash": "acc990489dfee4482ab6596ae4636872", "size": 2479, "tags": [11, 30, 32, 50], "zip_id": "mra_alternatives"}, "_Arcade/_alternatives/_Tapper/Tapper (Budweiser, 12-9-83).mra": {"hash": "8d6fc1358cc02a41e9d5985b56d6ae75", "size": 2637, "tags": [11, 30, 32, 50], "zip_id": "mra_alternatives"}, "_Arcade/_alternatives/_Tapper/Tapper (Budweiser, Date Unknown).mra": {"hash": "7bbfc5c6b69bb4d530fcd2e8d9f1fce0", "size": 2597, "tags": [11, 30, 32, 50], "zip_id": "mra_alternatives"}, "_Arcade/_alternatives/_Tapper/Tapper (Root Beer).mra": {"hash": "e22564b7ad0f4c836f5a1d8c42fe9c7f", "size": 2217, "tags": [11, 30, 32, 50], "zip_id": "mra_alternatives"}, "_Arcade/_alternatives/_Tapper/Tapper (Simpsons Hack ver.81) - HBMame.mra": {"hash": "f9ebcb181099bc94a1e989bcc649dd77", "size": 2458, "tags": [11, 30, 32, 36, 50], "zip_id": "mra_alternatives"}, "_Arcade/_alternatives/_Tapper/Tapper (Simpsons Hack) - HBMame.mra": {"hash": "93489553e441298e11733ce51f20fc59", "size": 2446, "tags": [11, 30, 32, 36, 50], "zip_id": "mra_alternatives"}, "_Arcade/_alternatives/_Tapper/Tapper (Suntory).mra": {"hash": "c195a0eca2e9743ce1f77afa93fa928a", "size": 2233, "tags": [11, 30, 32, 50], "zip_id": "mra_alternatives"}, "_Arcade/_alternatives/_Tetris/Tetris (bootleg set 1).mra": {"hash": "658303e9b9d53f2aff25c453cf9740ce", "size": 1238, "tags": [11, 30, 32, 81], "zip_id": "mra_alternatives"}, "_Arcade/_alternatives/_Tetris/Tetris (cocktail set 1).mra": {"hash": "c84ea5bad43d1f7af187c432f3fb6da7", "size": 1256, "tags": [11, 30, 32, 81], "zip_id": "mra_alternatives"}, "_Arcade/_alternatives/_Tetris/Tetris (cocktail set 2).mra": {"hash": "588f0234567e35a7a7e817f5e4889adc", "size": 1261, "tags": [11, 30, 32, 81], "zip_id": "mra_alternatives"}, "_Arcade/_alternatives/_Tetris/Tetris (set 2).mra": {"hash": "6ec39ad4ea65e3ea7cf51091dea2b2e0", "size": 1236, "tags": [11, 30, 32, 81], "zip_id": "mra_alternatives"}, "_Arcade/_alternatives/_The End/The End (Stern Electronics).mra": {"hash": "9e66e52981dfed6e41a4c2c3ed57707a", "size": 2701, "tags": [11, 30, 32, 33], "zip_id": "mra_alternatives"}, "_Arcade/_alternatives/_The Tower of Druaga/The Tower of Druaga (Old Ver.).mra": {"hash": "ca330eb63fa163e1aae7b13a0319d98a", "size": 1798, "tags": [11, 30, 32, 48], "zip_id": "mra_alternatives"}, "_Arcade/_alternatives/_The Tower of Druaga/The Tower of Druaga (Sidam).mra": {"hash": "409874657784b738db5c7c7b7edf0f9e", "size": 1793, "tags": [11, 30, 32, 48], "zip_id": "mra_alternatives"}, "_Arcade/_alternatives/_Time Pilot '84/Time Pilot '84 (Set 2).mra": {"hash": "4b0019adb4e015e57e96f9c0c4294d8e", "size": 2760, "tags": [11, 30, 32, 82], "zip_id": "mra_alternatives"}, "_Arcade/_alternatives/_Time Pilot '84/Time Pilot '84 (Set 3).mra": {"hash": "a8d71399e80af5f42781ee5104697f64", "size": 2507, "tags": [11, 30, 32, 82], "zip_id": "mra_alternatives"}, "_Arcade/_alternatives/_Time Pilot/Space Pilot.mra": {"hash": "1054363ef5f7438b6ed127379d56e4b0", "size": 1318, "tags": [11, 30, 32, 83], "zip_id": "mra_alternatives"}, "_Arcade/_alternatives/_Time Pilot/Time Pilot (Atari).mra": {"hash": "9f05b61a9e4675a004b2bb1ec803f145", "size": 1384, "tags": [11, 30, 32, 83], "zip_id": "mra_alternatives"}, "_Arcade/_alternatives/_Time Pilot/Time Pilot (Centuri).mra": {"hash": "fa3bf100a26afadc796656b85ac2cefd", "size": 1373, "tags": [11, 30, 32, 83], "zip_id": "mra_alternatives"}, "_Arcade/_alternatives/_Traverse USA/MotoTour - Zippy Race (Tecfri license).mra": {"hash": "28e1821aa07d4391a14428161bfe5d5e", "size": 1688, "tags": [11, 30, 32, 84], "zip_id": "mra_alternatives"}, "_Arcade/_alternatives/_Traverse USA/Traverse USA (bootleg).mra": {"hash": "53ae958c6f18f22349b4ca8963182178", "size": 1662, "tags": [11, 30, 32, 84], "zip_id": "mra_alternatives"}, "_Arcade/_alternatives/_Tron/Handi-Man in Cyberworld - HBMame.mra": {"hash": "459bde9a68971e50640eb6d8dd1f400e", "size": 2182, "tags": [11, 30, 32, 36, 75], "zip_id": "mra_alternatives"}, "_Arcade/_alternatives/_Tron/Satan's Hollow (Tron Hardware) - HBMame.mra": {"hash": "473d598e240be802ec5ba38a1d364e10", "size": 2197, "tags": [11, 30, 32, 36, 75], "zip_id": "mra_alternatives"}, "_Arcade/_alternatives/_Tron/Tron (5-12).mra": {"hash": "434f6e6c8c5eb065db8a54e0b8622080", "size": 2178, "tags": [11, 30, 32, 75], "zip_id": "mra_alternatives"}, "_Arcade/_alternatives/_Tron/Tron (6-15).mra": {"hash": "eacece7e8f416bbbdc27bdd56bb49c8a", "size": 2130, "tags": [11, 30, 32, 75], "zip_id": "mra_alternatives"}, "_Arcade/_alternatives/_Tron/Tron (6-17).mra": {"hash": "8f533764f4a47a114b62ebea770a8cc3", "size": 2136, "tags": [11, 30, 32, 75], "zip_id": "mra_alternatives"}, "_Arcade/_alternatives/_Tron/Tron (6-25).mra": {"hash": "6f5e0ad6342d4a7dda322877d643048a", "size": 2136, "tags": [11, 30, 32, 75], "zip_id": "mra_alternatives"}, "_Arcade/_alternatives/_Tron/Tron (Germany).mra": {"hash": "19908a4e1c72d8e156eda842f3aca065", "size": 2135, "tags": [11, 30, 32, 75], "zip_id": "mra_alternatives"}, "_Arcade/_alternatives/_Uniwars/Ataque Sideral (Spanish bootleg of UniWar S).mra": {"hash": "cfd2bb92a6b8ccc2ada27b03a9bf9865", "size": 2061, "tags": [11, 30, 32, 57], "zip_id": "mra_alternatives"}, "_Arcade/_alternatives/_Uniwars/Galaxy Empire (bootleg).mra": {"hash": "8e6481a2afa9e384bd4a2cc1086becaf", "size": 1996, "tags": [11, 30, 32, 57], "zip_id": "mra_alternatives"}, "_Arcade/_alternatives/_Uniwars/Gingateikoku no Gyakushu (bootleg set 1).mra": {"hash": "888ec889a3693151dc117c5f2a0ca850", "size": 2075, "tags": [11, 30, 32, 57], "zip_id": "mra_alternatives"}, "_Arcade/_alternatives/_Uniwars/Gingateikoku no Gyakushu (bootleg set 2).mra": {"hash": "b54247d62ff108e41c9774d60d519309", "size": 2101, "tags": [11, 30, 32, 57], "zip_id": "mra_alternatives"}, "_Arcade/_alternatives/_Uniwars/Gingateikoku no Gyakushu (bootleg set 3).mra": {"hash": "3a3a5c6638d45bbd1a0703a6b366d35a", "size": 2044, "tags": [11, 30, 32, 57], "zip_id": "mra_alternatives"}, "_Arcade/_alternatives/_Uniwars/Gingateikoku no Gyakushu.mra": {"hash": "24167f5b1c1c67b1feb4a31deecf5fc7", "size": 2096, "tags": [11, 30, 32, 57], "zip_id": "mra_alternatives"}, "_Arcade/_alternatives/_Uniwars/Pajaro del Espacio (Spanish bootleg of UniWar S).mra": {"hash": "ba9ee5d7b7eba717a53ae8d0639366fb", "size": 2082, "tags": [11, 30, 32, 57], "zip_id": "mra_alternatives"}, "_Arcade/_alternatives/_Uniwars/Sky Raider (Uniwars bootleg).mra": {"hash": "ae42f5b9663cbddaa4eb8bdf20d013a7", "size": 2067, "tags": [11, 30, 32, 57], "zip_id": "mra_alternatives"}, "_Arcade/_alternatives/_Uniwars/Space Battle (bootleg set 1).mra": {"hash": "4b99ca33227418261cf6c12c91ac1481", "size": 2006, "tags": [11, 30, 32, 57], "zip_id": "mra_alternatives"}, "_Arcade/_alternatives/_Uniwars/Space Battle (bootleg set 2).mra": {"hash": "c294819104f03752d5d2637aa03b9362", "size": 2018, "tags": [11, 30, 32, 57], "zip_id": "mra_alternatives"}, "_Arcade/_alternatives/_Uniwars/Space Empire (bootleg).mra": {"hash": "677ee117fcdf35671c0492b0eb394a18", "size": 2003, "tags": [11, 30, 32, 57], "zip_id": "mra_alternatives"}, "_Arcade/_alternatives/_Uniwars/UniWar S (bootleg).mra": {"hash": "930d975f596778b10fb0e5a2fc81ca97", "size": 1987, "tags": [11, 30, 32, 57], "zip_id": "mra_alternatives"}, "_Arcade/_alternatives/_Vanvan Car/Van-Van Car (Karateco set 1).mra": {"hash": "ee5b6ed1d48e7ea7e68a20c590366c04", "size": 2267, "tags": [11, 30, 31, 32], "zip_id": "mra_alternatives"}, "_Arcade/_alternatives/_Vanvan Car/Van-Van Car (Karateco set 2).mra": {"hash": "e4c023bb6f97fb8478216e47a60c51de", "size": 2255, "tags": [11, 30, 31, 32], "zip_id": "mra_alternatives"}, "_Arcade/_alternatives/_Vindicators part II/Vindicators Part II (rev 1).mra": {"hash": "cdb8b149ccef9c8f4caacbb47aeed1dd", "size": 3976, "tags": [11, 30, 32, 59], "zip_id": "mra_alternatives"}, "_Arcade/_alternatives/_Vindicators part II/Vindicators Part II (rev 2).mra": {"hash": "c15d80641b7c7ad90f7f90df5f39c5cb", "size": 3974, "tags": [11, 30, 32, 59], "zip_id": "mra_alternatives"}, "_Arcade/_alternatives/_War of the Bugs/War of the Bugs or Monsterous Manouvers in a Mushroom Maze (US).mra": {"hash": "352efc5b699250d2e71ac2f08b470a06", "size": 2087, "tags": [11, 30, 32, 57], "zip_id": "mra_alternatives"}, "_Arcade/_alternatives/_Xevious/Battles (set 2).mra": {"hash": "3e92ffa698bb37592c07b8c029f5f96f", "size": 2018, "tags": [11, 30, 32, 85], "zip_id": "mra_alternatives"}, "_Arcade/_alternatives/_Xevious/Gaous - HBMame.mra": {"hash": "33e44f75da01f1cef5cf132f93acda7d", "size": 2069, "tags": [11, 30, 32, 36, 85], "zip_id": "mra_alternatives"}, "_Arcade/_alternatives/_Xevious/Xevios.mra": {"hash": "877364722d44bcf35a1a4561c9eeaee7", "size": 1972, "tags": [11, 30, 32, 85], "zip_id": "mra_alternatives"}, "_Arcade/_alternatives/_Xevious/Xevious 2002 - HBMame.mra": {"hash": "0fe4244312c140b8f55ce64b94241072", "size": 2104, "tags": [11, 30, 32, 36, 85], "zip_id": "mra_alternatives"}, "_Arcade/_alternatives/_Xevious/Xevious 2003 - HBMame.mra": {"hash": "dc22bad38bc8ee6259be1693e9f185de", "size": 2128, "tags": [11, 30, 32, 36, 85], "zip_id": "mra_alternatives"}, "_Arcade/_alternatives/_Xevious/Xevious 2004 - HBMame.mra": {"hash": "102c47e589741bda3cc02a4458c6aa57", "size": 2128, "tags": [11, 30, 32, 36, 85], "zip_id": "mra_alternatives"}, "_Arcade/_alternatives/_Xevious/Xevious 2005 - HBMame.mra": {"hash": "e0e8dad0d86b6aecc36e7aaae33ae3c3", "size": 2110, "tags": [11, 30, 32, 36, 85], "zip_id": "mra_alternatives"}, "_Arcade/_alternatives/_Xevious/Xevious Black - HBMame.mra": {"hash": "2b8fb77105496d3523cacb25e9b4bcfb", "size": 2044, "tags": [11, 30, 32, 36, 85], "zip_id": "mra_alternatives"}, "_Arcade/_alternatives/_Zig Zag/Zig Zag (Dig Dug conversion on Galaxian hardware, bootleg set 2).mra": {"hash": "0126c70822cc9eeed5b18d7fd72a7f2c", "size": 1262, "tags": [11, 30, 32, 86], "zip_id": "mra_alternatives"}}, "folders": {"_Arcade": {"tags": [11], "zip_id": "mra_alternatives"}, "_Arcade/_alternatives": {"tags": [11, 32], "zip_id": "mra_alternatives"}, "_Arcade/_alternatives/_Alibaba": {"tags": [11, 31, 32], "zip_id": "mra_alternatives"}, "_Arcade/_alternatives/_Amidar": {"tags": [11, 32, 33], "zip_id": "mra_alternatives"}, "_Arcade/_alternatives/_Arkanoid": {"tags": [11, 32, 34], "zip_id": "mra_alternatives"}, "_Arcade/_alternatives/_Armored Car": {"tags": [11, 32, 33], "zip_id": "mra_alternatives"}, "_Arcade/_alternatives/_Asteroid": {"tags": [11, 32, 35], "zip_id": "mra_alternatives"}, "_Arcade/_alternatives/_Asteroids Deluxe": {"tags": [11, 32, 37], "zip_id": "mra_alternatives"}, "_Arcade/_alternatives/_Bagman": {"tags": [11, 32, 38], "zip_id": "mra_alternatives"}, "_Arcade/_alternatives/_Berzerk": {"tags": [11, 32, 39], "zip_id": "mra_alternatives"}, "_Arcade/_alternatives/_Bomb Jack": {"tags": [11, 32, 40], "zip_id": "mra_alternatives"}, "_Arcade/_alternatives/_Botanic": {"tags": [11, 32, 38], "zip_id": "mra_alternatives"}, "_Arcade/_alternatives/_Bubbles": {"tags": [11, 32, 41], "zip_id": "mra_alternatives"}, "_Arcade/_alternatives/_Burger Time": {"tags": [11, 32, 42], "zip_id": "mra_alternatives"}, "_Arcade/_alternatives/_Burning Rubber": {"tags": [11, 32, 43], "zip_id": "mra_alternatives"}, "_Arcade/_alternatives/_Centipede": {"tags": [11, 32, 44], "zip_id": "mra_alternatives"}, "_Arcade/_alternatives/_Colony7": {"tags": [11, 32, 45], "zip_id": "mra_alternatives"}, "_Arcade/_alternatives/_Crazy Climber": {"tags": [11, 32, 46], "zip_id": "mra_alternatives"}, "_Arcade/_alternatives/_Crazy Kong": {"tags": [11, 32, 47], "zip_id": "mra_alternatives"}, "_Arcade/_alternatives/_Dig Dug": {"tags": [11, 32, 49], "zip_id": "mra_alternatives"}, "_Arcade/_alternatives/_Dig Dug II": {"tags": [11, 32, 48], "zip_id": "mra_alternatives"}, "_Arcade/_alternatives/_Disc of tron": {"tags": [11, 32, 50], "zip_id": "mra_alternatives"}, "_Arcade/_alternatives/_DoDonPachi": {"tags": [11, 32, 51], "zip_id": "mra_alternatives"}, "_Arcade/_alternatives/_Donkey Kong": {"tags": [11, 32, 47, 52], "zip_id": "mra_alternatives"}, "_Arcade/_alternatives/_Donkey Kong 3": {"tags": [11, 32, 52], "zip_id": "mra_alternatives"}, "_Arcade/_alternatives/_Donkey Kong Junior": {"tags": [11, 32, 53], "zip_id": "mra_alternatives"}, "_Arcade/_alternatives/_Dorodon": {"tags": [11, 32, 54], "zip_id": "mra_alternatives"}, "_Arcade/_alternatives/_Eyes": {"tags": [11, 31, 32], "zip_id": "mra_alternatives"}, "_Arcade/_alternatives/_Food Fight": {"tags": [11, 32, 55], "zip_id": "mra_alternatives"}, "_Arcade/_alternatives/_Frogger": {"tags": [11, 32, 33], "zip_id": "mra_alternatives"}, "_Arcade/_alternatives/_Galaga": {"tags": [11, 32, 56], "zip_id": "mra_alternatives"}, "_Arcade/_alternatives/_Galaxian": {"tags": [11, 32, 57], "zip_id": "mra_alternatives"}, "_Arcade/_alternatives/_Gaplus": {"tags": [11, 32, 58], "zip_id": "mra_alternatives"}, "_Arcade/_alternatives/_Gauntlet": {"tags": [11, 32, 59], "zip_id": "mra_alternatives"}, "_Arcade/_alternatives/_Gauntlet II": {"tags": [11, 32, 59], "zip_id": "mra_alternatives"}, "_Arcade/_alternatives/_Green Beret": {"tags": [11, 32, 60], "zip_id": "mra_alternatives"}, "_Arcade/_alternatives/_Gyruss": {"tags": [11, 32, 61], "zip_id": "mra_alternatives"}, "_Arcade/_alternatives/_Iron Horse": {"tags": [11, 32, 62], "zip_id": "mra_alternatives"}, "_Arcade/_alternatives/_Joust": {"tags": [11, 32, 41], "zip_id": "mra_alternatives"}, "_Arcade/_alternatives/_Jump Shot": {"tags": [11, 31, 32], "zip_id": "mra_alternatives"}, "_Arcade/_alternatives/_Kick": {"tags": [11, 32, 63], "zip_id": "mra_alternatives"}, "_Arcade/_alternatives/_Kid Niki - Radical Ninja": {"tags": [11, 32, 64], "zip_id": "mra_alternatives"}, "_Arcade/_alternatives/_Kung-Fu Master": {"tags": [11, 32, 64], "zip_id": "mra_alternatives"}, "_Arcade/_alternatives/_Lady Bug": {"tags": [11, 32, 65], "zip_id": "mra_alternatives"}, "_Arcade/_alternatives/_Lode Runner": {"tags": [11, 32, 64], "zip_id": "mra_alternatives"}, "_Arcade/_alternatives/_Lode Runner 3": {"tags": [11, 32, 64], "zip_id": "mra_alternatives"}, "_Arcade/_alternatives/_Lost Tomb": {"tags": [11, 32, 33], "zip_id": "mra_alternatives"}, "_Arcade/_alternatives/_Lunar Lander": {"tags": [11, 32, 66], "zip_id": "mra_alternatives"}, "_Arcade/_alternatives/_Mappy": {"tags": [11, 32, 48], "zip_id": "mra_alternatives"}, "_Arcade/_alternatives/_Mayday": {"tags": [11, 32, 45], "zip_id": "mra_alternatives"}, "_Arcade/_alternatives/_Moon Patrol": {"tags": [11, 32, 67], "zip_id": "mra_alternatives"}, "_Arcade/_alternatives/_Moon War": {"tags": [11, 32, 33], "zip_id": "mra_alternatives"}, "_Arcade/_alternatives/_Ms.Pacman": {"tags": [11, 31, 32], "zip_id": "mra_alternatives"}, "_Arcade/_alternatives/_Pacman": {"tags": [11, 31, 32], "zip_id": "mra_alternatives"}, "_Arcade/_alternatives/_Pacman Plus": {"tags": [11, 31, 32], "zip_id": "mra_alternatives"}, "_Arcade/_alternatives/_Pengo": {"tags": [11, 32, 68], "zip_id": "mra_alternatives"}, "_Arcade/_alternatives/_Phoenix": {"tags": [11, 32, 69], "zip_id": "mra_alternatives"}, "_Arcade/_alternatives/_Pickin": {"tags": [11, 32, 38], "zip_id": "mra_alternatives"}, "_Arcade/_alternatives/_Pisces": {"tags": [11, 32, 57], "zip_id": "mra_alternatives"}, "_Arcade/_alternatives/_Pitfall II": {"tags": [11, 32, 70], "zip_id": "mra_alternatives"}, "_Arcade/_alternatives/_Pleiads": {"tags": [11, 32, 71], "zip_id": "mra_alternatives"}, "_Arcade/_alternatives/_Ponpoko": {"tags": [11, 31, 32], "zip_id": "mra_alternatives"}, "_Arcade/_alternatives/_Pooyan": {"tags": [11, 32, 72], "zip_id": "mra_alternatives"}, "_Arcade/_alternatives/_Radar Scope": {"tags": [11, 32, 52], "zip_id": "mra_alternatives"}, "_Arcade/_alternatives/_RallyX": {"tags": [11, 32, 73], "zip_id": "mra_alternatives"}, "_Arcade/_alternatives/_Rampage": {"tags": [11, 32, 74], "zip_id": "mra_alternatives"}, "_Arcade/_alternatives/_Rescue": {"tags": [11, 32, 33], "zip_id": "mra_alternatives"}, "_Arcade/_alternatives/_Robotron": {"tags": [11, 32, 41], "zip_id": "mra_alternatives"}, "_Arcade/_alternatives/_Sarge": {"tags": [11, 32, 74], "zip_id": "mra_alternatives"}, "_Arcade/_alternatives/_Satan's Hollow": {"tags": [11, 32, 75], "zip_id": "mra_alternatives"}, "_Arcade/_alternatives/_Scramble": {"tags": [11, 32, 33], "zip_id": "mra_alternatives"}, "_Arcade/_alternatives/_Sinistar": {"tags": [11, 32, 41], "zip_id": "mra_alternatives"}, "_Arcade/_alternatives/_Solomons Key": {"tags": [11, 32, 76], "zip_id": "mra_alternatives"}, "_Arcade/_alternatives/_Space Invaders": {"tags": [11, 32, 77], "zip_id": "mra_alternatives"}, "_Arcade/_alternatives/_Spelunker": {"tags": [11, 32, 64], "zip_id": "mra_alternatives"}, "_Arcade/_alternatives/_Sprint 2": {"tags": [11, 32, 78], "zip_id": "mra_alternatives"}, "_Arcade/_alternatives/_Spy Hunter": {"tags": [11, 32, 79], "zip_id": "mra_alternatives"}, "_Arcade/_alternatives/_Star Jacker": {"tags": [11, 32, 70], "zip_id": "mra_alternatives"}, "_Arcade/_alternatives/_Strategy X": {"tags": [11, 32, 33], "zip_id": "mra_alternatives"}, "_Arcade/_alternatives/_Super Bagman": {"tags": [11, 32, 38], "zip_id": "mra_alternatives"}, "_Arcade/_alternatives/_Super Breakout": {"tags": [11, 32, 80], "zip_id": "mra_alternatives"}, "_Arcade/_alternatives/_Super Cobra": {"tags": [11, 32, 33], "zip_id": "mra_alternatives"}, "_Arcade/_alternatives/_Tapper": {"tags": [11, 32, 50], "zip_id": "mra_alternatives"}, "_Arcade/_alternatives/_Tetris": {"tags": [11, 32, 81], "zip_id": "mra_alternatives"}, "_Arcade/_alternatives/_The End": {"tags": [11, 32, 33], "zip_id": "mra_alternatives"}, "_Arcade/_alternatives/_The Tower of Druaga": {"tags": [11, 32, 48], "zip_id": "mra_alternatives"}, "_Arcade/_alternatives/_Time Pilot": {"tags": [11, 32, 83], "zip_id": "mra_alternatives"}, "_Arcade/_alternatives/_Time Pilot '84": {"tags": [11, 32, 82], "zip_id": "mra_alternatives"}, "_Arcade/_alternatives/_Traverse USA": {"tags": [11, 32, 84], "zip_id": "mra_alternatives"}, "_Arcade/_alternatives/_Tron": {"tags": [11, 32, 75], "zip_id": "mra_alternatives"}, "_Arcade/_alternatives/_Uniwars": {"tags": [11, 32, 57], "zip_id": "mra_alternatives"}, "_Arcade/_alternatives/_Vanvan Car": {"tags": [11, 31, 32], "zip_id": "mra_alternatives"}, "_Arcade/_alternatives/_Vindicators part II": {"tags": [11, 32, 59], "zip_id": "mra_alternatives"}, "_Arcade/_alternatives/_War of the Bugs": {"tags": [11, 32, 57], "zip_id": "mra_alternatives"}, "_Arcade/_alternatives/_Xevious": {"tags": [11, 32, 85], "zip_id": "mra_alternatives"}, "_Arcade/_alternatives/_Zig Zag": {"tags": [11, 32, 86], "zip_id": "mra_alternatives"}}}