{"files": {"Cheats/TGFX16/1941 - Counter Attack (J) (SGX) [8C4588E2].zip": {"hash": "b23ddd485281ff6bde21a5f4991a8d9c", "size": 272, "tags": [2, 15], "zip_id": "cheats_folder_tgfx16"}, "Cheats/TGFX16/1943 Kai (J) [79362389].zip": {"hash": "86f945e464360b31147202c2fe433b7f", "size": 924, "tags": [2, 15], "zip_id": "cheats_folder_tgfx16"}, "Cheats/TGFX16/Adventure Island (Japan) [8E71D4F3].zip": {"hash": "2c0bafbc22bbb0e93f6f157da54584f3", "size": 5382, "tags": [2, 15], "zip_id": "cheats_folder_tgfx16"}, "Cheats/TGFX16/Aero Blasters (USA) [B03E0B32].zip": {"hash": "2ca7a8ab6701902176a8d5256953d045", "size": 1126, "tags": [2, 15], "zip_id": "cheats_folder_tgfx16"}, "Cheats/TGFX16/After Burner II (Japan) [CA72A828].zip": {"hash": "9ca5526596ad1f66e810d03570c66469", "size": 562, "tags": [2, 15], "zip_id": "cheats_folder_tgfx16"}, "Cheats/TGFX16/Air Zonk (USA) [933D5BCC].zip": {"hash": "4d3efca98a75ad61a32c955f7e8011ee", "size": 409, "tags": [2, 15], "zip_id": "cheats_folder_tgfx16"}, "Cheats/TGFX16/Aldynes (J) (SGX) [4C2126B0].zip": {"hash": "7d7e35ea41c657b03a80aec0bd9d81eb", "size": 548, "tags": [2, 15], "zip_id": "cheats_folder_tgfx16"}, "Cheats/TGFX16/Alien Crush (USA) [EA488494].zip": {"hash": "c8c4261e14e4db964af160d602871274", "size": 270, "tags": [2, 15], "zip_id": "cheats_folder_tgfx16"}, "Cheats/TGFX16/Andre' Panza Kick Boxing (USA) [A980E0E9].zip": {"hash": "be560ccd7f36e0b5f557dd243ab18c92", "size": 562, "tags": [2, 15], "zip_id": "cheats_folder_tgfx16"}, "Cheats/TGFX16/Aoi Blink (Japan) [08A09B9A].zip": {"hash": "baf6850bb5e36686fd5bdbb30d3bca29", "size": 558, "tags": [2, 15], "zip_id": "cheats_folder_tgfx16"}, "Cheats/TGFX16/Appare! Gateball (Japan) [2B54CBA2].zip": {"hash": "fcd0f1d9d7395f70f41df1bed4ff678b", "size": 278, "tags": [2, 15], "zip_id": "cheats_folder_tgfx16"}, "Cheats/TGFX16/Armed F (Japan) [20EF87FD].zip": {"hash": "a36b5a283183e9efbe234db82a4419b0", "size": 700, "tags": [2, 15], "zip_id": "cheats_folder_tgfx16"}, "Cheats/TGFX16/Atomic Robo-Kid Special (Japan) [DD175EFD].zip": {"hash": "53233cef1faf135650f0e6d7d508b7fe", "size": 546, "tags": [2, 15], "zip_id": "cheats_folder_tgfx16"}, "Cheats/TGFX16/Ballistix (USA) [420FA189].zip": {"hash": "772a830a077e7a034b3514cead308f17", "size": 271, "tags": [2, 15], "zip_id": "cheats_folder_tgfx16"}, "Cheats/TGFX16/Bari Bari Densetsu (Japan) [C267E25D].zip": {"hash": "b891a7aa20532479fb6f6b967a88238a", "size": 575, "tags": [2, 15], "zip_id": "cheats_folder_tgfx16"}, "Cheats/TGFX16/Barunba (Japan) [4A3DF3CA].zip": {"hash": "1c1ae0a50c9cf56fc8a2b8d799facf55", "size": 423, "tags": [2, 15], "zip_id": "cheats_folder_tgfx16"}, "Cheats/TGFX16/Batman (Japan) [106BB7B2].zip": {"hash": "de83875ab0594ffac6ed4f9c40fd76f1", "size": 2863, "tags": [2, 15], "zip_id": "cheats_folder_tgfx16"}, "Cheats/TGFX16/Battle Lode Runner (Japan) [59E44F45].zip": {"hash": "ba37ad03b4622d90241828ab5caaae6c", "size": 447, "tags": [2, 15], "zip_id": "cheats_folder_tgfx16"}, "Cheats/TGFX16/Battle Royale (USA) [E70B01AF].zip": {"hash": "fb662a4a9fc111a65dfc2697f9b4a834", "size": 273, "tags": [2, 15], "zip_id": "cheats_folder_tgfx16"}, "Cheats/TGFX16/Be Ball (Japan) [E439F299].zip": {"hash": "7db1fa828448b022b062ac80c6e740f7", "size": 416, "tags": [2, 15], "zip_id": "cheats_folder_tgfx16"}, "Cheats/TGFX16/Be Ball (Tai Sang Version) (J) [968770F6].zip": {"hash": "6d4585ce505ad6f7161bea999b1522be", "size": 416, "tags": [2, 15], "zip_id": "cheats_folder_tgfx16"}, "Cheats/TGFX16/Benkei Gaiden (Japan) (Alt 1) [E1A73797].zip": {"hash": "4cded6480a0b0d5a99ec5398efa63ee7", "size": 572, "tags": [2, 15], "zip_id": "cheats_folder_tgfx16"}, "Cheats/TGFX16/Bikkuriman World (Japan) [2841FD1E].zip": {"hash": "8f301be7dbbbd37f006bc01c58e7d3f8", "size": 1300, "tags": [2, 15], "zip_id": "cheats_folder_tgfx16"}, "Cheats/TGFX16/Blazing Lazers (USA) [B4A1B0F6].zip": {"hash": "edf765058aae95a9163893ea62972e54", "size": 544, "tags": [2, 15], "zip_id": "cheats_folder_tgfx16"}, "Cheats/TGFX16/Blodia (Japan) [958BCD09].zip": {"hash": "45d29d7455c2bb4d571a17e2d6fc95ad", "size": 288, "tags": [2, 15], "zip_id": "cheats_folder_tgfx16"}, "Cheats/TGFX16/Bloody Wolf (USA) [37BAF6BC].zip": {"hash": "1dbfb783a6013b347aabbe947977778c", "size": 2051, "tags": [2, 15], "zip_id": "cheats_folder_tgfx16"}, "Cheats/TGFX16/Bodycon Quest II (Japan) (Unl) [FFD92458].zip": {"hash": "229b5db4cba36b83fc94b572fc6bffe3", "size": 414, "tags": [2, 15], "zip_id": "cheats_folder_tgfx16"}, "Cheats/TGFX16/Bomberman '93 (USA) [56171C1C].zip": {"hash": "f3fab09bdacce0cee4c8e6dfa6961575", "size": 3344, "tags": [2, 15], "zip_id": "cheats_folder_tgfx16"}, "Cheats/TGFX16/Bomberman '93 - Special Version (Japan) [02309AA0].zip": {"hash": "d90ecbf4ef060cf0420cd30124e96fb1", "size": 278, "tags": [2, 15], "zip_id": "cheats_folder_tgfx16"}, "Cheats/TGFX16/Bomberman '94 (Japan) [05362516].zip": {"hash": "5a6acc921225b738bffa45daf658bd74", "size": 402, "tags": [2, 15], "zip_id": "cheats_folder_tgfx16"}, "Cheats/TGFX16/Bomberman (USA) [5F6F3C2A].zip": {"hash": "d035d76051719282cd9455361d33d2f3", "size": 835, "tags": [2, 15], "zip_id": "cheats_folder_tgfx16"}, "Cheats/TGFX16/Bomberman - Users Battle (Japan) [1489FA51].zip": {"hash": "551cceb92c6c520d328743dbdcafae2c", "size": 276, "tags": [2, 15], "zip_id": "cheats_folder_tgfx16"}, "Cheats/TGFX16/Bonk 3 - Bonk's Big Adventure (USA) [5A3F76D8].zip": {"hash": "c1b2fea7d7c12652b88ea54154d5c586", "size": 1972, "tags": [2, 15], "zip_id": "cheats_folder_tgfx16"}, "Cheats/TGFX16/Bonk's Adventure (USA) [599EAD9B].zip": {"hash": "977a89514cb7c183149e30382561ecff", "size": 2253, "tags": [2, 15], "zip_id": "cheats_folder_tgfx16"}, "Cheats/TGFX16/Bonk's Revenge (USA) [14250F9A].zip": {"hash": "e38e8052cb29a932912c54fd58e1ea25", "size": 1997, "tags": [2, 15], "zip_id": "cheats_folder_tgfx16"}, "Cheats/TGFX16/Bouken Danshaku Don - The Lost Sunheart (Japan) [8F4D9F94].zip": {"hash": "31d9d7f1a00dde048415d4f7bd2c565a", "size": 705, "tags": [2, 15], "zip_id": "cheats_folder_tgfx16"}, "Cheats/TGFX16/Boxyboy (USA) [605BE213].zip": {"hash": "929462a39a275a250945d6936cb94ef7", "size": 274, "tags": [2, 15], "zip_id": "cheats_folder_tgfx16"}, "Cheats/TGFX16/Bravoman (USA) [CCA08B02].zip": {"hash": "75e373100aea7f2bdf9c675c8897fcf2", "size": 408, "tags": [2, 15], "zip_id": "cheats_folder_tgfx16"}, "Cheats/TGFX16/Bull Fight - Ring no Hasha (Japan) [5C4D1991].zip": {"hash": "e8f996f07ff8179d70f1b368c53d7001", "size": 1789, "tags": [2, 15], "zip_id": "cheats_folder_tgfx16"}, "Cheats/TGFX16/Burning Angels (Japan) [D233C05A].zip": {"hash": "1e0eaeb8ff47ef30dcce20f24d22cb15", "size": 726, "tags": [2, 15], "zip_id": "cheats_folder_tgfx16"}, "Cheats/TGFX16/Busou Keiji - Cyber Cross (Japan) [D0C250CA].zip": {"hash": "5177f9d0f0ffc369ee74913885a8c6cc", "size": 404, "tags": [2, 15], "zip_id": "cheats_folder_tgfx16"}, "Cheats/TGFX16/Cadash (USA) [BB0B3AEF].zip": {"hash": "da0847fd4132aa5f039ca39d55da6100", "size": 1894, "tags": [2, 15], "zip_id": "cheats_folder_tgfx16"}, "Cheats/TGFX16/Champion Wrestler (Japan) [9EDC0AEA].zip": {"hash": "21e2471c6c516d571a10f65774bb8809", "size": 434, "tags": [2, 15], "zip_id": "cheats_folder_tgfx16"}, "Cheats/TGFX16/Champions Forever Boxing (USA) [15EE889A].zip": {"hash": "ebc0439d1081d6023cd472a0243e4cf8", "size": 1163, "tags": [2, 15], "zip_id": "cheats_folder_tgfx16"}, "Cheats/TGFX16/Chase H.Q. (USA) [9298254C].zip": {"hash": "23d3a46abb9de587f4c0e628c1fa246b", "size": 678, "tags": [2, 15], "zip_id": "cheats_folder_tgfx16"}, "Cheats/TGFX16/Chew-Man-Fu (USA) [8CD13E9A].zip": {"hash": "5f11cb1a86a5c2352961c27b116def14", "size": 544, "tags": [2, 15], "zip_id": "cheats_folder_tgfx16"}, "Cheats/TGFX16/China Warrior (USA) [A2EE361D].zip": {"hash": "0243725eef3dd090a7a27867b73ced01", "size": 410, "tags": [2, 15], "zip_id": "cheats_folder_tgfx16"}, "Cheats/TGFX16/Chouzetsurinjin Bravoman (Japan) [0DF57C90].zip": {"hash": "1b969cb2af688c3802c394b61718f1a1", "size": 561, "tags": [2, 15], "zip_id": "cheats_folder_tgfx16"}, "Cheats/TGFX16/Circus Lido (Japan) [C3212C24].zip": {"hash": "167deba44342427cd898b88f2ba42c0b", "size": 270, "tags": [2, 15], "zip_id": "cheats_folder_tgfx16"}, "Cheats/TGFX16/City Hunter (Japan) [F91B055F].zip": {"hash": "8c82c201b8f6d65ae9c5b3c3b7c4998b", "size": 423, "tags": [2, 15], "zip_id": "cheats_folder_tgfx16"}, "Cheats/TGFX16/Columns (Japan) [99F7A572].zip": {"hash": "4a3584c7bdbaa2c161c4f95692dd2092", "size": 294, "tags": [2, 15], "zip_id": "cheats_folder_tgfx16"}, "Cheats/TGFX16/Coryoon - Child of Dragon (Japan) [B4D29E3B].zip": {"hash": "f06c13b3b4a950a67174991a5f310681", "size": 546, "tags": [2, 15], "zip_id": "cheats_folder_tgfx16"}, "Cheats/TGFX16/Cratermaze (USA) [9033E83A].zip": {"hash": "377df93fddad1b634f0051c52671e7eb", "size": 690, "tags": [2, 15], "zip_id": "cheats_folder_tgfx16"}, "Cheats/TGFX16/Cross Wiber - Cyber Combat Police (Japan) [2DF97BD0].zip": {"hash": "dae9f30891b1610c5eaeb1cdba058929", "size": 408, "tags": [2, 15], "zip_id": "cheats_folder_tgfx16"}, "Cheats/TGFX16/Cyber Core (USA) [4CFB6E3E].zip": {"hash": "ab81e5480cb3a3e7d75804c04203319f", "size": 412, "tags": [2, 15], "zip_id": "cheats_folder_tgfx16"}, "Cheats/TGFX16/Cyber Dodge (Japan) [B5326B16].zip": {"hash": "b95625d7bde0857335f5c0d50a15be61", "size": 1494, "tags": [2, 15], "zip_id": "cheats_folder_tgfx16"}, "Cheats/TGFX16/Cyber Knight (Japan) [A594FAC0].zip": {"hash": "9a5898b900cea9177cc56f7112caf732", "size": 290, "tags": [2, 15], "zip_id": "cheats_folder_tgfx16"}, "Cheats/TGFX16/Daimakaimura (J) (SGX) [B486A8ED].zip": {"hash": "c702e79c3c96ca05e7fe62c38805d9ec", "size": 1298, "tags": [2, 15], "zip_id": "cheats_folder_tgfx16"}, "Cheats/TGFX16/Daisenpuu (Japan) [9107BCC8].zip": {"hash": "554634f5e9559aba698ef38522edff01", "size": 551, "tags": [2, 15], "zip_id": "cheats_folder_tgfx16"}, "Cheats/TGFX16/Darius Alpha (Japan) (SG Enhanced) [B0BA689F].zip": {"hash": "64b3511daf7b4fb28d2fc3ac4cff0ba7", "size": 406, "tags": [2, 15], "zip_id": "cheats_folder_tgfx16"}, "Cheats/TGFX16/Darius Plus (Japan) (SG Enhanced) [BEBFE042].zip": {"hash": "a5638cb9baf83f59a2d51d673147b871", "size": 670, "tags": [2, 15], "zip_id": "cheats_folder_tgfx16"}, "Cheats/TGFX16/Darkwing Duck (USA) [4AC97606].zip": {"hash": "e4b6c0c27af4b0dcd1d3345024a7a986", "size": 406, "tags": [2, 15], "zip_id": "cheats_folder_tgfx16"}, "Cheats/TGFX16/Dead Moon (USA) [F5D98B0B].zip": {"hash": "ab65fe5ba4e191bd0c502ed48f7cb2fb", "size": 697, "tags": [2, 15], "zip_id": "cheats_folder_tgfx16"}, "Cheats/TGFX16/Dead Moon - Getsu Sekai no Akumu (Japan) [56739BC7].zip": {"hash": "ab65fe5ba4e191bd0c502ed48f7cb2fb", "size": 697, "tags": [2, 15], "zip_id": "cheats_folder_tgfx16"}, "Cheats/TGFX16/Deep Blue (USA) [16B40B44].zip": {"hash": "c3c631f73813011efc37a25206ff344b", "size": 272, "tags": [2, 15], "zip_id": "cheats_folder_tgfx16"}, "Cheats/TGFX16/Detana!! TwinBee (Japan) [5CF59D80].zip": {"hash": "1d8e8835c5883acd74aee2288fef00d1", "size": 850, "tags": [2, 15], "zip_id": "cheats_folder_tgfx16"}, "Cheats/TGFX16/Devil Crash - Naxat Pinball (Japan) [4EC81A80].zip": {"hash": "3014daf8f43809afb2c60c1f14bba0b8", "size": 278, "tags": [2, 15], "zip_id": "cheats_folder_tgfx16"}, "Cheats/TGFX16/Devil's Crush (USA) [157B4492].zip": {"hash": "5a2d252686aeedc9e58759ce625f774c", "size": 270, "tags": [2, 15], "zip_id": "cheats_folder_tgfx16"}, "Cheats/TGFX16/Die Hard (Japan) [1B5B1CB1].zip": {"hash": "791863a8dfc88a2fbcf658a354ce2b44", "size": 847, "tags": [2, 15], "zip_id": "cheats_folder_tgfx16"}, "Cheats/TGFX16/Digital Champ (Japan) [17BA3032].zip": {"hash": "0ae98ea9fc3934d8857f828a92f5d4b6", "size": 288, "tags": [2, 15], "zip_id": "cheats_folder_tgfx16"}, "Cheats/TGFX16/Don Doko Don! (Japan) [F42AA73E].zip": {"hash": "c2130175a57bd234b616e2d64454e5af", "size": 566, "tags": [2, 15], "zip_id": "cheats_folder_tgfx16"}, "Cheats/TGFX16/Doraemon - Meikyuu Daisakusen (Japan) [DC760A07].zip": {"hash": "46e90d644af6194c7cf26253f2cad194", "size": 682, "tags": [2, 15], "zip_id": "cheats_folder_tgfx16"}, "Cheats/TGFX16/Doraemon - Nobita no Dorabian Night (Japan) [013A747F].zip": {"hash": "2def783988879b8565278fcf3a4ee624", "size": 546, "tags": [2, 15], "zip_id": "cheats_folder_tgfx16"}, "Cheats/TGFX16/Double Dungeons (USA) [4A1A8C60].zip": {"hash": "aaf76b1e096142f5f39da49a74de91d3", "size": 1680, "tags": [2, 15], "zip_id": "cheats_folder_tgfx16"}, "Cheats/TGFX16/Download (Japan) [85101C20].zip": {"hash": "93997b98774fb3b9d8b3d3ada5f2604c", "size": 741, "tags": [2, 15], "zip_id": "cheats_folder_tgfx16"}, "Cheats/TGFX16/Dragon Egg! (Japan) [442405D5].zip": {"hash": "7e157aa385251501fccf895d772b8552", "size": 1944, "tags": [2, 15], "zip_id": "cheats_folder_tgfx16"}, "Cheats/TGFX16/Dragon Saber - After Story of Dragon Spirit (Japan) [3219849C].zip": {"hash": "2a6eb17fc3cde84cdfa888342e706ff4", "size": 706, "tags": [2, 15], "zip_id": "cheats_folder_tgfx16"}, "Cheats/TGFX16/Dragon Spirit (USA) [086F148C].zip": {"hash": "a7292bcdc5fbbfd822c2390e40d08d02", "size": 410, "tags": [2, 15], "zip_id": "cheats_folder_tgfx16"}, "Cheats/TGFX16/Dragon's Curse (USA) [7D2C4B09].zip": {"hash": "97a86b68a1c3ef8b59500a0d27888169", "size": 5092, "tags": [2, 15], "zip_id": "cheats_folder_tgfx16"}, "Cheats/TGFX16/Drop Off (USA) [FEA27B32].zip": {"hash": "5845ac83108290d843f40f3d254819c7", "size": 1206, "tags": [2, 15], "zip_id": "cheats_folder_tgfx16"}, "Cheats/TGFX16/Drop Rock Hora Hora (Japan) (Alt 1) [8E81FCAC].zip": {"hash": "99914452bc689b9e1544d74ce3f43166", "size": 414, "tags": [2, 15], "zip_id": "cheats_folder_tgfx16"}, "Cheats/TGFX16/Drop Rock Hora Hora (Japan) [67EC5EC4].zip": {"hash": "a226fe82c3823692185f436e20a3db22", "size": 414, "tags": [2, 15], "zip_id": "cheats_folder_tgfx16"}, "Cheats/TGFX16/Dungeon Explorer (USA) [4FF01515].zip": {"hash": "441677ce7b3a6da21bc83d44c45e12a5", "size": 281, "tags": [2, 15], "zip_id": "cheats_folder_tgfx16"}, "Cheats/TGFX16/Dungeons & Dragons - Order of the Griffon (USA) [FAE0FC60].zip": {"hash": "f62c82abc9618ac27e998c08a4cff08c", "size": 280, "tags": [2, 15], "zip_id": "cheats_folder_tgfx16"}, "Cheats/TGFX16/Energy (Japan) [CA68FF21].zip": {"hash": "9bfdadc307a9a54b8b02632d3c229a50", "size": 280, "tags": [2, 15], "zip_id": "cheats_folder_tgfx16"}, "Cheats/TGFX16/Eternal City - Toshi Tensou Keikaku (Japan) [B18D102D].zip": {"hash": "1bb5770e137de7ee792c8f77aafa2d36", "size": 398, "tags": [2, 15], "zip_id": "cheats_folder_tgfx16"}, "Cheats/TGFX16/F-1 Dream (Japan) [D50FF730].zip": {"hash": "c8b57e8c6473300f48b631bd0383e64a", "size": 542, "tags": [2, 15], "zip_id": "cheats_folder_tgfx16"}, "Cheats/TGFX16/F1 Triple Battle (Japan) [13BF0409].zip": {"hash": "3057a5eb4ca27add0fa56c76546aabb7", "size": 410, "tags": [2, 15], "zip_id": "cheats_folder_tgfx16"}, "Cheats/TGFX16/Fantasy Zone (USA) [E8C3573D].zip": {"hash": "27c4282aee8855847ec0746aed9365cf", "size": 1537, "tags": [2, 15], "zip_id": "cheats_folder_tgfx16"}, "Cheats/TGFX16/Fighting Run (Japan) [1828D2E5].zip": {"hash": "0c01f96d1e91d0b85d673e88de986bc7", "size": 578, "tags": [2, 15], "zip_id": "cheats_folder_tgfx16"}, "Cheats/TGFX16/Final Blaster (Japan) [C90971BA].zip": {"hash": "94cb6421dbce66bee6606d9cd0375f32", "size": 563, "tags": [2, 15], "zip_id": "cheats_folder_tgfx16"}, "Cheats/TGFX16/Final Lap Twin (USA) [26408EA3].zip": {"hash": "996825becaf49fa2548efb1c47d90725", "size": 458, "tags": [2, 15], "zip_id": "cheats_folder_tgfx16"}, "Cheats/TGFX16/Final Soldier (Japan) (En) [AF2DD2AF].zip": {"hash": "40680734b7d647df043481dc12df0fc6", "size": 418, "tags": [2, 15], "zip_id": "cheats_folder_tgfx16"}, "Cheats/TGFX16/Final Soldier - Special Version (Japan) (En) [02A578C5].zip": {"hash": "46c45d014ce9469eec7493554038c231", "size": 536, "tags": [2, 15], "zip_id": "cheats_folder_tgfx16"}, "Cheats/TGFX16/Fire Pro Wrestling 2 - 2nd Bout (Japan) [E88987BB].zip": {"hash": "39323cd8e324762afee4b0abc0a60519", "size": 778, "tags": [2, 15], "zip_id": "cheats_folder_tgfx16"}, "Cheats/TGFX16/Fushigi no Yume no Alice (Japan) [12C4E6FD].zip": {"hash": "939897a8732477adb3ee979c1220d0fb", "size": 736, "tags": [2, 15], "zip_id": "cheats_folder_tgfx16"}, "Cheats/TGFX16/Galaga '88 (Japan) [1A8393C6].zip": {"hash": "0b4357babd8c6e1f9344f5702f757ec9", "size": 567, "tags": [2, 15], "zip_id": "cheats_folder_tgfx16"}, "Cheats/TGFX16/Galaga '90 (USA) [2909DEC6].zip": {"hash": "d635a6e8f4fff11600efb70fafb29932", "size": 429, "tags": [2, 15], "zip_id": "cheats_folder_tgfx16"}, "Cheats/TGFX16/Gekisha Boy (Japan) [E8702D51].zip": {"hash": "b486be3e5d4e6d5b3c51970d81ab9fa2", "size": 276, "tags": [2, 15], "zip_id": "cheats_folder_tgfx16"}, "Cheats/TGFX16/Genji Tsuushin Agedama (Japan) [AD450DFC].zip": {"hash": "d6f4b825f4928994ba2c4921aadb5fe6", "size": 413, "tags": [2, 15], "zip_id": "cheats_folder_tgfx16"}, "Cheats/TGFX16/Genpei Toumaden (Japan) [B926C682].zip": {"hash": "105e99a7af9ff8c39453586f9ccd1d45", "size": 408, "tags": [2, 15], "zip_id": "cheats_folder_tgfx16"}, "Cheats/TGFX16/Genpei Toumaden - Kan no Ni (Japan) [8793758C].zip": {"hash": "4ed725c089776616b501d7fb51a4b5b8", "size": 272, "tags": [2, 15], "zip_id": "cheats_folder_tgfx16"}, "Cheats/TGFX16/Ghost Manor (USA) [2DB4C1FD].zip": {"hash": "7f39fb1daec8457a4585bf46a5e61792", "size": 697, "tags": [2, 15], "zip_id": "cheats_folder_tgfx16"}, "Cheats/TGFX16/Gokuraku! Chuuka Taisen (Japan) [E749A22C].zip": {"hash": "2efe5670371cf5f633621c95494d7dda", "size": 1130, "tags": [2, 15], "zip_id": "cheats_folder_tgfx16"}, "Cheats/TGFX16/Gomola Speed (Japan) [4BD38F17].zip": {"hash": "764406d653f25897d1ec2ace746593cd", "size": 885, "tags": [2, 15], "zip_id": "cheats_folder_tgfx16"}, "Cheats/TGFX16/Gradius (Japan) [0517DA65].zip": {"hash": "15094c95ccde18c452e1b52a2484a218", "size": 746, "tags": [2, 15], "zip_id": "cheats_folder_tgfx16"}, "Cheats/TGFX16/Gunhed (Japan) [A17D4D7E].zip": {"hash": "60668ad4ed9d45cc5382477a1de24f90", "size": 430, "tags": [2, 15], "zip_id": "cheats_folder_tgfx16"}, "Cheats/TGFX16/Gunhed - Special Version (Japan) [57F183AE].zip": {"hash": "edf765058aae95a9163893ea62972e54", "size": 544, "tags": [2, 15], "zip_id": "cheats_folder_tgfx16"}, "Cheats/TGFX16/Hana Taaka Daka! (Japan) [BA4D0DD4].zip": {"hash": "5a80adf524352e27153a2b58c748594a", "size": 561, "tags": [2, 15], "zip_id": "cheats_folder_tgfx16"}, "Cheats/TGFX16/Hanii in the Sky (Japan) [BF3E2CC7].zip": {"hash": "25e938555de0e30eebc153ef274d6433", "size": 284, "tags": [2, 15], "zip_id": "cheats_folder_tgfx16"}, "Cheats/TGFX16/Hanii on the Road (Japan) [9897FA86].zip": {"hash": "66f945e64d999c0087b055184aba31d7", "size": 402, "tags": [2, 15], "zip_id": "cheats_folder_tgfx16"}, "Cheats/TGFX16/Heavy Unit (Japan) [EB923DE5].zip": {"hash": "7b1b86905df14fc5e651b7c90b2f71b3", "size": 403, "tags": [2, 15], "zip_id": "cheats_folder_tgfx16"}, "Cheats/TGFX16/Hit the Ice - VHL - The Official Video Hockey League (USA) [8B29C3AA].zip": {"hash": "fda7264d4215e88e99a06fa6c5d85c9c", "size": 271, "tags": [2, 15], "zip_id": "cheats_folder_tgfx16"}, "Cheats/TGFX16/Idol Hanafuda Fan Club (Japan) (Unl) [9EC6FC6C].zip": {"hash": "6c2f94e81c9483fa675a1cfc725285d8", "size": 616, "tags": [2, 15], "zip_id": "cheats_folder_tgfx16"}, "Cheats/TGFX16/Image Fight (Japan) [A80C565F].zip": {"hash": "88983989ab3e536513f7089f858e3d91", "size": 270, "tags": [2, 15], "zip_id": "cheats_folder_tgfx16"}, "Cheats/TGFX16/Impossamole (USA) [E2470F5F].zip": {"hash": "e18c22ff26aff112a1740ecc717674c3", "size": 546, "tags": [2, 15], "zip_id": "cheats_folder_tgfx16"}, "Cheats/TGFX16/J.J. & Jeff (USA) [E01C5127].zip": {"hash": "cfc36bfb2d885c299e3b46141524dd95", "size": 560, "tags": [2, 15], "zip_id": "cheats_folder_tgfx16"}, "Cheats/TGFX16/J.League Greatest Eleven (Japan) [0AD97B04].zip": {"hash": "d19a69a7f225418e155021e38268d7eb", "size": 419, "tags": [2, 15], "zip_id": "cheats_folder_tgfx16"}, "Cheats/TGFX16/Jack Nicklaus - Championship Golf (Japan) [EA751E82].zip": {"hash": "50a23d55bfec7921b6eb32917284e6db", "size": 284, "tags": [2, 15], "zip_id": "cheats_folder_tgfx16"}, "Cheats/TGFX16/Jack Nicklaus' Turbo Golf (USA) [83384572].zip": {"hash": "50a23d55bfec7921b6eb32917284e6db", "size": 284, "tags": [2, 15], "zip_id": "cheats_folder_tgfx16"}, "Cheats/TGFX16/Jackie Chan's Action Kung Fu (USA) [9D2F6193].zip": {"hash": "8786ad865f73d87db6230f63f036ba8e", "size": 739, "tags": [2, 15], "zip_id": "cheats_folder_tgfx16"}, "Cheats/TGFX16/Jaseiken Necromancer (Japan) [53109AE6].zip": {"hash": "26565802dedeec7283bcdc7c5977c63b", "size": 1530, "tags": [2, 15], "zip_id": "cheats_folder_tgfx16"}, "Cheats/TGFX16/Jigoku Meguri (Japan) [CC7D3EEB].zip": {"hash": "c69ebe6c623d4de536e76a02e9d1825f", "size": 566, "tags": [2, 15], "zip_id": "cheats_folder_tgfx16"}, "Cheats/TGFX16/Jinmu Denshou (Japan) [C150637A].zip": {"hash": "9207dbd639162a37d5082c76675efa52", "size": 408, "tags": [2, 15], "zip_id": "cheats_folder_tgfx16"}, "Cheats/TGFX16/Juuouki (Japan) [C8C7D63E].zip": {"hash": "859902299fc9625f5e3b5e21add69740", "size": 728, "tags": [2, 15], "zip_id": "cheats_folder_tgfx16"}, "Cheats/TGFX16/Kaizou Choujin Shubibinman (Japan) [A9084D6E].zip": {"hash": "608272cc9a7191ba0171bbda812da277", "size": 429, "tags": [2, 15], "zip_id": "cheats_folder_tgfx16"}, "Cheats/TGFX16/Kaizou Choujin Shubibinman 2 - Aratanaru Teki (Japan) [109BA474].zip": {"hash": "70977d54c741b3136f2e5f4e508907c0", "size": 691, "tags": [2, 15], "zip_id": "cheats_folder_tgfx16"}, "Cheats/TGFX16/Kato-chan Ken-chan (Japan) [6069C5E7].zip": {"hash": "c807a2bad37e3eaa41ad72d2d42bb8ea", "size": 594, "tags": [2, 15], "zip_id": "cheats_folder_tgfx16"}, "Cheats/TGFX16/Kattobi! Takuhai-kun (Japan) [4F2844B0].zip": {"hash": "8271d2a3a2cb73c0d095c79959bb5f43", "size": 534, "tags": [2, 15], "zip_id": "cheats_folder_tgfx16"}, "Cheats/TGFX16/Keith Courage in Alpha Zones (USA) [474D7A72].zip": {"hash": "0e19fe2856ac8201332a70dca06b5ee1", "size": 1028, "tags": [2, 15], "zip_id": "cheats_folder_tgfx16"}, "Cheats/TGFX16/KickBall (Japan) [7E3C367B].zip": {"hash": "bc85f832dda396740561115156c0ff5a", "size": 667, "tags": [2, 15], "zip_id": "cheats_folder_tgfx16"}, "Cheats/TGFX16/Kiki Kaikai (Japan) [C0CB5ADD].zip": {"hash": "4744badd50dd653b95e95455cdcc32c3", "size": 422, "tags": [2, 15], "zip_id": "cheats_folder_tgfx16"}, "Cheats/TGFX16/Klax (USA) [0F1B59B4].zip": {"hash": "41d8f401fc5caacc785df5f805aa013f", "size": 433, "tags": [2, 15], "zip_id": "cheats_folder_tgfx16"}, "Cheats/TGFX16/Knight Rider Special (Japan) [C614116C].zip": {"hash": "b241b261b851d3f8dd4f87a05beecf45", "size": 404, "tags": [2, 15], "zip_id": "cheats_folder_tgfx16"}, "Cheats/TGFX16/Kung Fu, The (Japan) [B552C906].zip": {"hash": "cbe7bfad4d5af160acd36d168fa53a24", "size": 410, "tags": [2, 15], "zip_id": "cheats_folder_tgfx16"}, "Cheats/TGFX16/Kyuukyoku Tiger (Japan) [09509315].zip": {"hash": "2be0eda38bfd5b0bbfb3fd67ffbdd498", "size": 562, "tags": [2, 15], "zip_id": "cheats_folder_tgfx16"}, "Cheats/TGFX16/Lady Sword - Ryakudatsu Sareta 10-nin no Otome (Japan) (Unl) [C6F764EC].zip": {"hash": "4f61d4c1ff26ee617fe297729659fbe7", "size": 888, "tags": [2, 15], "zip_id": "cheats_folder_tgfx16"}, "Cheats/TGFX16/Legend of Hero Tonma (U) [0258ACCB].zip": {"hash": "9288ac55aff701f7d02b63c116037a4c", "size": 406, "tags": [2, 15], "zip_id": "cheats_folder_tgfx16"}, "Cheats/TGFX16/Legend of Hero Tonma (USA) [3C131486].zip": {"hash": "5cf0aa213ec69fb127f29da8e9a03186", "size": 1532, "tags": [2, 15], "zip_id": "cheats_folder_tgfx16"}, "Cheats/TGFX16/Legendary Axe II (USA) [220EBF91].zip": {"hash": "3ee01122c460e1e9e222d87a0f364296", "size": 1559, "tags": [2, 15], "zip_id": "cheats_folder_tgfx16"}, "Cheats/TGFX16/Legendary Axe, The (USA) [2D211007].zip": {"hash": "f8a310280c14fc73c5014739beff2bf9", "size": 1164, "tags": [2, 15], "zip_id": "cheats_folder_tgfx16"}, "Cheats/TGFX16/Lode Runner - Lost Labyrinth (Japan) [E6EE1468].zip": {"hash": "9ed0ec4aa97a69726e04e500cf87eca0", "size": 451, "tags": [2, 15], "zip_id": "cheats_folder_tgfx16"}, "Cheats/TGFX16/Madouou Granzort (J) (SGX) [1F041166].zip": {"hash": "88d50dc01e8d74e4a3dbc39e5a828e6e", "size": 546, "tags": [2, 15], "zip_id": "cheats_folder_tgfx16"}, "Cheats/TGFX16/Maerchen Maze (Japan) [A15A1F37].zip": {"hash": "c13449b66433768a63642ae63e5c48f8", "size": 836, "tags": [2, 15], "zip_id": "cheats_folder_tgfx16"}, "Cheats/TGFX16/Magical Chase (Japan) [DD0EBF8C].zip": {"hash": "8e0c10b834a3dff19bc0a562a55c9a5b", "size": 828, "tags": [2, 15], "zip_id": "cheats_folder_tgfx16"}, "Cheats/TGFX16/Magical Chase (USA) [95CD2979].zip": {"hash": "9f3172b16265ed798dc197ddb7077bc7", "size": 978, "tags": [2, 15], "zip_id": "cheats_folder_tgfx16"}, "Cheats/TGFX16/Makai Prince Dorabocchan (Japan) [B101B333].zip": {"hash": "024c1883dca46e6df4bfbae71d271199", "size": 1476, "tags": [2, 15], "zip_id": "cheats_folder_tgfx16"}, "Cheats/TGFX16/Maniac Pro Wres - Asu e no Tatakai (Japan) [99F2865C].zip": {"hash": "be4e2fde1b80a1b5df3c62ff44d96f1e", "size": 1131, "tags": [2, 15], "zip_id": "cheats_folder_tgfx16"}, "Cheats/TGFX16/Mesopotamia (Japan) [E87190F1].zip": {"hash": "a94ccc7f5e4aa23903e08c210ef02f7e", "size": 540, "tags": [2, 15], "zip_id": "cheats_folder_tgfx16"}, "Cheats/TGFX16/Metal Stoker (Japan) [25A02BEE].zip": {"hash": "a85c63802aeb28aee264678e392342ca", "size": 410, "tags": [2, 15], "zip_id": "cheats_folder_tgfx16"}, "Cheats/TGFX16/Military Madness (USA) [93F316F7].zip": {"hash": "9cf6e18766681aacf65892116d18e298", "size": 283, "tags": [2, 15], "zip_id": "cheats_folder_tgfx16"}, "Cheats/TGFX16/Mizubaku Daibouken (Japan) [B2EF558D].zip": {"hash": "3621baa58ea5c71d40ce1a55457a7021", "size": 408, "tags": [2, 15], "zip_id": "cheats_folder_tgfx16"}, "Cheats/TGFX16/Momotarou Densetsu Turbo (Japan) [625221A6].zip": {"hash": "183e5e7c91d7f068aeb8f8453151dfce", "size": 282, "tags": [2, 15], "zip_id": "cheats_folder_tgfx16"}, "Cheats/TGFX16/Momotarou Katsugeki (Japan) [345F43E9].zip": {"hash": "353f43ad1c4ee7ef662a5f68172dabdb", "size": 1256, "tags": [2, 15], "zip_id": "cheats_folder_tgfx16"}, "Cheats/TGFX16/Monster Pro Wres (Japan) [F2E46D25].zip": {"hash": "6a54d566af951b422ee6bf72ab895736", "size": 1415, "tags": [2, 15], "zip_id": "cheats_folder_tgfx16"}, "Cheats/TGFX16/Moto Roader (USA) [E2B0D544].zip": {"hash": "03eb232d183d750b4a330ad9032e2a79", "size": 430, "tags": [2, 15], "zip_id": "cheats_folder_tgfx16"}, "Cheats/TGFX16/Moto Roader II (Japan) [0B7F6E5F].zip": {"hash": "abcb70de46b133cef7b3728a8a327b75", "size": 578, "tags": [2, 15], "zip_id": "cheats_folder_tgfx16"}, "Cheats/TGFX16/Mr. Heli no Daibouken (Japan) [2CB92290].zip": {"hash": "80d92a02efea9b0cd1bc4e03d0f86159", "size": 719, "tags": [2, 15], "zip_id": "cheats_folder_tgfx16"}, "Cheats/TGFX16/Naxat Open (Japan) [60ECAE22].zip": {"hash": "808fa6e56564411ab62790d304085153", "size": 284, "tags": [2, 15], "zip_id": "cheats_folder_tgfx16"}, "Cheats/TGFX16/Naxat Stadium (Japan) [20A7D128].zip": {"hash": "a95a6babe45c74e8726eeea2e7d508df", "size": 703, "tags": [2, 15], "zip_id": "cheats_folder_tgfx16"}, "Cheats/TGFX16/Naxat Stadium (Tai Sang Version) (J) [FBA3A1A4].zip": {"hash": "a95a6babe45c74e8726eeea2e7d508df", "size": 703, "tags": [2, 15], "zip_id": "cheats_folder_tgfx16"}, "Cheats/TGFX16/Necros no Yousai (Japan) [FB0FDCFE].zip": {"hash": "038096d07ab6d0a04125628b8b3a2a2f", "size": 682, "tags": [2, 15], "zip_id": "cheats_folder_tgfx16"}, "Cheats/TGFX16/Nekketsu Koukou Dodgeball-bu - PC Bangai Hen (Japan) [65FDB863].zip": {"hash": "b45c5dd9405570c026bf7eb80f6a199e", "size": 288, "tags": [2, 15], "zip_id": "cheats_folder_tgfx16"}, "Cheats/TGFX16/Nekketsu Koukou Dodgeball-bu - PC Soccer Hen (Japan) [F2285C6D].zip": {"hash": "733b842dc0507ef837ec20b626574bda", "size": 271, "tags": [2, 15], "zip_id": "cheats_folder_tgfx16"}, "Cheats/TGFX16/Neutopia (USA) [A9A94E1B].zip": {"hash": "9a8469a347125df8a609f6451cb291ef", "size": 2579, "tags": [2, 15], "zip_id": "cheats_folder_tgfx16"}, "Cheats/TGFX16/Neutopia II (USA) [C4ED4307].zip": {"hash": "e07be145b2ac21cca0acfb4059e24514", "size": 3902, "tags": [2, 15], "zip_id": "cheats_folder_tgfx16"}, "Cheats/TGFX16/New Adventure Island (USA) [756A1802].zip": {"hash": "583c7004db37f91566de1a8e584b0682", "size": 706, "tags": [2, 15], "zip_id": "cheats_folder_tgfx16"}, "Cheats/TGFX16/NewZealand Story, The (Japan) [8E4D75A8].zip": {"hash": "1a47b64ad096fa9e64673dbc238dd4c8", "size": 582, "tags": [2, 15], "zip_id": "cheats_folder_tgfx16"}, "Cheats/TGFX16/Night Creatures (USA) [C159761B].zip": {"hash": "4df8d320364150678ee940321a35b717", "size": 2337, "tags": [2, 15], "zip_id": "cheats_folder_tgfx16"}, "Cheats/TGFX16/Niko Niko Pun (Japan) [82DEF9EE].zip": {"hash": "4b67e0adbddf41b2fbb65c76ef7bac2a", "size": 400, "tags": [2, 15], "zip_id": "cheats_folder_tgfx16"}, "Cheats/TGFX16/Ninja Ryuukenden (Japan) (En,Ja,Zh) [67573BAC].zip": {"hash": "1df6e6a07650af8e8cdd0041d8c5beec", "size": 981, "tags": [2, 15], "zip_id": "cheats_folder_tgfx16"}, "Cheats/TGFX16/Ninja Spirit (USA) [DE8AF1C1].zip": {"hash": "9f0e2bcf65c60867f4e176953028a646", "size": 854, "tags": [2, 15], "zip_id": "cheats_folder_tgfx16"}, "Cheats/TGFX16/Ninja Warriors, The (Japan) [96E0CD9D].zip": {"hash": "845049d079552f458cddc1b009b4fcb5", "size": 550, "tags": [2, 15], "zip_id": "cheats_folder_tgfx16"}, "Cheats/TGFX16/Obocchama-kun (Japan) [4D3B0BC9].zip": {"hash": "01a4a6b7da684fd19f71fcafaff93b3d", "size": 282, "tags": [2, 15], "zip_id": "cheats_folder_tgfx16"}, "Cheats/TGFX16/Operation Wolf (Japan) [FF898F87].zip": {"hash": "854f99d5619059e0aac40d8bcf83dbd2", "size": 710, "tags": [2, 15], "zip_id": "cheats_folder_tgfx16"}, "Cheats/TGFX16/Ordyne (USA) [E7BF2A74].zip": {"hash": "d821e3831bf0c39b35bc7330b0127290", "size": 1610, "tags": [2, 15], "zip_id": "cheats_folder_tgfx16"}, "Cheats/TGFX16/Out Live (Japan) [5CDB3F5B].zip": {"hash": "16ad1a308c36aa3730d6eec197cca72e", "size": 286, "tags": [2, 15], "zip_id": "cheats_folder_tgfx16"}, "Cheats/TGFX16/Out Run (Japan) [E203F223].zip": {"hash": "a7fd97c9a57046763b362437413dc76f", "size": 598, "tags": [2, 15], "zip_id": "cheats_folder_tgfx16"}, "Cheats/TGFX16/Override (Japan) [B74EC562].zip": {"hash": "c3f7e098c561993e4352a039f886813a", "size": 546, "tags": [2, 15], "zip_id": "cheats_folder_tgfx16"}, "Cheats/TGFX16/P-47 - The Freedom Fighter (Japan) [7632DB90].zip": {"hash": "31da110da3105325a5d190da11c404e4", "size": 408, "tags": [2, 15], "zip_id": "cheats_folder_tgfx16"}, "Cheats/TGFX16/PC Denjin - Punkic Cyborgs (Japan) [740491C2].zip": {"hash": "d4ac6f80402938e202730550dd027829", "size": 545, "tags": [2, 15], "zip_id": "cheats_folder_tgfx16"}, "Cheats/TGFX16/PC Genjin - Pithecanthropus Computerurus (Japan) [2CB5CD55].zip": {"hash": "387689ce0451cbf760a6f04f89dfede4", "size": 550, "tags": [2, 15], "zip_id": "cheats_folder_tgfx16"}, "Cheats/TGFX16/PC Genjin 2 - Pithecanthropus Computerurus (Japan) [3028F7CA].zip": {"hash": "9cc5b18ea26282e4e489f207f47617aa", "size": 680, "tags": [2, 15], "zip_id": "cheats_folder_tgfx16"}, "Cheats/TGFX16/PC Genjin 3 - Pithecanthropus Computerurus (Japan) [A170B60E].zip": {"hash": "278d4eb6184f017b4898cb5e8016d2a5", "size": 752, "tags": [2, 15], "zip_id": "cheats_folder_tgfx16"}, "Cheats/TGFX16/Pac-Land (USA) [D6E30CCD].zip": {"hash": "bb25fcf5eb2121aef4a9f466f744f7eb", "size": 429, "tags": [2, 15], "zip_id": "cheats_folder_tgfx16"}, "Cheats/TGFX16/Paranoia (Japan) [9893E0E6].zip": {"hash": "07a53d52f33c0fe4868a60522d260c3c", "size": 278, "tags": [2, 15], "zip_id": "cheats_folder_tgfx16"}, "Cheats/TGFX16/Parasol Stars - The Story of Bubble Bobble III (USA) [E6458212].zip": {"hash": "457b8865a07da42f01191d30220b62e3", "size": 1139, "tags": [2, 15], "zip_id": "cheats_folder_tgfx16"}, "Cheats/TGFX16/Parodius Da! - Shinwa kara Owarai e (Japan) [647718F9].zip": {"hash": "bbe6e43167670ad6c97397b4a79ef087", "size": 442, "tags": [2, 15], "zip_id": "cheats_folder_tgfx16"}, "Cheats/TGFX16/Power Eleven (Japan) [3E647D8B].zip": {"hash": "3c249e05c52c96003ff6ed8e405980c5", "size": 548, "tags": [2, 15], "zip_id": "cheats_folder_tgfx16"}, "Cheats/TGFX16/Power Gate (Japan) [BE8B6E3B].zip": {"hash": "0465438e9902718052e17b17b5df0193", "size": 278, "tags": [2, 15], "zip_id": "cheats_folder_tgfx16"}, "Cheats/TGFX16/Power League '93 (Japan) [7D3E6F33].zip": {"hash": "e8ac58c0582d5bf99102270102daf4a3", "size": 821, "tags": [2, 15], "zip_id": "cheats_folder_tgfx16"}, "Cheats/TGFX16/Power League (Japan) [69180984].zip": {"hash": "92dd56625d8de9676fbc60426102f88e", "size": 723, "tags": [2, 15], "zip_id": "cheats_folder_tgfx16"}, "Cheats/TGFX16/Power League 4 (Japan) [30CC3563].zip": {"hash": "4093d77b96d6fb9bdb546ced0b02995f", "size": 825, "tags": [2, 15], "zip_id": "cheats_folder_tgfx16"}, "Cheats/TGFX16/Power League 5 (Japan) [8B61E029].zip": {"hash": "4093d77b96d6fb9bdb546ced0b02995f", "size": 825, "tags": [2, 15], "zip_id": "cheats_folder_tgfx16"}, "Cheats/TGFX16/Power League II (Japan) [C5FDFA89].zip": {"hash": "4093d77b96d6fb9bdb546ced0b02995f", "size": 825, "tags": [2, 15], "zip_id": "cheats_folder_tgfx16"}, "Cheats/TGFX16/Power League III (Japan) [8AA4B220].zip": {"hash": "4093d77b96d6fb9bdb546ced0b02995f", "size": 825, "tags": [2, 15], "zip_id": "cheats_folder_tgfx16"}, "Cheats/TGFX16/Pro Yakyuu World Stadium '91 (Japan) [66B167A9].zip": {"hash": "56e836a12a27f40e98db6a8686741aa8", "size": 820, "tags": [2, 15], "zip_id": "cheats_folder_tgfx16"}, "Cheats/TGFX16/Pro Yakyuu World Stadium (Japan) [34E089A9].zip": {"hash": "56e836a12a27f40e98db6a8686741aa8", "size": 820, "tags": [2, 15], "zip_id": "cheats_folder_tgfx16"}, "Cheats/TGFX16/Psycho Chaser (Japan) [03883EE8].zip": {"hash": "f728f4b3a9a815f23bb1e71d847cb9ec", "size": 545, "tags": [2, 15], "zip_id": "cheats_folder_tgfx16"}, "Cheats/TGFX16/Psychosis (USA) [6CC10824].zip": {"hash": "747dbd0b471290241de0d89414671228", "size": 412, "tags": [2, 15], "zip_id": "cheats_folder_tgfx16"}, "Cheats/TGFX16/Puzznic (Japan) [965C95B3].zip": {"hash": "b7d632da64b5ff31444205bad9f55f48", "size": 412, "tags": [2, 15], "zip_id": "cheats_folder_tgfx16"}, "Cheats/TGFX16/R-Type (Tai Sang Version) (J) [45FC8CB9].zip": {"hash": "13090eb015eec5021e005cc195e557ce", "size": 580, "tags": [2, 15], "zip_id": "cheats_folder_tgfx16"}, "Cheats/TGFX16/R-Type (USA) [91CE5156].zip": {"hash": "0272677ff7be85b330983aacbfb091de", "size": 951, "tags": [2, 15], "zip_id": "cheats_folder_tgfx16"}, "Cheats/TGFX16/R-Type I (Japan) [CEC3D28A].zip": {"hash": "ef02f4a4c19f6869648d79ee33d929ee", "size": 724, "tags": [2, 15], "zip_id": "cheats_folder_tgfx16"}, "Cheats/TGFX16/R-Type II (Japan) [F207ECAE].zip": {"hash": "0e009ae6ad3414b922dc84a121ab2ed5", "size": 580, "tags": [2, 15], "zip_id": "cheats_folder_tgfx16"}, "Cheats/TGFX16/R-Type Part-2 (Tai Sang Version) (J) [CE4FBEFE].zip": {"hash": "0e009ae6ad3414b922dc84a121ab2ed5", "size": 580, "tags": [2, 15], "zip_id": "cheats_folder_tgfx16"}, "Cheats/TGFX16/Rabio Lepus Special (Japan) [D8373DE6].zip": {"hash": "49f3d8400a5e8e71a861436f75555507", "size": 873, "tags": [2, 15], "zip_id": "cheats_folder_tgfx16"}, "Cheats/TGFX16/Racing Damashii (Japan) [3E79734C].zip": {"hash": "af6247d51c248e7855339b70603e46f9", "size": 423, "tags": [2, 15], "zip_id": "cheats_folder_tgfx16"}, "Cheats/TGFX16/Raiden (USA) [BC59C31E].zip": {"hash": "2ed918d5b65cf31b2f0c707576c62c69", "size": 1009, "tags": [2, 15], "zip_id": "cheats_folder_tgfx16"}, "Cheats/TGFX16/Rastan Saga II (Japan) [00C38E69].zip": {"hash": "444614269c07e753ffce94bde78d2196", "size": 555, "tags": [2, 15], "zip_id": "cheats_folder_tgfx16"}, "Cheats/TGFX16/Rock-On (Japan) [2FD65312].zip": {"hash": "99b3cdde686464e83acd60ded8d6bf5a", "size": 689, "tags": [2, 15], "zip_id": "cheats_folder_tgfx16"}, "Cheats/TGFX16/Salamander (Japan) [FAECCE20].zip": {"hash": "0721e9c48941aad0960a9bb0abe39b05", "size": 576, "tags": [2, 15], "zip_id": "cheats_folder_tgfx16"}, "Cheats/TGFX16/Samurai-Ghost (USA) [77A924B7].zip": {"hash": "5e242a785f7789e6cb2b8efc6b3c581a", "size": 435, "tags": [2, 15], "zip_id": "cheats_folder_tgfx16"}, "Cheats/TGFX16/Shinobi (Japan) [BC655CF3].zip": {"hash": "ff99136c6f0473114ab1c1c8c60ec5d9", "size": 850, "tags": [2, 15], "zip_id": "cheats_folder_tgfx16"}, "Cheats/TGFX16/Shiryou Sensen - War of the Dead (Japan) [469A0FDF].zip": {"hash": "2b8ffd9167d01129d4775162b29e9765", "size": 290, "tags": [2, 15], "zip_id": "cheats_folder_tgfx16"}, "Cheats/TGFX16/Shockman (USA) [2774462C].zip": {"hash": "ceefab3404bd3a2bf29189e111e0688c", "size": 859, "tags": [2, 15], "zip_id": "cheats_folder_tgfx16"}, "Cheats/TGFX16/SideArms (USA) [D1993C9F].zip": {"hash": "86db168c972bf7bc1e4cccb72b1ac846", "size": 692, "tags": [2, 15], "zip_id": "cheats_folder_tgfx16"}, "Cheats/TGFX16/SideArms - Hyper Dyne (Japan) [E5E7B8B7].zip": {"hash": "86db168c972bf7bc1e4cccb72b1ac846", "size": 692, "tags": [2, 15], "zip_id": "cheats_folder_tgfx16"}, "Cheats/TGFX16/Silent Debuggers (USA) [FA7E5D66].zip": {"hash": "3ddab6bf8da33e90346c92083201ffa8", "size": 880, "tags": [2, 15], "zip_id": "cheats_folder_tgfx16"}, "Cheats/TGFX16/Sinistron (USA) [4F6E2DBD].zip": {"hash": "11381b2d85460252d07f800c43ceba4c", "size": 278, "tags": [2, 15], "zip_id": "cheats_folder_tgfx16"}, "Cheats/TGFX16/Skweek (Japan) [4D539C9F].zip": {"hash": "9223dbb811e7ce45e4e94dd7733f1416", "size": 444, "tags": [2, 15], "zip_id": "cheats_folder_tgfx16"}, "Cheats/TGFX16/Soldier Blade (USA) [4BB68B13].zip": {"hash": "f3f717bb54cdbe147caf207d1f0652e6", "size": 580, "tags": [2, 15], "zip_id": "cheats_folder_tgfx16"}, "Cheats/TGFX16/Somer Assault (USA) [8FCAF2E9].zip": {"hash": "3a63672bdd4560a6f9b7eeb3e795807f", "size": 554, "tags": [2, 15], "zip_id": "cheats_folder_tgfx16"}, "Cheats/TGFX16/Son Son II (Japan) [D7921DF2].zip": {"hash": "3c8d15e8f77fe245e2986aea79e2a1a1", "size": 550, "tags": [2, 15], "zip_id": "cheats_folder_tgfx16"}, "Cheats/TGFX16/Space Harrier (USA) [43B05EB8].zip": {"hash": "ed8bbe697a9984b20b2701fe3acbe0d3", "size": 408, "tags": [2, 15], "zip_id": "cheats_folder_tgfx16"}, "Cheats/TGFX16/Splatterhouse (USA) [D00CA74F].zip": {"hash": "132e71a18fec6d28f5fbc968e009471e", "size": 2273, "tags": [2, 15], "zip_id": "cheats_folder_tgfx16"}, "Cheats/TGFX16/Street Fighter II' - Champion Edition (Japan) [D15CB6BB].zip": {"hash": "f17019e1ceddf388c54bd3c34baf1a6b", "size": 1918, "tags": [2, 15], "zip_id": "cheats_folder_tgfx16"}, "Cheats/TGFX16/Strip Fighter II (Japan) (Unl) [D6FC51CE].zip": {"hash": "a3ffaeae3bd8d7f94d40fb55fe5a54aa", "size": 918, "tags": [2, 15], "zip_id": "cheats_folder_tgfx16"}, "Cheats/TGFX16/Super Mario Bros [3347B4C8].zip": {"hash": "fe7ad38fdd53fac88630b9db360013b4", "size": 286, "tags": [2, 15], "zip_id": "cheats_folder_tgfx16"}, "Cheats/TGFX16/Super Metal Crusher (Japan) [56488B36].zip": {"hash": "1cd65c22420a521ba3e6a78ebf8d68b3", "size": 4502, "tags": [2, 15], "zip_id": "cheats_folder_tgfx16"}, "Cheats/TGFX16/Super Star Soldier (USA) [DB29486F].zip": {"hash": "13f25fe3ce46b90cd764292797e92393", "size": 408, "tags": [2, 15], "zip_id": "cheats_folder_tgfx16"}, "Cheats/TGFX16/Super Volleyball (USA) [245040B3].zip": {"hash": "52e84f407f1a5f94b7892770cc22d432", "size": 421, "tags": [2, 15], "zip_id": "cheats_folder_tgfx16"}, "Cheats/TGFX16/Susanoou Densetsu (Japan) [CF73D8FC].zip": {"hash": "b0819a2e5454c7ecde9f42ff14d5af32", "size": 790, "tags": [2, 15], "zip_id": "cheats_folder_tgfx16"}, "Cheats/TGFX16/TV Sports Basketball (USA) [EA54D653].zip": {"hash": "918e9e880f8569aa1d12b45865162db8", "size": 712, "tags": [2, 15], "zip_id": "cheats_folder_tgfx16"}, "Cheats/TGFX16/TV Sports Football (USA) [5E25B557].zip": {"hash": "dbacff55c7b102c05704446d392467ba", "size": 564, "tags": [2, 15], "zip_id": "cheats_folder_tgfx16"}, "Cheats/TGFX16/TV Sports Hockey (USA) [97FE5BCF].zip": {"hash": "934061bad0e257a25861b6e064e1cc57", "size": 415, "tags": [2, 15], "zip_id": "cheats_folder_tgfx16"}, "Cheats/TGFX16/Takahashi Meijin no Shin Bouken-jima (Japan) [E415EA19].zip": {"hash": "6edb8d1dce5d6c23108e1a96ae741648", "size": 435, "tags": [2, 15], "zip_id": "cheats_folder_tgfx16"}, "Cheats/TGFX16/Takeda Shingen (Japan) [F022BE13].zip": {"hash": "b530befc3d38f25f9808b3f48d138326", "size": 547, "tags": [2, 15], "zip_id": "cheats_folder_tgfx16"}, "Cheats/TGFX16/Takin' it to the Hoop (USA) [E9D51797].zip": {"hash": "d957ae82a5853db2bdf0d4967557f54d", "size": 280, "tags": [2, 15], "zip_id": "cheats_folder_tgfx16"}, "Cheats/TGFX16/TaleSpin (USA) [BAE9CECC].zip": {"hash": "48a16aadb66147c9b857770733f9b547", "size": 550, "tags": [2, 15], "zip_id": "cheats_folder_tgfx16"}, "Cheats/TGFX16/Tatsujin (Japan) [A6088275].zip": {"hash": "55d066bafea0385af83fd4f08078b54c", "size": 562, "tags": [2, 15], "zip_id": "cheats_folder_tgfx16"}, "Cheats/TGFX16/Tatsunoko Fighter (Japan) [EEB6DD43].zip": {"hash": "1800b2ac1d84255e748d8b0a9128ca64", "size": 540, "tags": [2, 15], "zip_id": "cheats_folder_tgfx16"}, "Cheats/TGFX16/Tenseiryuu - Saint Dragon (Japan) [2E278CCB].zip": {"hash": "f04ef1a21dbff0228d908fe14e68cf54", "size": 278, "tags": [2, 15], "zip_id": "cheats_folder_tgfx16"}, "Cheats/TGFX16/Terra Cresta II - Mandoler no Gyakushuu (Japan) [1B2D0077].zip": {"hash": "401c9d02b056d2177ea5deb11be2666b", "size": 561, "tags": [2, 15], "zip_id": "cheats_folder_tgfx16"}, "Cheats/TGFX16/Thunder Blade (Japan) [DDC3E809].zip": {"hash": "62f54ec48ce7856f54ff559a95c068ef", "size": 278, "tags": [2, 15], "zip_id": "cheats_folder_tgfx16"}, "Cheats/TGFX16/Tiger Road (USA) [985D492D].zip": {"hash": "14e890c3024c711b0c955b91656e12ee", "size": 544, "tags": [2, 15], "zip_id": "cheats_folder_tgfx16"}, "Cheats/TGFX16/Time Cruise (USA) [02C39660].zip": {"hash": "418f235e984f5a5e6da6a61ffa71a957", "size": 613, "tags": [2, 15], "zip_id": "cheats_folder_tgfx16"}, "Cheats/TGFX16/Time Cruise II (Japan) [CFEC1D6A].zip": {"hash": "6d52cb30d4b21eb6992f7adc256e29d4", "size": 278, "tags": [2, 15], "zip_id": "cheats_folder_tgfx16"}, "Cheats/TGFX16/Titan (Japan) [D20F382F].zip": {"hash": "da24f58f18403ee219b556d14778f5be", "size": 282, "tags": [2, 15], "zip_id": "cheats_folder_tgfx16"}, "Cheats/TGFX16/Toilet Kids (Japan) [53B7784B].zip": {"hash": "ce3787c08a0d5a7e4536710a28797153", "size": 696, "tags": [2, 15], "zip_id": "cheats_folder_tgfx16"}, "Cheats/TGFX16/Tora e no Michi (Japan) [82AE3B16].zip": {"hash": "5e75fae49a5dda7acec749a2d42a3114", "size": 420, "tags": [2, 15], "zip_id": "cheats_folder_tgfx16"}, "Cheats/TGFX16/Tower of Druaga, The (Japan) [72E00BC4].zip": {"hash": "d1c2b53dab959e579e5923c35ba6be9c", "size": 3711, "tags": [2, 15], "zip_id": "cheats_folder_tgfx16"}, "Cheats/TGFX16/Toy Shop Boys (Japan) [97C5EE9A].zip": {"hash": "7e17f1b5c0f2ce389e8395da228f9bdd", "size": 534, "tags": [2, 15], "zip_id": "cheats_folder_tgfx16"}, "Cheats/TGFX16/Tricky (Japan) [3AEA2F8F].zip": {"hash": "bc8381f90d8dfdadd87755dd4894cee7", "size": 832, "tags": [2, 15], "zip_id": "cheats_folder_tgfx16"}, "Cheats/TGFX16/Tricky Kick (USA) [48E6FD34].zip": {"hash": "b01250423fddf0323f127bf5976d82cb", "size": 832, "tags": [2, 15], "zip_id": "cheats_folder_tgfx16"}, "Cheats/TGFX16/Turrican (USA) [EB045EDF].zip": {"hash": "fe70c29188b242e44b2d92a8f1355163", "size": 869, "tags": [2, 15], "zip_id": "cheats_folder_tgfx16"}, "Cheats/TGFX16/USA Pro Basketball (Japan) [1CAD4B7F].zip": {"hash": "d957ae82a5853db2bdf0d4967557f54d", "size": 280, "tags": [2, 15], "zip_id": "cheats_folder_tgfx16"}, "Cheats/TGFX16/Valkyrie no Densetsu (Japan) [A3303978].zip": {"hash": "cec3aaa22597604e7a496921070b6dcf", "size": 572, "tags": [2, 15], "zip_id": "cheats_folder_tgfx16"}, "Cheats/TGFX16/Veigues - Tactical Gladiator (USA) [99D14FB7].zip": {"hash": "95047faabcfdcbdae556613ae696f943", "size": 1593, "tags": [2, 15], "zip_id": "cheats_folder_tgfx16"}, "Cheats/TGFX16/Vigilante (USA) [79D49A0D].zip": {"hash": "651eb09f8cc943a6a480ab9ca8621149", "size": 1392, "tags": [2, 15], "zip_id": "cheats_folder_tgfx16"}, "Cheats/TGFX16/Violent Soldier (Japan) [1BC36B36].zip": {"hash": "ebfc0b8d20e53300a11731668ff3d9c8", "size": 825, "tags": [2, 15], "zip_id": "cheats_folder_tgfx16"}, "Cheats/TGFX16/Volfied (Japan) [AD226F30].zip": {"hash": "ce48f5a1945a4898535a3a9e08876c35", "size": 278, "tags": [2, 15], "zip_id": "cheats_folder_tgfx16"}, "Cheats/TGFX16/W Ring - The Double Rings (J) [a1] [5EB0CD7E].zip": {"hash": "9d50e8bb8e5de1d828701aecc0a99f24", "size": 278, "tags": [2, 15], "zip_id": "cheats_folder_tgfx16"}, "Cheats/TGFX16/W-Ring - The Double Rings (Japan) [BE990010].zip": {"hash": "a11b02f0f17c26c9b4d9a378d4de4cbd", "size": 429, "tags": [2, 15], "zip_id": "cheats_folder_tgfx16"}, "Cheats/TGFX16/Wonder Momo (Japan) [59D07314].zip": {"hash": "f5399754748bdf4ec064ac6b98ecda9c", "size": 296, "tags": [2, 15], "zip_id": "cheats_folder_tgfx16"}, "Cheats/TGFX16/World Class Baseball (USA) [4186D0C0].zip": {"hash": "b57c0281bed2664b48ce0322d59655c4", "size": 972, "tags": [2, 15], "zip_id": "cheats_folder_tgfx16"}, "Cheats/TGFX16/World Court Tennis (USA) [A4457DF0].zip": {"hash": "9200159212a41a7b10ac804536013650", "size": 738, "tags": [2, 15], "zip_id": "cheats_folder_tgfx16"}, "Cheats/TGFX16/Youkai Douchuuki (Japan) [F131B706].zip": {"hash": "581b781c312535300c5e25284064c41d", "size": 540, "tags": [2, 15], "zip_id": "cheats_folder_tgfx16"}, "Cheats/TGFX16/Zero4 Champ (Japan) (v1.5) [B77F2E2F].zip": {"hash": "8ec5b8819bb600c5e56e1f4687426e95", "size": 294, "tags": [2, 15], "zip_id": "cheats_folder_tgfx16"}, "Cheats/TGFX16/Zipang (Japan) [67AAB7A1].zip": {"hash": "5ac31fa0da824d111f9751f9dd0c228a", "size": 567, "tags": [2, 15], "zip_id": "cheats_folder_tgfx16"}}, "folders": {"Cheats": {"tags": [15], "zip_id": "cheats_folder_tgfx16"}, "Cheats/TGFX16": {"tags": [2, 15], "zip_id": "cheats_folder_tgfx16"}}}